-- phpMyAdmin SQL Dump
-- version 4.7.4
-- https://www.phpmyadmin.net/
--
-- Host: 127.0.0.1
-- Generation Time: Jan 19, 2024 at 04:44 AM
-- Server version: 10.1.29-MariaDB
-- PHP Version: 7.2.0

SET SQL_MODE = "NO_AUTO_VALUE_ON_ZERO";
SET AUTOCOMMIT = 0;
START TRANSACTION;
SET time_zone = "+00:00";


/*!40101 SET @OLD_CHARACTER_SET_CLIENT=@@CHARACTER_SET_CLIENT */;
/*!40101 SET @OLD_CHARACTER_SET_RESULTS=@@CHARACTER_SET_RESULTS */;
/*!40101 SET @OLD_COLLATION_CONNECTION=@@COLLATION_CONNECTION */;
/*!40101 SET NAMES utf8mb4 */;

--
-- Database: `testing_slvt`
--

-- --------------------------------------------------------

--
-- Table structure for table `auction_item`
--

CREATE TABLE `auction_item` (
  `AI_ID` bigint(20) NOT NULL,
  `AI_NAME` varchar(255) NOT NULL,
  `AI_PREFIX` varchar(255) NOT NULL,
  `AI_STATUS` int(11) NOT NULL,
  `AI_COUNTER` int(11) NOT NULL,
  `USER_ID` int(11) NOT NULL,
  `DATE_TIME` varchar(255) NOT NULL,
  `DATE` varchar(255) NOT NULL
) ENGINE=InnoDB DEFAULT CHARSET=latin1;

-- --------------------------------------------------------

--
-- Table structure for table `auction_item_bid_range`
--

CREATE TABLE `auction_item_bid_range` (
  `IBR_ID` bigint(20) NOT NULL,
  `IBR_AI_ID` int(11) NOT NULL,
  `IBR_AIC_ID` int(11) NOT NULL,
  `ITEM_FROM_PRICE` int(11) NOT NULL,
  `ITEM_TO_PRICE` int(11) NOT NULL,
  `MIN_BID_VALUE` int(11) NOT NULL,
  `USER_ID` int(11) NOT NULL,
  `DATE_TIME` varchar(255) NOT NULL,
  `DATE` varchar(255) NOT NULL
) ENGINE=InnoDB DEFAULT CHARSET=latin1;

-- --------------------------------------------------------

--
-- Table structure for table `auction_item_category`
--

CREATE TABLE `auction_item_category` (
  `AIC_ID` bigint(255) NOT NULL,
  `AIC_NAME` varchar(255) NOT NULL,
  `AI_ID` int(11) NOT NULL,
  `AIC_STATUS` int(11) NOT NULL
) ENGINE=InnoDB DEFAULT CHARSET=latin1;

--
-- Dumping data for table `auction_item_category`
--

INSERT INTO `auction_item_category` (`AIC_ID`, `AIC_NAME`, `AI_ID`, `AIC_STATUS`) VALUES
(1, 'Deity', 2, 1),
(2, 'Seva', 2, 1),
(3, 'Immersion', 2, 1),
(4, 'Procession', 2, 1);

-- --------------------------------------------------------

--
-- Table structure for table `auction_item_default_bid`
--

CREATE TABLE `auction_item_default_bid` (
  `IDB_ID` bigint(255) NOT NULL,
  `IDB_AI_ID` int(11) NOT NULL,
  `IDB_AIC_ID` int(11) NOT NULL,
  `DEFAULT_BID_VALUE` int(11) NOT NULL,
  `USER_ID` int(11) NOT NULL,
  `DATE_TIME` varchar(255) NOT NULL,
  `DATE` varchar(255) NOT NULL
) ENGINE=InnoDB DEFAULT CHARSET=latin1;

-- --------------------------------------------------------

--
-- Table structure for table `auction_item_list`
--

CREATE TABLE `auction_item_list` (
  `AIL_ID` bigint(255) NOT NULL,
  `AIL_NAME` varchar(255) NOT NULL,
  `AIL_NUMBER` varchar(255) NOT NULL,
  `AIL_EMAIL` varchar(255) DEFAULT NULL,
  `AIL_ADDRESS` varchar(255) DEFAULT NULL,
  `AIL_EVENT_NAME` varchar(255) NOT NULL,
  `AIL_EVENT_ID` int(11) NOT NULL,
  `ITEM_REF_NO` varchar(255) NOT NULL,
  `AIL_ITEM_STATUS` int(11) NOT NULL,
  `AIL_ITEM_ID` int(11) NOT NULL,
  `AIL_ITEM_NAME` varchar(255) NOT NULL,
  `AIL_AIC_ID` int(11) DEFAULT NULL,
  `AIL_AIC_NAME` varchar(255) DEFAULT NULL,
  `AIC_SEVA_DATE` varchar(255) DEFAULT NULL,
  `AIL_ITEM_DETAILS` varchar(255) DEFAULT NULL,
  `AIL_ITEM_PRICE` int(11) NOT NULL,
  `USER_ID` int(11) NOT NULL,
  `DATE_TIME` varchar(255) NOT NULL,
  `DATE` varchar(255) NOT NULL
) ENGINE=InnoDB DEFAULT CHARSET=latin1;

-- --------------------------------------------------------

--
-- Table structure for table `auction_receipt`
--

CREATE TABLE `auction_receipt` (
  `AR_ID` bigint(255) NOT NULL,
  `BIL_ID` bigint(255) NOT NULL,
  `AR_RECEIPT_NO` varchar(255) NOT NULL,
  `AR_RECEIPT_DATE` varchar(255) NOT NULL,
  `AR_ITEM_ID` int(11) NOT NULL,
  `AR_ITEM_NAME` varchar(255) NOT NULL,
  `AR_ITEM_DETAILS` varchar(255) NOT NULL,
  `AR_EVENT_NAME` varchar(255) NOT NULL,
  `AR_EVENT_ID` int(11) NOT NULL,
  `AR_NAME` varchar(255) NOT NULL,
  `AR_NUMBER` varchar(500) NOT NULL,
  `AR_EMAIL` varchar(255) NOT NULL,
  `AR_ADDRESS` varchar(255) NOT NULL,
  `AR_BID_PRICE` int(11) NOT NULL,
  `AR_PAYMENT_MODE` varchar(500) NOT NULL,
  `AR_CHEQUE_NO` varchar(500) NOT NULL,
  `AR_CHEQUE_DATE` varchar(500) NOT NULL,
  `AR_BANK_NAME` varchar(500) NOT NULL,
  `AR_BRANCH_NAME` varchar(500) NOT NULL,
  `AR_TRANSACTION_ID` varchar(500) NOT NULL,
  `USER_ID` int(11) NOT NULL,
  `DATE_TIME` varchar(255) NOT NULL,
  `ET_RECEIPT_ID` bigint(255) NOT NULL,
  `PRINT_STATUS` int(11) NOT NULL DEFAULT '0'
) ENGINE=InnoDB DEFAULT CHARSET=latin1;

-- --------------------------------------------------------

--
-- Table structure for table `bank`
--

CREATE TABLE `bank` (
  `BANK_ID` int(11) NOT NULL,
  `BANK_NAME` varchar(250) NOT NULL,
  `ACCOUNT_NO` varchar(250) NOT NULL,
  `BANK_BRANCH` varchar(250) NOT NULL,
  `BANK_LOCATION` varchar(250) NOT NULL,
  `BANK_IFSC_CODE` varchar(250) NOT NULL
) ENGINE=InnoDB DEFAULT CHARSET=latin1;

-- --------------------------------------------------------

--
-- Table structure for table `bank_ledger_allocation`
--

CREATE TABLE `bank_ledger_allocation` (
  `BLA_ID` int(255) NOT NULL,
  `BANK_FGLH_ID` int(255) NOT NULL,
  `LEDGER_FGLH_ID` int(255) NOT NULL
) ENGINE=InnoDB DEFAULT CHARSET=latin1;

-- --------------------------------------------------------

--
-- Table structure for table `based_on_moon`
--

CREATE TABLE `based_on_moon` (
  `BOM_ID` int(11) NOT NULL,
  `BOM_NAME` varchar(20) NOT NULL,
  `BOM_CODE` varchar(5) NOT NULL
) ENGINE=InnoDB DEFAULT CHARSET=latin1;

--
-- Dumping data for table `based_on_moon`
--

INSERT INTO `based_on_moon` (`BOM_ID`, `BOM_NAME`, `BOM_CODE`) VALUES
(1, 'Shuddha', 'SH'),
(2, 'Bahula', 'BH');

-- --------------------------------------------------------

--
-- Table structure for table `bid_item_list`
--

CREATE TABLE `bid_item_list` (
  `BIL_ID` bigint(255) NOT NULL,
  `BID_REF_NO` varchar(255) NOT NULL,
  `AIL_ID` bigint(255) NOT NULL,
  `ITEM_REF_NO` varchar(255) NOT NULL,
  `BIL_ITEM_ID` int(11) NOT NULL,
  `BIL_ITEM_NAME` varchar(255) NOT NULL,
  `BIL_ITEM_DETAILS` varchar(255) NOT NULL,
  `BIL_EVENT_NAME` varchar(255) NOT NULL,
  `BIL_EVENT_ID` int(11) NOT NULL,
  `BIL_NAME` varchar(255) NOT NULL,
  `BIL_NUMBER` bigint(11) NOT NULL,
  `BIL_EMAIL` varchar(255) NOT NULL,
  `BIL_ADDRESS` varchar(255) NOT NULL,
  `BIL_BID_PRICE` int(11) NOT NULL,
  `USER_ID` int(11) NOT NULL,
  `DATE_TIME` varchar(255) NOT NULL,
  `DATE` varchar(255) NOT NULL,
  `PRINT_STATUS` int(11) NOT NULL DEFAULT '0'
) ENGINE=InnoDB DEFAULT CHARSET=latin1;

-- --------------------------------------------------------

--
-- Table structure for table `bid_reference_counter`
--

CREATE TABLE `bid_reference_counter` (
  `BRC_ID` int(11) NOT NULL,
  `BRC_COUNTER` int(11) NOT NULL
) ENGINE=InnoDB DEFAULT CHARSET=latin1;

--
-- Dumping data for table `bid_reference_counter`
--

INSERT INTO `bid_reference_counter` (`BRC_ID`, `BRC_COUNTER`) VALUES
(1, 0);

-- --------------------------------------------------------

--
-- Table structure for table `booking_ac`
--

CREATE TABLE `booking_ac` (
  `DAYS` varchar(100) NOT NULL
) ENGINE=InnoDB DEFAULT CHARSET=latin1;

--
-- Dumping data for table `booking_ac`
--

INSERT INTO `booking_ac` (`DAYS`) VALUES
('15');

-- --------------------------------------------------------

--
-- Table structure for table `booking_hall`
--

CREATE TABLE `booking_hall` (
  `DAYS` varchar(100) NOT NULL
) ENGINE=InnoDB DEFAULT CHARSET=latin1;

--
-- Dumping data for table `booking_hall`
--

INSERT INTO `booking_hall` (`DAYS`) VALUES
('15');

-- --------------------------------------------------------

--
-- Table structure for table `calendar`
--

CREATE TABLE `calendar` (
  `CAL_ID` int(11) NOT NULL,
  `CAL_START_DATE` varchar(24) NOT NULL,
  `CAL_END_DATE` varchar(24) NOT NULL,
  `CAL_ROI` int(11) NOT NULL,
  `DATE` varchar(255) NOT NULL,
  `DATE_TIME` varchar(255) NOT NULL,
  `ADDED_BY` varchar(1000) NOT NULL
) ENGINE=InnoDB DEFAULT CHARSET=latin1;

--
-- Dumping data for table `calendar`
--

INSERT INTO `calendar` (`CAL_ID`, `CAL_START_DATE`, `CAL_END_DATE`, `CAL_ROI`, `DATE`, `DATE_TIME`, `ADDED_BY`) VALUES
(1, '01-04-2019', '31-03-2020', 5, '12-02-2020', '12-02-2020 15:36:41 PM', '26'),
(2, '01-04-2020', '31-03-2021', 5, '28-03-2020', '28-03-2020 10:59:56 AM', '32'),
(3, '01-04-2021', '31-03-2022', 5, '07-04-2020', '07-04-2020 12:48:20 PM', '32'),
(4, '01-04-2022', '31-03-2023', 5, '15-03-2021', '15-03-2021 17:19:20 PM', '26'),
(5, '01-04-2023', '31-03-2024', 5, '21-03-2023', '21-03-2023 19:04:18 PM', '32'),
(6, '01-04-2024', '31-03-2025', 5, '27-03-2023', '27-03-2023 18:03:25 PM', '26');

-- --------------------------------------------------------

--
-- Table structure for table `calendar_year_breakup`
--

CREATE TABLE `calendar_year_breakup` (
  `CAL_YEAR_ID` bigint(11) NOT NULL,
  `CAL_ID` int(11) NOT NULL,
  `ENG_DATE` varchar(24) NOT NULL,
  `SAMVATSARA` varchar(20) NOT NULL,
  `THITHI_SHORT_CODE` varchar(24) NOT NULL,
  `THITHI_NAME` varchar(20) NOT NULL,
  `BASED_ON_MOON` varchar(255) NOT NULL,
  `MASA` varchar(255) NOT NULL,
  `STAR` varchar(255) NOT NULL,
  `DAY` varchar(255) NOT NULL,
  `DUPLICATE` int(11) NOT NULL,
  `DEACTIVE_STATUS` int(255) NOT NULL
) ENGINE=InnoDB DEFAULT CHARSET=latin1;

--
-- Dumping data for table `calendar_year_breakup`
--

INSERT INTO `calendar_year_breakup` (`CAL_YEAR_ID`, `CAL_ID`, `ENG_DATE`, `SAMVATSARA`, `THITHI_SHORT_CODE`, `THITHI_NAME`, `BASED_ON_MOON`, `MASA`, `STAR`, `DAY`, `DUPLICATE`, `DEACTIVE_STATUS`) VALUES
(1, 1, '01-04-2019', 'VILAMBI', 'PHABH12', 'DWADASHI', 'BAHULA', 'PHALGUNA', 'DHANISHTA', 'MON', 0, 0),
(2, 1, '02-04-2019', 'VILAMBI', 'PHABH12', 'DWADASHI', 'BAHULA', 'PHALGUNA', 'SHRAVANA', 'TUE', 0, 0),
(3, 1, '03-04-2019', 'VILAMBI', 'PHABH13', 'TRAYODASHI', 'BAHULA', 'PHALGUNA', 'POORVA BHADRA', 'WED', 0, 0),
(4, 1, '04-04-2019', 'VILAMBI', 'PHABH14', 'CHATURDASHI', 'BAHULA', 'PHALGUNA', 'UTTARA BHADRA', 'THU', 0, 0),
(5, 1, '05-04-2019', 'VILAMBI', 'PHABH30', 'AMAVASYA', 'BAHULA', 'PHALGUNA', 'REVATHI', 'FRI', 0, 0),
(6, 1, '06-04-2019', 'VIKARI', 'CHASH01', 'PADYA', 'SHUDDHA', 'CHAITRA', 'REVATHI', 'SAT', 0, 0),
(7, 1, '07-04-2019', 'VIKARI', 'CHASH02', 'BIDIGE', 'SHUDDHA', 'CHAITRA', 'ASHWINI', 'SUN', 0, 0),
(8, 1, '08-04-2019', 'VIKARI', 'CHASH03', 'TADIGE', 'SHUDDHA', 'CHAITRA', 'BHARANI', 'MON', 0, 0),
(9, 1, '09-04-2019', 'VIKARI', 'CHASH04', 'CHOWTHI', 'SHUDDHA', 'CHAITRA', 'KRITHIKA', 'TUE', 0, 0),
(10, 1, '10-04-2019', 'VIKARI', 'CHASH05', 'PANCHAMI', 'SHUDDHA', 'CHAITRA', 'ROHINI', 'WED', 0, 0),
(11, 1, '11-04-2019', 'VIKARI', 'CHASH06', 'SHASHTHI', 'SHUDDHA', 'CHAITRA', 'MRIGASHIRA', 'THU', 0, 0),
(12, 1, '12-04-2019', 'VIKARI', 'CHASH07', 'SAPTAMI', 'SHUDDHA', 'CHAITRA', 'ARDRA', 'FRI', 0, 0),
(13, 1, '13-04-2019', 'VIKARI', 'CHASH08', 'ASHTAMI', 'SHUDDHA', 'CHAITRA', 'PUNARVASU', 'SAT', 0, 0),
(14, 1, '14-04-2019', 'VIKARI', 'CHASH09', 'NAVAMI', 'SHUDDHA', 'CHAITRA', 'PUSHYA,ASHLESHA', 'SUN', 0, 0),
(15, 1, '15-04-2019', 'VIKARI', 'CHASH10', 'DASHAMI', 'SHUDDHA', 'CHAITRA', 'ASHLESHA,MAGHA', 'MON', -1, 0),
(16, 1, '15-04-2019', 'VIKARI', 'CHASH11', 'EKADASHI', 'SHUDDHA', 'CHAITRA', 'ASHLESHA,MAGHA', 'MON', 15, 0),
(17, 1, '16-04-2019', 'VIKARI', 'CHASH12', 'DWADASHI', 'SHUDDHA', 'CHAITRA', 'HUBHA', 'TUE', 0, 0),
(18, 1, '17-04-2019', 'VIKARI', 'CHASH13', 'TRAYODASHI', 'SHUDDHA', 'CHAITRA', 'UTTARA', 'WED', 0, 0),
(19, 1, '18-04-2019', 'VIKARI', 'CHASH14', 'CHATURDASHI', 'SHUDDHA', 'CHAITRA', 'HASTA', 'THU', 0, 0),
(20, 1, '19-04-2019', 'VIKARI', 'CHASH15', 'HUNNIME', 'SHUDDHA', 'CHAITRA', 'CHITRA', 'FRI', 0, 0),
(21, 1, '20-04-2019', 'VIKARI', 'CHABH01', 'PADYA', 'BAHULA', 'CHAITRA', 'SWATI', 'SAT', 0, 0),
(22, 1, '21-04-2019', 'VIKARI', 'CHABH02', 'BIDIGE', 'BAHULA', 'CHAITRA', 'VISHAKHA', 'SUN', 0, 0),
(23, 1, '22-04-2019', 'VIKARI', 'CHABH03', 'TADIGE', 'BAHULA', 'CHAITRA', 'ANURADHA', 'MON', 0, 0),
(24, 1, '23-04-2019', 'VIKARI', 'CHABH04', 'CHOWTHI', 'BAHULA', 'CHAITRA', 'JYESHTHA', 'TUE', 0, 0),
(25, 1, '24-04-2019', 'VIKARI', 'CHABH05', 'PANCHAMI', 'BAHULA', 'CHAITRA', 'MOOLA', 'WED', 0, 0),
(26, 1, '25-04-2019', 'VIKARI', 'CHABH06', 'SHASHTHI', 'BAHULA', 'CHAITRA', 'PURVA ASHADHA', 'THU', 0, 0),
(27, 1, '26-04-2019', 'VIKARI', 'CHABH07', 'SAPTAMI', 'BAHULA', 'CHAITRA', 'UTTARA ASHADHA', 'FRI', 0, 0),
(28, 1, '27-04-2019', 'VIKARI', 'CHABH08', 'ASHTAMI', 'BAHULA', 'CHAITRA', 'SHRAVANA', 'SAT', 0, 0),
(29, 1, '28-04-2019', 'VIKARI', 'CHABH09', 'NAVAMI', 'BAHULA', 'CHAITRA', 'DHANISHTA', 'SUN', 0, 0),
(30, 1, '29-04-2019', 'VIKARI', 'CHABH10', 'DASHAMI', 'BAHULA', 'CHAITRA', 'SHATABHISHA', 'MON', 0, 0),
(31, 1, '30-04-2019', 'VIKARI', 'CHABH11', 'EKADASHI', 'BAHULA', 'CHAITRA', 'SHATABHISHA', 'TUE', 0, 0),
(32, 1, '01-05-2019', 'VIKARI', 'CHABH12', 'DWADASHI', 'BAHULA', 'CHAITRA', 'POORVA BHADRA', 'WED', 0, 0),
(33, 1, '02-05-2019', 'VIKARI', 'CHABH13', 'TRAYODASHI', 'BAHULA', 'CHAITRA', 'UTTARA BHADRA', 'THU', 0, 0),
(34, 1, '03-05-2019', 'VIKARI', 'CHABH14', 'CHATURDASHI', 'BAHULA', 'CHAITRA', 'REVATHI', 'FRI', 0, 0),
(35, 1, '04-05-2019', 'VIKARI', 'CHABH30', 'AMAVASYA', 'BAHULA', 'CHAITRA', 'ASHWINI', 'SAT', 0, 0),
(36, 1, '05-05-2019', 'VIKARI', 'VAISH01', 'PADYA', 'SHUDDHA', 'VAISHAKHA', 'BHARANI', 'SUN', 0, 0),
(37, 1, '06-05-2019', 'VIKARI', 'VAISH02', 'BIDIGE', 'SHUDDHA', 'VAISHAKHA', 'KRITHIKA', 'MON', 0, 0),
(38, 1, '07-05-2019', 'VIKARI', 'VAISH03', 'TADIGE', 'SHUDDHA', 'VAISHAKHA', 'ROHINI', 'TUE', 0, 0),
(39, 1, '08-05-2019', 'VIKARI', 'VAISH04', 'CHOWTHI', 'SHUDDHA', 'VAISHAKHA', 'MRIGASHIRA', 'WED', 0, 0),
(40, 1, '09-05-2019', 'VIKARI', 'VAISH05', 'PANCHAMI', 'SHUDDHA', 'VAISHAKHA', 'ARDRA', 'THU', 0, 0),
(41, 1, '10-05-2019', 'VIKARI', 'VAISH06', 'SHASHTHI', 'SHUDDHA', 'VAISHAKHA', 'PUNARVASU', 'FRI', 0, 0),
(42, 1, '11-05-2019', 'VIKARI', 'VAISH07', 'SAPTAMI', 'SHUDDHA', 'VAISHAKHA', 'PUSHYA', 'SAT', 0, 0),
(43, 1, '12-05-2019', 'VIKARI', 'VAISH08', 'ASHTAMI', 'SHUDDHA', 'VAISHAKHA', 'ASHLESHA', 'SUN', 0, 0),
(44, 1, '13-05-2019', 'VIKARI', 'VAISH09', 'NAVAMI', 'SHUDDHA', 'VAISHAKHA', 'MAGHA', 'MON', 0, 0),
(45, 1, '14-05-2019', 'VIKARI', 'VAISH10', 'DASHAMI', 'SHUDDHA', 'VAISHAKHA', 'HUBHA', 'TUE', 0, 0),
(46, 1, '15-05-2019', 'VIKARI', 'VAISH11', 'EKADASHI', 'SHUDDHA', 'VAISHAKHA', 'UTTARA,HASTA', 'WED', 0, 0),
(47, 1, '16-05-2019', 'VIKARI', 'VAISH12', 'DWADASHI', 'SHUDDHA', 'VAISHAKHA', 'HASTA,CHITRA', 'THU', -1, 0),
(48, 1, '16-05-2019', 'VIKARI', 'VAISH13', 'TRAYODASHI', 'SHUDDHA', 'VAISHAKHA', 'HASTA,CHITRA', 'THU', 47, 0),
(49, 1, '17-05-2019', 'VIKARI', 'VAISH14', 'CHATURDASHI', 'SHUDDHA', 'VAISHAKHA', 'SWATI', 'FRI', 0, 0),
(50, 1, '18-05-2019', 'VIKARI', 'VAISH15', 'HUNNIME', 'SHUDDHA', 'VAISHAKHA', 'VISHAKHA', 'SAT', 0, 0),
(51, 1, '19-05-2019', 'VIKARI', 'VAIBH01', 'PADYA', 'BAHULA', 'VAISHAKHA', 'ANURADHA', 'SUN', 0, 0),
(52, 1, '20-05-2019', 'VIKARI', 'VAIBH02', 'BIDIGE', 'BAHULA', 'VAISHAKHA', 'JYESHTHA', 'MON', 0, 0),
(53, 1, '21-05-2019', 'VIKARI', 'VAIBH03', 'TADIGE', 'BAHULA', 'VAISHAKHA', 'MOOLA', 'TUE', 0, 0),
(54, 1, '22-05-2019', 'VIKARI', 'VAIBH04', 'CHOWTHI', 'BAHULA', 'VAISHAKHA', 'PURVA ASHADHA', 'WED', 0, 0),
(55, 1, '23-05-2019', 'VIKARI', 'VAIBH05', 'PANCHAMI', 'BAHULA', 'VAISHAKHA', 'UTTARA ASHADHA', 'THU', 0, 0),
(56, 1, '24-05-2019', 'VIKARI', 'VAIBH06', 'SHASHTHI', 'BAHULA', 'VAISHAKHA', 'UTTARA ASHADHA', 'FRI', 0, 0),
(57, 1, '25-05-2019', 'VIKARI', 'VAIBH06', 'SHASHTHI', 'BAHULA', 'VAISHAKHA', 'SHRAVANA', 'SAT', 0, 0),
(58, 1, '26-05-2019', 'VIKARI', 'VAIBH07', 'SAPTAMI', 'BAHULA', 'VAISHAKHA', 'DHANISHTA', 'SUN', 0, 0),
(59, 1, '27-05-2019', 'VIKARI', 'VAIBH08', 'ASHTAMI', 'BAHULA', 'VAISHAKHA', 'SHATABHISHA', 'MON', 0, 0),
(60, 1, '28-05-2019', 'VIKARI', 'VAIBH09', 'NAVAMI', 'BAHULA', 'VAISHAKHA', 'POORVA BHADRA', 'TUE', 0, 0),
(61, 1, '29-05-2019', 'VIKARI', 'VAIBH10', 'DASHAMI', 'BAHULA', 'VAISHAKHA', 'UTTARA BHADRA', 'WED', 0, 0),
(62, 1, '30-05-2019', 'VIKARI', 'VAIBH11', 'EKADASHI', 'BAHULA', 'VAISHAKHA', 'REVATHI', 'THU', 0, 0),
(63, 1, '31-05-2019', 'VIKARI', 'VAIBH12', 'DWADASHI', 'BAHULA', 'VAISHAKHA', 'ASHWINI', 'FRI', 0, 0),
(64, 1, '01-06-2019', 'VIKARI', 'VAIBH13', 'TRAYODASHI', 'BAHULA', 'VAISHAKHA', 'BHARANI', 'SAT', 0, 0),
(65, 1, '02-06-2019', 'VIKARI', 'VAIBH14', 'CHATURDASHI', 'BAHULA', 'VAISHAKHA', 'KRITHIKA', 'SUN', 0, 0),
(66, 1, '03-06-2019', 'VIKARI', 'VAIBH30', 'AMAVASYA', 'BAHULA', 'VAISHAKHA', 'ROHINI', 'MON', 0, 0),
(67, 1, '04-06-2019', 'VIKARI', 'JYESH01', 'PADYA', 'SHUDDHA', 'JYESTA', 'MRIGASHIRA', 'TUE', 0, 0),
(68, 1, '05-06-2019', 'VIKARI', 'JYESH02', 'BIDIGE', 'SHUDDHA', 'JYESTA', 'ARDRA', 'WED', 0, 0),
(69, 1, '06-06-2019', 'VIKARI', 'JYESH03', 'TADIGE', 'SHUDDHA', 'JYESTA', 'PUNARVASU', 'THU', 0, 0),
(70, 1, '07-06-2019', 'VIKARI', 'JYESH04', 'CHOWTHI', 'SHUDDHA', 'JYESTA', 'PUSHYA', 'FRI', -1, 0),
(71, 1, '07-06-2019', 'VIKARI', 'JYESH05', 'PANCHAMI', 'SHUDDHA', 'JYESTA', 'PUSHYA', 'FRI', 70, 0),
(72, 1, '08-06-2019', 'VIKARI', 'JYESH06', 'SHASHTHI', 'SHUDDHA', 'JYESTA', 'ASHLESHA', 'SAT', 0, 0),
(73, 1, '09-06-2019', 'VIKARI', 'JYESH07', 'SAPTAMI', 'SHUDDHA', 'JYESTA', 'MAGHA', 'SUN', 0, 0),
(74, 1, '10-06-2019', 'VIKARI', 'JYESH08', 'ASHTAMI', 'SHUDDHA', 'JYESTA', 'HUBHA', 'MON', 0, 0),
(75, 1, '11-06-2019', 'VIKARI', 'JYESH09', 'NAVAMI', 'SHUDDHA', 'JYESTA', 'UTTARA', 'TUE', 0, 0),
(76, 1, '12-06-2019', 'VIKARI', 'JYESH10', 'DASHAMI', 'SHUDDHA', 'JYESTA', 'HASTA', 'WED', 0, 0),
(77, 1, '13-06-2019', 'VIKARI', 'JYESH11', 'EKADASHI', 'SHUDDHA', 'JYESTA', 'CHITRA', 'THU', 0, 0),
(78, 1, '14-06-2019', 'VIKARI', 'JYESH12', 'DWADASHI', 'SHUDDHA', 'JYESTA', 'SWATI', 'FRI', 0, 0),
(79, 1, '15-06-2019', 'VIKARI', 'JYESH13', 'TRAYODASHI', 'SHUDDHA', 'JYESTA', 'VISHAKHA', 'SAT', 0, 0),
(80, 1, '16-06-2019', 'VIKARI', 'JYESH14', 'CHATURDASHI', 'SHUDDHA', 'JYESTA', 'ANURADHA', 'SUN', 0, 0),
(81, 1, '17-06-2019', 'VIKARI', 'JYESH15', 'HUNNIME', 'SHUDDHA', 'JYESTA', 'JYESHTHA', 'MON', 0, 0),
(82, 1, '18-06-2019', 'VIKARI', 'JYEBH01', 'PADYA', 'BAHULA', 'JYESTA', 'MOOLA', 'TUE', 0, 0),
(83, 1, '19-06-2019', 'VIKARI', 'JYEBH02', 'BIDIGE', 'BAHULA', 'JYESTA', 'PURVA ASHADHA', 'WED', 0, 0),
(84, 1, '20-06-2019', 'VIKARI', 'JYEBH03', 'TADIGE', 'BAHULA', 'JYESTA', 'UTTARA ASHADHA', 'THU', 0, 0),
(85, 1, '21-06-2019', 'VIKARI', 'JYEBH04', 'CHOWTHI', 'BAHULA', 'JYESTA', 'SHRAVANA', 'FRI', 0, 0),
(86, 1, '22-06-2019', 'VIKARI', 'JYEBH05', 'PANCHAMI', 'BAHULA', 'JYESTA', 'DHANISHTA', 'SAT', 0, 0),
(87, 1, '23-06-2019', 'VIKARI', 'JYEBH06', 'SHASHTHI', 'BAHULA', 'JYESTA', 'SHATABHISHA', 'SUN', 0, 0),
(88, 1, '24-06-2019', 'VIKARI', 'JYEBH07', 'SAPTAMI', 'BAHULA', 'JYESTA', 'POORVA BHADRA', 'MON', 0, 0),
(89, 1, '25-06-2019', 'VIKARI', 'JYEBH08', 'ASHTAMI', 'BAHULA', 'JYESTA', 'UTTARA BHADRA', 'TUE', 0, 0),
(90, 1, '26-06-2019', 'VIKARI', 'JYEBH09', 'NAVAMI', 'BAHULA', 'JYESTA', 'REVATHI', 'WED', 0, 0),
(91, 1, '27-06-2019', 'VIKARI', 'JYEBH10', 'DASHAMI', 'BAHULA', 'JYESTA', 'REVATHI', 'THU', 0, 0),
(92, 1, '28-06-2019', 'VIKARI', 'JYEBH10', 'DASHAMI', 'BAHULA', 'JYESTA', 'ASHWINI', 'FRI', 0, 0),
(93, 1, '29-06-2019', 'VIKARI', 'JYEBH11', 'EKADASHI', 'BAHULA', 'JYESTA', 'BHARANI', 'SAT', 0, 0),
(94, 1, '30-06-2019', 'VIKARI', 'JYEBH12', 'DWADASHI', 'BAHULA', 'JYESTA', 'KRITHIKA', 'SUN', -1, 0),
(95, 1, '30-06-2019', 'VIKARI', 'JYEBH13', 'TRAYODASHI', 'BAHULA', 'JYESTA', 'KRITHIKA', 'SUN', 94, 0),
(96, 1, '01-07-2019', 'VIKARI', 'JYEBH14', 'CHATURDASHI', 'BAHULA', 'JYESTA', 'ROHINI', 'MON', 0, 0),
(97, 1, '02-07-2019', 'VIKARI', 'JYEBH30', 'AMAVASYA', 'BAHULA', 'JYESTA', 'MRIGASHIRA', 'TUE', 0, 0),
(98, 1, '03-07-2019', 'VIKARI', 'ASDSH01', 'PADYA', 'SHUDDHA', 'ASHADA', 'ARDRA', 'WED', 0, 0),
(99, 1, '04-07-2019', 'VIKARI', 'ASDSH02', 'BIDIGE', 'SHUDDHA', 'ASHADA', 'PUNARVASU,PUSHYA', 'THU', 0, 0),
(100, 1, '05-07-2019', 'VIKARI', 'ASDSH03', 'TADIGE', 'SHUDDHA', 'ASHADA', 'ASHLESHA', 'FRI', 0, 0),
(101, 1, '06-07-2019', 'VIKARI', 'ASDSH04', 'CHOWTHI', 'SHUDDHA', 'ASHADA', 'MAGHA', 'SAT', 0, 0),
(102, 1, '07-07-2019', 'VIKARI', 'ASDSH05', 'PANCHAMI', 'SHUDDHA', 'ASHADA', 'HUBHA', 'SUN', 0, 0),
(103, 1, '08-07-2019', 'VIKARI', 'ASDSH06', 'SHASHTHI', 'SHUDDHA', 'ASHADA', 'UTTARA', 'MON', -1, 0),
(104, 1, '08-07-2019', 'VIKARI', 'ASDSH07', 'SAPTAMI', 'SHUDDHA', 'ASHADA', 'UTTARA', 'MON', 103, 0),
(105, 1, '09-07-2019', 'VIKARI', 'ASDSH08', 'ASHTAMI', 'SHUDDHA', 'ASHADA', 'HASTA', 'TUE', 0, 0),
(106, 1, '10-07-2019', 'VIKARI', 'ASDSH09', 'NAVAMI', 'SHUDDHA', 'ASHADA', 'CHITRA', 'WED', 0, 0),
(107, 1, '11-07-2019', 'VIKARI', 'ASDSH10', 'DASHAMI', 'SHUDDHA', 'ASHADA', 'SWATI', 'THU', 0, 0),
(108, 1, '12-07-2019', 'VIKARI', 'ASDSH11', 'EKADASHI', 'SHUDDHA', 'ASHADA', 'VISHAKHA', 'FRI', 0, 0),
(109, 1, '13-07-2019', 'VIKARI', 'ASDSH12', 'DWADASHI', 'SHUDDHA', 'ASHADA', 'ANURADHA', 'SAT', 0, 0),
(110, 1, '14-07-2019', 'VIKARI', 'ASDSH13', 'TRAYODASHI', 'SHUDDHA', 'ASHADA', 'JYESHTHA', 'SUN', 0, 0),
(111, 1, '15-07-2019', 'VIKARI', 'ASDSH14', 'CHATURDASHI', 'SHUDDHA', 'ASHADA', 'MOOLA', 'MON', 0, 0),
(112, 1, '16-07-2019', 'VIKARI', 'ASDSH15', 'HUNNIME', 'SHUDDHA', 'ASHADA', 'PURVA ASHADHA', 'TUE', 0, 0),
(113, 1, '17-07-2019', 'VIKARI', 'ASDBH01', 'PADYA', 'BAHULA', 'ASHADA', 'UTTARA ASHADHA', 'WED', 0, 0),
(114, 1, '18-07-2019', 'VIKARI', 'ASDBH02', 'BIDIGE', 'BAHULA', 'ASHADA', 'SHRAVANA', 'THU', 0, 0),
(115, 1, '19-07-2019', 'VIKARI', 'ASDBH02', 'BIDIGE', 'BAHULA', 'ASHADA', 'DHANISHTA', 'FRI', 0, 0),
(116, 1, '20-07-2019', 'VIKARI', 'ASDBH03', 'TADIGE', 'BAHULA', 'ASHADA', 'SHATABHISHA', 'SAT', 0, 0),
(117, 1, '21-07-2019', 'VIKARI', 'ASDBH04', 'CHOWTHI', 'BAHULA', 'ASHADA', 'SHATABHISHA', 'SUN', 0, 0),
(118, 1, '22-07-2019', 'VIKARI', 'ASDBH05', 'PANCHAMI', 'BAHULA', 'ASHADA', 'POORVA BHADRA', 'MON', 0, 0),
(119, 1, '23-07-2019', 'VIKARI', 'ASDBH06', 'SHASHTHI', 'BAHULA', 'ASHADA', 'UTTARA BHADRA', 'TUE', 0, 0),
(120, 1, '24-07-2019', 'VIKARI', 'ASDBH07', 'SAPTAMI', 'BAHULA', 'ASHADA', 'REVATHI', 'WED', 0, 0),
(121, 1, '25-07-2019', 'VIKARI', 'ASDBH08', 'ASHTAMI', 'BAHULA', 'ASHADA', 'ASHWINI', 'THU', 0, 0),
(122, 1, '26-07-2019', 'VIKARI', 'ASDBH09', 'NAVAMI', 'BAHULA', 'ASHADA', 'BHARANI', 'FRI', 0, 0),
(123, 1, '27-07-2019', 'VIKARI', 'ASDBH10', 'DASHAMI', 'BAHULA', 'ASHADA', 'KRITHIKA', 'SAT', 0, 0),
(124, 1, '28-07-2019', 'VIKARI', 'ASDBH11', 'EKADASHI', 'BAHULA', 'ASHADA', 'ROHINI', 'SUN', 0, 0),
(125, 1, '29-07-2019', 'VIKARI', 'ASDBH12', 'DWADASHI', 'BAHULA', 'ASHADA', 'MRIGASHIRA', 'MON', 0, 0),
(126, 1, '30-07-2019', 'VIKARI', 'ASDBH13', 'TRAYODASHI', 'BAHULA', 'ASHADA', 'ARDRA', 'TUE', 0, 0),
(127, 1, '31-07-2019', 'VIKARI', 'ASDBH14', 'CHATURDASHI', 'BAHULA', 'ASHADA', 'PUNARVASU', 'WED', 0, 0),
(128, 1, '01-08-2019', 'VIKARI', 'ASDBH30', 'AMAVASYA', 'BAHULA', 'ASHADA', 'PUSHYA', 'THU', -1, 0),
(129, 1, '01-08-2019', 'VIKARI', 'ASDBH01', 'PADYA', 'BAHULA', 'ASHADA', 'PUSHYA', 'THU', 128, 0),
(130, 1, '02-08-2019', 'VIKARI', 'SHRSH02', 'BIDIGE', 'SHUDDHA', 'SHRAVANA', 'ASHLESHA', 'FRI', 0, 0),
(131, 1, '03-08-2019', 'VIKARI', 'SHRSH03', 'TADIGE', 'SHUDDHA', 'SHRAVANA', 'MAGHA,HUBHA', 'SAT', 0, 0),
(132, 1, '04-08-2019', 'VIKARI', 'SHRSH04', 'CHOWTHI', 'SHUDDHA', 'SHRAVANA', 'UTTARA', 'SUN', 0, 0),
(133, 1, '05-08-2019', 'VIKARI', 'SHRSH05', 'PANCHAMI', 'SHUDDHA', 'SHRAVANA', 'HASTA', 'MON', 0, 0),
(134, 1, '06-08-2019', 'VIKARI', 'SHRSH06', 'SHASHTHI', 'SHUDDHA', 'SHRAVANA', 'CHITRA', 'TUE', 0, 0),
(135, 1, '07-08-2019', 'VIKARI', 'SHRSH07', 'SAPTAMI', 'SHUDDHA', 'SHRAVANA', 'SWATI', 'WED', 0, 0),
(136, 1, '08-08-2019', 'VIKARI', 'SHRSH08', 'ASHTAMI', 'SHUDDHA', 'SHRAVANA', 'VISHAKHA', 'THU', 0, 0),
(137, 1, '09-08-2019', 'VIKARI', 'SHRSH09', 'NAVAMI', 'SHUDDHA', 'SHRAVANA', 'ANURADHA', 'FRI', 0, 0),
(138, 1, '10-08-2019', 'VIKARI', 'SHRSH10', 'DASHAMI', 'SHUDDHA', 'SHRAVANA', 'JYESHTHA', 'SAT', 0, 0),
(139, 1, '11-08-2019', 'VIKARI', 'SHRSH11', 'EKADASHI', 'SHUDDHA', 'SHRAVANA', 'MOOLA', 'SUN', 0, 0),
(140, 1, '12-08-2019', 'VIKARI', 'SHRSH12', 'DWADASHI', 'SHUDDHA', 'SHRAVANA', 'PURVA ASHADHA', 'MON', 0, 0),
(141, 1, '13-08-2019', 'VIKARI', 'SHRSH13', 'TRAYODASHI', 'SHUDDHA', 'SHRAVANA', 'UTTARA ASHADHA', 'TUE', 0, 0),
(142, 1, '14-08-2019', 'VIKARI', 'SHRSH14', 'CHATURDASHI', 'SHUDDHA', 'SHRAVANA', 'SHRAVANA', 'WED', 0, 0),
(143, 1, '15-08-2019', 'VIKARI', 'SHRSH15', 'HUNNIME', 'SHUDDHA', 'SHRAVANA', 'SHRAVANA', 'THU', 0, 0),
(144, 1, '16-08-2019', 'VIKARI', 'SHRBH01', 'PADYA', 'BAHULA', 'SHRAVANA', 'DHANISHTA', 'FRI', 0, 0),
(145, 1, '17-08-2019', 'VIKARI', 'SHRBH02', 'BIDIGE', 'BAHULA', 'SHRAVANA', 'SHATABHISHA', 'SAT', 0, 0),
(146, 1, '18-08-2019', 'VIKARI', 'SHRBH03', 'TADIGE', 'BAHULA', 'SHRAVANA', 'POORVA BHADRA', 'SUN', 0, 0),
(147, 1, '19-08-2019', 'VIKARI', 'SHRBH04', 'CHOWTHI', 'BAHULA', 'SHRAVANA', 'UTTARA BHADRA', 'MON', 0, 0),
(148, 1, '20-08-2019', 'VIKARI', 'SHRBH05', 'PANCHAMI', 'BAHULA', 'SHRAVANA', 'REVATHI', 'TUE', 0, 0),
(149, 1, '21-08-2019', 'VIKARI', 'SHRBH06', 'SHASHTHI', 'BAHULA', 'SHRAVANA', 'ASHWINI', 'WED', 0, 0),
(150, 1, '22-08-2019', 'VIKARI', 'SHRBH06', 'SHASHTHI', 'BAHULA', 'SHRAVANA', 'BHARANI', 'THU', 0, 0),
(151, 1, '23-08-2019', 'VIKARI', 'SHRBH07', 'SAPTAMI', 'BAHULA', 'SHRAVANA', 'KRITHIKA', 'FRI', 0, 0),
(152, 1, '24-08-2019', 'VIKARI', 'SHRBH08', 'ASHTAMI', 'BAHULA', 'SHRAVANA', 'ROHINI', 'SAT', 0, 0),
(153, 1, '25-08-2019', 'VIKARI', 'SHRBH09', 'NAVAMI', 'BAHULA', 'SHRAVANA', 'MRIGASHIRA', 'SUN', 0, 0),
(154, 1, '26-08-2019', 'VIKARI', 'SHRBH10', 'DASHAMI', 'BAHULA', 'SHRAVANA', 'ARDRA', 'MON', 0, 0),
(155, 1, '27-08-2019', 'VIKARI', 'SHRBH11', 'EKADASHI', 'BAHULA', 'SHRAVANA', 'PUNARVASU', 'TUE', 0, 0),
(156, 1, '28-08-2019', 'VIKARI', 'SHRBH12', 'DWADASHI', 'BAHULA', 'SHRAVANA', 'PUSHYA', 'WED', -1, 0),
(157, 1, '28-08-2019', 'VIKARI', 'SHRBH13', 'TRAYODASHI', 'BAHULA', 'SHRAVANA', 'PUSHYA', 'WED', 156, 0),
(158, 1, '29-08-2019', 'VIKARI', 'SHRBH14', 'CHATURDASHI', 'BAHULA', 'SHRAVANA', 'ASHLESHA', 'THU', 0, 0),
(159, 1, '30-08-2019', 'VIKARI', 'SHRBH30', 'AMAVASYA', 'BAHULA', 'SHRAVANA', 'MAGHA', 'FRI', 0, 0),
(160, 1, '31-08-2019', 'VIKARI', 'BHASH01', 'PADYA', 'SHUDDHA', 'BHADRAPADA', 'HUBHA', 'SAT', 0, 0),
(161, 1, '01-09-2019', 'VIKARI', 'BHASH02', 'BIDIGE', 'SHUDDHA', 'BHADRAPADA', 'UTTARA', 'SUN', 0, 0),
(162, 1, '02-09-2019', 'VIKARI', 'BHASH03', 'TADIGE', 'SHUDDHA', 'BHADRAPADA', 'HASTA', 'MON', -1, 0),
(163, 1, '02-09-2019', 'VIKARI', 'BHASH04', 'CHOWTHI', 'SHUDDHA', 'BHADRAPADA', 'HASTA', 'MON', 162, 0),
(164, 1, '03-09-2019', 'VIKARI', 'BHASH05', 'PANCHAMI', 'SHUDDHA', 'BHADRAPADA', 'CHITRA,SWATI', 'TUE', 0, 0),
(165, 1, '04-09-2019', 'VIKARI', 'BHASH06', 'SHASHTHI', 'SHUDDHA', 'BHADRAPADA', 'VISHAKHA', 'WED', 0, 0),
(166, 1, '05-09-2019', 'VIKARI', 'BHASH07', 'SAPTAMI', 'SHUDDHA', 'BHADRAPADA', 'ANURADHA', 'THU', 0, 0),
(167, 1, '06-09-2019', 'VIKARI', 'BHASH08', 'ASHTAMI', 'SHUDDHA', 'BHADRAPADA', 'JYESHTHA', 'FRI', 0, 0),
(168, 1, '07-09-2019', 'VIKARI', 'BHASH09', 'NAVAMI', 'SHUDDHA', 'BHADRAPADA', 'MOOLA', 'SAT', 0, 0),
(169, 1, '08-09-2019', 'VIKARI', 'BHASH10', 'DASHAMI', 'SHUDDHA', 'BHADRAPADA', 'MOOLA', 'SUN', 0, 0),
(170, 1, '09-09-2019', 'VIKARI', 'BHASH11', 'EKADASHI', 'SHUDDHA', 'BHADRAPADA', 'PURVA ASHADHA', 'MON', 0, 0),
(171, 1, '10-09-2019', 'VIKARI', 'BHASH12', 'DWADASHI', 'SHUDDHA', 'BHADRAPADA', 'UTTARA ASHADHA', 'TUE', 0, 0),
(172, 1, '11-09-2019', 'VIKARI', 'BHASH13', 'TRAYODASHI', 'SHUDDHA', 'BHADRAPADA', 'SHRAVANA', 'WED', 0, 0),
(173, 1, '12-09-2019', 'VIKARI', 'BHASH14', 'CHATURDASHI', 'SHUDDHA', 'BHADRAPADA', 'DHANISHTA', 'THU', 0, 0),
(174, 1, '13-09-2019', 'VIKARI', 'BHASH14', 'CHATURDASHI', 'SHUDDHA', 'BHADRAPADA', 'SHATABHISHA', 'FRI', 0, 0),
(175, 1, '14-09-2019', 'VIKARI', 'BHASH15', 'HUNNIME', 'SHUDDHA', 'BHADRAPADA', 'POORVA BHADRA', 'SAT', 0, 0),
(176, 1, '15-09-2019', 'VIKARI', 'BHABH01', 'PADYA', 'BAHULA', 'BHADRAPADA', 'UTTARA BHADRA', 'SUN', 0, 0),
(177, 1, '16-09-2019', 'VIKARI', 'BHABH02', 'BIDIGE', 'BAHULA', 'BHADRAPADA', 'REVATHI', 'MON', 0, 0),
(178, 1, '17-09-2019', 'VIKARI', 'BHABH03', 'TADIGE', 'BAHULA', 'BHADRAPADA', 'ASHWINI', 'TUE', 0, 0),
(179, 1, '18-09-2019', 'VIKARI', 'BHABH04', 'CHOWTHI', 'BAHULA', 'BHADRAPADA', 'ASHWINI', 'WED', 0, 0),
(180, 1, '19-09-2019', 'VIKARI', 'BHABH05', 'PANCHAMI', 'BAHULA', 'BHADRAPADA', 'BHARANI', 'THU', 0, 0),
(181, 1, '20-09-2019', 'VIKARI', 'BHABH06', 'SHASHTHI', 'BAHULA', 'BHADRAPADA', 'KRITHIKA', 'FRI', 0, 0),
(182, 1, '21-09-2019', 'VIKARI', 'BHABH07', 'SAPTAMI', 'BAHULA', 'BHADRAPADA', 'ROHINI', 'SAT', 0, 0),
(183, 1, '22-09-2019', 'VIKARI', 'BHABH08', 'ASHTAMI', 'BAHULA', 'BHADRAPADA', 'MRIGASHIRA', 'SUN', 0, 0),
(184, 1, '23-09-2019', 'VIKARI', 'BHABH09', 'NAVAMI', 'BAHULA', 'BHADRAPADA', 'ARDRA', 'MON', 0, 0),
(185, 1, '24-09-2019', 'VIKARI', 'BHABH10', 'DASHAMI', 'BAHULA', 'BHADRAPADA', 'PUNARVASU', 'TUE', 0, 0),
(186, 1, '25-09-2019', 'VIKARI', 'BHABH11', 'EKADASHI', 'BAHULA', 'BHADRAPADA', 'PUSHYA,ASHLESHA', 'WED', 0, 0),
(187, 1, '26-09-2019', 'VIKARI', 'BHABH12', 'DWADASHI', 'BAHULA', 'BHADRAPADA', 'ASHLESHA,MAGHA', 'THU', 0, 0),
(188, 1, '27-09-2019', 'VIKARI', 'BHABH13', 'TRAYODASHI', 'BAHULA', 'BHADRAPADA', 'MAGHA,HUBHA', 'FRI', -1, 0),
(189, 1, '27-09-2019', 'VIKARI', 'BHABH14', 'CHATURDASHI', 'BAHULA', 'BHADRAPADA', 'MAGHA,HUBHA', 'FRI', 188, 0),
(190, 1, '28-09-2019', 'VIKARI', 'BHABH14', 'CHATURDASHI', 'BAHULA', 'BHADRAPADA', 'UTTARA', 'SAT', -1, 0),
(191, 1, '28-09-2019', 'VIKARI', 'BHABH30', 'AMAVASYA', 'BAHULA', 'BHADRAPADA', 'UTTARA', 'SAT', 190, 0),
(192, 1, '29-09-2019', 'VIKARI', 'ASWSH01', 'PADYA', 'SHUDDHA', 'ASHWIJA', 'HASTA', 'SUN', 0, 0),
(193, 1, '30-09-2019', 'VIKARI', 'ASWSH02', 'BIDIGE', 'SHUDDHA', 'ASHWIJA', 'CHITRA', 'MON', 0, 0),
(194, 1, '01-10-2019', 'VIKARI', 'ASWSH03', 'TADIGE', 'SHUDDHA', 'ASHWIJA', 'SWATI', 'TUE', 0, 0),
(195, 1, '02-10-2019', 'VIKARI', 'ASWSH04', 'CHOWTHI', 'SHUDDHA', 'ASHWIJA', 'VISHAKHA', 'WED', 0, 0),
(196, 1, '03-10-2019', 'VIKARI', 'ASWSH05', 'PANCHAMI', 'SHUDDHA', 'ASHWIJA', 'ANURADHA', 'THU', 0, 0),
(197, 1, '04-10-2019', 'VIKARI', 'ASWSH06', 'SHASHTHI', 'SHUDDHA', 'ASHWIJA', 'JYESHTHA', 'FRI', 0, 0),
(198, 1, '05-10-2019', 'VIKARI', 'ASWSH07', 'SAPTAMI', 'SHUDDHA', 'ASHWIJA', 'MOOLA', 'SAT', 0, 0),
(199, 1, '06-10-2019', 'VIKARI', 'ASWSH08', 'ASHTAMI', 'SHUDDHA', 'ASHWIJA', 'PURVA ASHADHA', 'SUN', 0, 0),
(200, 1, '07-10-2019', 'VIKARI', 'ASWSH09', 'NAVAMI', 'SHUDDHA', 'ASHWIJA', 'UTTARA ASHADHA', 'MON', 0, 0),
(201, 1, '08-10-2019', 'VIKARI', 'ASWSH10', 'DASHAMI', 'SHUDDHA', 'ASHWIJA', 'SHRAVANA', 'TUE', 0, 0),
(202, 1, '09-10-2019', 'VIKARI', 'ASWSH11', 'EKADASHI', 'SHUDDHA', 'ASHWIJA', 'DHANISHTA', 'WED', 0, 0),
(203, 1, '10-10-2019', 'VIKARI', 'ASWSH12', 'DWADASHI', 'SHUDDHA', 'ASHWIJA', 'SHATABHISHA', 'THU', 0, 0),
(204, 1, '11-10-2019', 'VIKARI', 'ASWSH13', 'TRAYODASHI', 'SHUDDHA', 'ASHWIJA', 'POORVA BHADRA', 'FRI', 0, 0),
(205, 1, '12-10-2019', 'VIKARI', 'ASWSH14', 'CHATURDASHI', 'SHUDDHA', 'ASHWIJA', 'UTTARA BHADRA', 'SAT', 0, 0),
(206, 1, '13-10-2019', 'VIKARI', 'ASWSH15', 'HUNNIME', 'SHUDDHA', 'ASHWIJA', 'UTTARA BHADRA', 'SUN', 0, 0),
(207, 1, '14-10-2019', 'VIKARI', 'ASWBH01', 'PADYA', 'BAHULA', 'ASHWIJA', 'REVATHI', 'MON', 0, 0),
(208, 1, '15-10-2019', 'VIKARI', 'ASWBH02', 'BIDIGE', 'BAHULA', 'ASHWIJA', 'ASHWINI', 'TUE', 0, 0),
(209, 1, '16-10-2019', 'VIKARI', 'ASWBH03', 'TADIGE', 'BAHULA', 'ASHWIJA', 'BHARANI', 'WED', 0, 0),
(210, 1, '17-10-2019', 'VIKARI', 'ASWBH03', 'TADIGE', 'BAHULA', 'ASHWIJA', 'KRITHIKA', 'THU', 0, 0),
(211, 1, '18-10-2019', 'VIKARI', 'ASWBH04', 'CHOWTHI', 'BAHULA', 'ASHWIJA', 'ROHINI', 'FRI', 0, 0),
(212, 1, '19-10-2019', 'VIKARI', 'ASWBH05', 'PANCHAMI', 'BAHULA', 'ASHWIJA', 'MRIGASHIRA', 'SAT', 0, 0),
(213, 1, '20-10-2019', 'VIKARI', 'ASWBH06', 'SHASHTHI', 'BAHULA', 'ASHWIJA', 'ARDRA', 'SUN', 0, 0),
(214, 1, '21-10-2019', 'VIKARI', 'ASWBH07', 'SAPTAMI', 'BAHULA', 'ASHWIJA', 'PUNARVASU', 'MON', -1, 0),
(215, 1, '21-10-2019', 'VIKARI', 'ASWBH08', 'ASHTAMI', 'BAHULA', 'ASHWIJA', 'PUNARVASU', 'MON', 214, 0),
(216, 1, '22-10-2019', 'VIKARI', 'ASWBH09', 'NAVAMI', 'BAHULA', 'ASHWIJA', 'PUSHYA', 'TUE', 0, 0),
(217, 1, '23-10-2019', 'VIKARI', 'ASWBH10', 'DASHAMI', 'BAHULA', 'ASHWIJA', 'ASHLESHA', 'WED', 0, 0),
(218, 1, '24-10-2019', 'VIKARI', 'ASWBH11', 'EKADASHI', 'BAHULA', 'ASHWIJA', 'MAGHA', 'THU', 0, 0),
(219, 1, '25-10-2019', 'VIKARI', 'ASWBH12', 'DWADASHI', 'BAHULA', 'ASHWIJA', 'HUBHA', 'FRI', 0, 0),
(220, 1, '26-10-2019', 'VIKARI', 'ASWBH13', 'TRAYODASHI', 'BAHULA', 'ASHWIJA', 'UTTARA,HASTA', 'SAT', 0, 0),
(221, 1, '27-10-2019', 'VIKARI', 'ASWBH14', 'CHATURDASHI', 'BAHULA', 'ASHWIJA', 'CHITRA', 'SUN', 0, 0),
(222, 1, '28-10-2019', 'VIKARI', 'ASWBH30', 'AMAVASYA', 'BAHULA', 'ASHWIJA', 'SWATI,VISHAKHA', 'MON', -1, 0),
(223, 1, '28-10-2019', 'VIKARI', 'ASWBH01', 'PADYA', 'BAHULA', 'ASHWIJA', 'SWATI,VISHAKHA', 'MON', 222, 0),
(224, 1, '29-10-2019', 'VIKARI', 'KARSH02', 'BIDIGE', 'SHUDDHA', 'KARTHIKA', 'VISHAKHA', 'TUE', 0, 0),
(225, 1, '30-10-2019', 'VIKARI', 'KARSH03', 'TADIGE', 'SHUDDHA', 'KARTHIKA', 'ANURADHA', 'WED', 0, 0),
(226, 1, '31-10-2019', 'VIKARI', 'KARSH04', 'CHOWTHI', 'SHUDDHA', 'KARTHIKA', 'JYESHTHA', 'THU', 0, 0),
(227, 1, '01-11-2019', 'VIKARI', 'KARSH05', 'PANCHAMI', 'SHUDDHA', 'KARTHIKA', 'MOOLA', 'FRI', 0, 0),
(228, 1, '02-11-2019', 'VIKARI', 'KARSH06', 'SHASHTHI', 'SHUDDHA', 'KARTHIKA', 'PURVA ASHADHA', 'SAT', 0, 0),
(229, 1, '03-11-2019', 'VIKARI', 'KARSH07', 'SAPTAMI', 'SHUDDHA', 'KARTHIKA', 'UTTARA ASHADHA', 'SUN', 0, 0),
(230, 1, '04-11-2019', 'VIKARI', 'KARSH08', 'ASHTAMI', 'SHUDDHA', 'KARTHIKA', 'SHRAVANA', 'MON', 0, 0),
(231, 1, '05-11-2019', 'VIKARI', 'KARSH09', 'NAVAMI', 'SHUDDHA', 'KARTHIKA', 'DHANISHTA', 'TUE', 0, 0),
(232, 1, '06-11-2019', 'VIKARI', 'KARSH09', 'NAVAMI', 'SHUDDHA', 'KARTHIKA', 'SHATABHISHA', 'WED', 0, 0),
(233, 1, '07-11-2019', 'VIKARI', 'KARSH10', 'DASHAMI', 'SHUDDHA', 'KARTHIKA', 'SHATABHISHA', 'THU', 0, 0),
(234, 1, '08-11-2019', 'VIKARI', 'KARSH11', 'EKADASHI', 'SHUDDHA', 'KARTHIKA', 'POORVA BHADRA', 'FRI', 0, 0),
(235, 1, '09-11-2019', 'VIKARI', 'KARSH12', 'DWADASHI', 'SHUDDHA', 'KARTHIKA', 'UTTARA BHADRA', 'SAT', 0, 0),
(236, 1, '10-11-2019', 'VIKARI', 'KARSH13', 'TRAYODASHI', 'SHUDDHA', 'KARTHIKA', 'REVATHI', 'SUN', 0, 0),
(237, 1, '11-11-2019', 'VIKARI', 'KARSH14', 'CHATURDASHI', 'SHUDDHA', 'KARTHIKA', 'ASHWINI', 'MON', 0, 0),
(238, 1, '12-11-2019', 'VIKARI', 'KARSH15', 'HUNNIME', 'SHUDDHA', 'KARTHIKA', 'BHARANI', 'TUE', 0, 0),
(239, 1, '13-11-2019', 'VIKARI', 'KARBH01', 'PADYA', 'BAHULA', 'KARTHIKA', 'KRITHIKA', 'WED', 0, 0),
(240, 1, '14-11-2019', 'VIKARI', 'KARBH02', 'BIDIGE', 'BAHULA', 'KARTHIKA', 'ROHINI', 'THU', 0, 0),
(241, 1, '15-11-2019', 'VIKARI', 'KARBH03', 'TADIGE', 'BAHULA', 'KARTHIKA', 'MRIGASHIRA', 'FRI', 0, 0),
(242, 1, '16-11-2019', 'VIKARI', 'KARBH04', 'CHOWTHI', 'BAHULA', 'KARTHIKA', 'ARDRA', 'SAT', 0, 0),
(243, 1, '17-11-2019', 'VIKARI', 'KARBH05', 'PANCHAMI', 'BAHULA', 'KARTHIKA', 'PUNARVASU', 'SUN', 0, 0),
(244, 1, '18-11-2019', 'VIKARI', 'KARBH06', 'SHASHTHI', 'BAHULA', 'KARTHIKA', 'PUSHYA', 'MON', 0, 0),
(245, 1, '19-11-2019', 'VIKARI', 'KARBH07', 'SAPTAMI', 'BAHULA', 'KARTHIKA', 'ASHLESHA', 'TUE', 0, 0),
(246, 1, '20-11-2019', 'VIKARI', 'KARBH08', 'ASHTAMI', 'BAHULA', 'KARTHIKA', 'MAGHA', 'WED', 0, 0),
(247, 1, '21-11-2019', 'VIKARI', 'KARBH09', 'NAVAMI', 'BAHULA', 'KARTHIKA', 'HUBHA', 'THU', 0, 0),
(248, 1, '22-11-2019', 'VIKARI', 'KARBH10', 'DASHAMI', 'BAHULA', 'KARTHIKA', 'UTTARA', 'FRI', -1, 0),
(249, 1, '22-11-2019', 'VIKARI', 'KARBH11', 'EKADASHI', 'BAHULA', 'KARTHIKA', 'UTTARA', 'FRI', 248, 0),
(250, 1, '23-11-2019', 'VIKARI', 'KARBH12', 'DWADASHI', 'BAHULA', 'KARTHIKA', 'HASTA', 'SAT', 0, 0),
(251, 1, '24-11-2019', 'VIKARI', 'KARBH13', 'TRAYODASHI', 'BAHULA', 'KARTHIKA', 'CHITRA', 'SUN', 0, 0),
(252, 1, '25-11-2019', 'VIKARI', 'KARBH14', 'CHATURDASHI', 'BAHULA', 'KARTHIKA', 'SWATI', 'MON', 0, 0),
(253, 1, '26-11-2019', 'VIKARI', 'KARBH30', 'AMAVASYA', 'BAHULA', 'KARTHIKA', 'VISHAKHA', 'TUE', 0, 0),
(254, 1, '27-11-2019', 'VIKARI', 'MARSH01', 'PADYA', 'SHUDDHA', 'MARGASHEERA', 'ANURADHA', 'WED', 0, 0),
(255, 1, '28-11-2019', 'VIKARI', 'MARSH02', 'BIDIGE', 'SHUDDHA', 'MARGASHEERA', 'JYESHTHA', 'THU', 0, 0),
(256, 1, '29-11-2019', 'VIKARI', 'MARSH03', 'TADIGE', 'SHUDDHA', 'MARGASHEERA', 'MOOLA', 'FRI', 0, 0),
(257, 1, '30-11-2019', 'VIKARI', 'MARSH04', 'CHOWTHI', 'SHUDDHA', 'MARGASHEERA', 'PURVA ASHADHA', 'SAT', 0, 0),
(258, 1, '01-12-2019', 'VIKARI', 'MARSH05', 'PANCHAMI', 'SHUDDHA', 'MARGASHEERA', 'UTTARA ASHADHA', 'SUN', 0, 0),
(259, 1, '02-12-2019', 'VIKARI', 'MARSH06', 'SHASHTHI', 'SHUDDHA', 'MARGASHEERA', 'SHRAVANA', 'MON', 0, 0),
(260, 1, '03-12-2019', 'VIKARI', 'MARSH07', 'SAPTAMI', 'SHUDDHA', 'MARGASHEERA', 'DHANISHTA', 'TUE', 0, 0),
(261, 1, '04-12-2019', 'VIKARI', 'MARSH08', 'ASHTAMI', 'SHUDDHA', 'MARGASHEERA', 'SHATABHISHA', 'WED', 0, 0),
(262, 1, '05-12-2019', 'VIKARI', 'MARSH09', 'NAVAMI', 'SHUDDHA', 'MARGASHEERA', 'POORVA BHADRA', 'THU', 0, 0),
(263, 1, '06-12-2019', 'VIKARI', 'MARSH10', 'DASHAMI', 'SHUDDHA', 'MARGASHEERA', 'UTTARA BHADRA', 'FRI', 0, 0),
(264, 1, '07-12-2019', 'VIKARI', 'MARSH11', 'EKADASHI', 'SHUDDHA', 'MARGASHEERA', 'REVATHI', 'SAT', 0, 0),
(265, 1, '08-12-2019', 'VIKARI', 'MARSH11', 'EKADASHI', 'SHUDDHA', 'MARGASHEERA', 'ASHWINI', 'SUN', 0, 0),
(266, 1, '09-12-2019', 'VIKARI', 'MARSH12', 'DWADASHI', 'SHUDDHA', 'MARGASHEERA', 'BHARANI', 'MON', 0, 0),
(267, 1, '10-12-2019', 'VIKARI', 'MARSH13', 'TRAYODASHI', 'SHUDDHA', 'MARGASHEERA', 'KRITHIKA', 'TUE', 0, 0),
(268, 1, '11-12-2019', 'VIKARI', 'MARSH14', 'CHATURDASHI', 'SHUDDHA', 'MARGASHEERA', 'ROHINI', 'WED', 0, 0),
(269, 1, '12-12-2019', 'VIKARI', 'MARSH15', 'HUNNIME', 'SHUDDHA', 'MARGASHEERA', 'MRIGASHIRA', 'THU', 0, 0),
(270, 1, '13-12-2019', 'VIKARI', 'MARBH01', 'PADYA', 'BAHULA', 'MARGASHEERA', 'ARDRA', 'FRI', 0, 0),
(271, 1, '14-12-2019', 'VIKARI', 'MARBH02', 'BIDIGE', 'BAHULA', 'MARGASHEERA', 'PUNARVASU,PUSHYA', 'SAT', 0, 0),
(272, 1, '15-12-2019', 'VIKARI', 'MARBH03', 'TADIGE', 'BAHULA', 'MARGASHEERA', 'PUSHYA', 'SUN', -1, 0),
(273, 1, '15-12-2019', 'VIKARI', 'MARBH04', 'CHOWTHI', 'BAHULA', 'MARGASHEERA', 'PUSHYA', 'SUN', 272, 0),
(274, 1, '16-12-2019', 'VIKARI', 'MARBH05', 'PANCHAMI', 'BAHULA', 'MARGASHEERA', 'ASHLESHA', 'MON', 0, 0),
(275, 1, '17-12-2019', 'VIKARI', 'MARBH06', 'SHASHTHI', 'BAHULA', 'MARGASHEERA', 'MAGHA', 'TUE', 0, 0),
(276, 1, '18-12-2019', 'VIKARI', 'MARBH07', 'SAPTAMI', 'BAHULA', 'MARGASHEERA', 'HUBHA', 'WED', 0, 0),
(277, 1, '19-12-2019', 'VIKARI', 'MARBH08', 'ASHTAMI', 'BAHULA', 'MARGASHEERA', 'UTTARA', 'THU', 0, 0),
(278, 1, '20-12-2019', 'VIKARI', 'MARBH09', 'NAVAMI', 'BAHULA', 'MARGASHEERA', 'HASTA', 'FRI', 0, 0),
(279, 1, '21-12-2019', 'VIKARI', 'MARBH10', 'DASHAMI', 'BAHULA', 'MARGASHEERA', 'CHITRA', 'SAT', 0, 0),
(280, 1, '22-12-2019', 'VIKARI', 'MARBH11', 'EKADASHI', 'BAHULA', 'MARGASHEERA', 'SWATI', 'SUN', 0, 0),
(281, 1, '23-12-2019', 'VIKARI', 'MARBH12', 'DWADASHI', 'BAHULA', 'MARGASHEERA', 'VISHAKHA', 'MON', 0, 0),
(282, 1, '24-12-2019', 'VIKARI', 'MARBH13', 'TRAYODASHI', 'BAHULA', 'MARGASHEERA', 'ANURADHA', 'TUE', 0, 0),
(283, 1, '25-12-2019', 'VIKARI', 'MARBH14', 'CHATURDASHI', 'BAHULA', 'MARGASHEERA', 'JYESHTHA', 'WED', 0, 0),
(284, 1, '26-12-2019', 'VIKARI', 'MARBH30', 'AMAVASYA', 'BAHULA', 'MARGASHEERA', 'MOOLA', 'THU', 0, 0),
(285, 1, '27-12-2019', 'VIKARI', 'PUSSH01', 'PADYA', 'SHUDDHA', 'PUSHYA', 'PURVA ASHADHA', 'FRI', 0, 0),
(286, 1, '28-12-2019', 'VIKARI', 'PUSSH02', 'BIDIGE', 'SHUDDHA', 'PUSHYA', 'UTTARA ASHADHA', 'SAT', 0, 0),
(287, 1, '29-12-2019', 'VIKARI', 'PUSSH03', 'TADIGE', 'SHUDDHA', 'PUSHYA', 'SHRAVANA', 'SUN', 0, 0),
(288, 1, '30-12-2019', 'VIKARI', 'PUSSH04', 'CHOWTHI', 'SHUDDHA', 'PUSHYA', 'DHANISHTA', 'MON', 0, 0),
(289, 1, '31-12-2019', 'VIKARI', 'PUSSH05', 'PANCHAMI', 'SHUDDHA', 'PUSHYA', 'SHATABHISHA', 'TUE', 0, 0),
(290, 1, '01-01-2020', 'VIKARI', 'PUSSH06', 'SHASHTHI', 'SHUDDHA', 'PUSHYA', 'POORVA BHADRA', 'WED', 0, 0),
(291, 1, '02-01-2020', 'VIKARI', 'PUSSH07', 'SAPTAMI', 'SHUDDHA', 'PUSHYA', 'UTTARA BHADRA', 'THU', 0, 0),
(292, 1, '03-01-2020', 'VIKARI', 'PUSSH08', 'ASHTAMI', 'SHUDDHA', 'PUSHYA', 'UTTARA BHADRA', 'FRI', 0, 0),
(293, 1, '04-01-2020', 'VIKARI', 'PUSSH09', 'NAVAMI', 'SHUDDHA', 'PUSHYA', 'REVATHI', 'SAT', 0, 0),
(294, 1, '05-01-2020', 'VIKARI', 'PUSSH10', 'DASHAMI', 'SHUDDHA', 'PUSHYA', 'ASHWINI', 'SUN', 0, 0),
(295, 1, '06-01-2020', 'VIKARI', 'PUSSH11', 'EKADASHI', 'SHUDDHA', 'PUSHYA', 'BHARANI', 'MON', 0, 0),
(296, 1, '07-01-2020', 'VIKARI', 'PUSSH12', 'DWADASHI', 'SHUDDHA', 'PUSHYA', 'KRITHIKA', 'TUE', 0, 0),
(297, 1, '08-01-2020', 'VIKARI', 'PUSSH13', 'TRAYODASHI', 'SHUDDHA', 'PUSHYA', 'ROHINI', 'WED', 0, 0),
(298, 1, '09-01-2020', 'VIKARI', 'PUSSH14', 'CHATURDASHI', 'SHUDDHA', 'PUSHYA', 'MRIGASHIRA', 'THU', 0, 0),
(299, 1, '10-01-2020', 'VIKARI', 'PUSSH15', 'HUNNIME', 'SHUDDHA', 'PUSHYA', 'ARDRA', 'FRI', 0, 0),
(300, 1, '11-01-2020', 'VIKARI', 'PUSBH01', 'PADYA', 'BAHULA', 'PUSHYA', 'PUNARVASU', 'SAT', 0, 0),
(301, 1, '12-01-2020', 'VIKARI', 'PUSBH02', 'BIDIGE', 'BAHULA', 'PUSHYA', 'PUSHYA', 'SUN', 0, 0),
(302, 1, '13-01-2020', 'VIKARI', 'PUSBH03', 'TADIGE', 'BAHULA', 'PUSHYA', 'ASHLESHA', 'MON', 0, 0),
(303, 1, '14-01-2020', 'VIKARI', 'PUSBH04', 'CHOWTHI', 'BAHULA', 'PUSHYA', 'MAGHA,HUBHA', 'TUE', 0, 0),
(304, 1, '15-01-2020', 'VIKARI', 'PUSBH05', 'PANCHAMI', 'BAHULA', 'PUSHYA', 'UTTARA', 'WED', 0, 0),
(305, 1, '16-01-2020', 'VIKARI', 'PUSBH06', 'SHASHTHI', 'BAHULA', 'PUSHYA', 'HASTA', 'THU', 0, 0),
(306, 1, '17-01-2020', 'VIKARI', 'PUSBH07', 'SAPTAMI', 'BAHULA', 'PUSHYA', 'HASTA,CHITRA', 'FRI', -1, 0),
(307, 1, '17-01-2020', 'VIKARI', 'PUSBH08', 'ASHTAMI', 'BAHULA', 'PUSHYA', 'HASTA,CHITRA', 'FRI', 306, 0),
(308, 1, '18-01-2020', 'VIKARI', 'PUSBH09', 'NAVAMI', 'BAHULA', 'PUSHYA', 'SWATI', 'SAT', 0, 0),
(309, 1, '19-01-2020', 'VIKARI', 'PUSBH10', 'DASHAMI', 'BAHULA', 'PUSHYA', 'VISHAKHA', 'SUN', 0, 0),
(310, 1, '20-01-2020', 'VIKARI', 'PUSBH11', 'EKADASHI', 'BAHULA', 'PUSHYA', 'ANURADHA', 'MON', 0, 0),
(311, 1, '21-01-2020', 'VIKARI', 'PUSBH12', 'DWADASHI', 'BAHULA', 'PUSHYA', 'JYESHTHA', 'TUE', 0, 0),
(312, 1, '22-01-2020', 'VIKARI', 'PUSBH13', 'TRAYODASHI', 'BAHULA', 'PUSHYA', 'MOOLA', 'WED', 0, 0),
(313, 1, '23-01-2020', 'VIKARI', 'PUSBH14', 'CHATURDASHI', 'BAHULA', 'PUSHYA', 'PURVA ASHADHA', 'THU', 0, 0),
(314, 1, '24-01-2020', 'VIKARI', 'PUSBH30', 'AMAVASYA', 'BAHULA', 'PUSHYA', 'UTTARA ASHADHA', 'FRI', 0, 0),
(315, 1, '25-01-2020', 'VIKARI', 'MAGSH01', 'PADYA', 'SHUDDHA', 'MAGHA', 'SHRAVANA', 'SAT', 0, 0),
(316, 1, '26-01-2020', 'VIKARI', 'MAGSH02', 'BIDIGE', 'SHUDDHA', 'MAGHA', 'DHANISHTA', 'SUN', 0, 0),
(317, 1, '27-01-2020', 'VIKARI', 'MAGSH03', 'TADIGE', 'SHUDDHA', 'MAGHA', 'SHATABHISHA', 'MON', 0, 0),
(318, 1, '28-01-2020', 'VIKARI', 'MAGSH03', 'TADIGE', 'SHUDDHA', 'MAGHA', 'SHATABHISHA', 'TUE', 0, 0),
(319, 1, '29-01-2020', 'VIKARI', 'MAGSH04', 'CHOWTHI', 'SHUDDHA', 'MAGHA', 'POORVA BHADRA', 'WED', 0, 0),
(320, 1, '30-01-2020', 'VIKARI', 'MAGSH05', 'PANCHAMI', 'SHUDDHA', 'MAGHA', 'UTTARA BHADRA', 'THU', 0, 0),
(321, 1, '31-01-2020', 'VIKARI', 'MAGSH06', 'SHASHTHI', 'SHUDDHA', 'MAGHA', 'REVATHI', 'FRI', 0, 0),
(322, 1, '01-02-2020', 'VIKARI', 'MAGSH07', 'SAPTAMI', 'SHUDDHA', 'MAGHA', 'ASHWINI', 'SAT', 0, 0),
(323, 1, '02-02-2020', 'VIKARI', 'MAGSH08', 'ASHTAMI', 'SHUDDHA', 'MAGHA', 'BHARANI', 'SUN', 0, 0),
(324, 1, '03-02-2020', 'VIKARI', 'MAGSH09', 'NAVAMI', 'SHUDDHA', 'MAGHA', 'KRITHIKA', 'MON', 0, 0),
(325, 1, '04-02-2020', 'VIKARI', 'MAGSH10', 'DASHAMI', 'SHUDDHA', 'MAGHA', 'ROHINI', 'TUE', 0, 0),
(326, 1, '05-02-2020', 'VIKARI', 'MAGSH11', 'EKADASHI', 'SHUDDHA', 'MAGHA', 'MRIGASHIRA', 'WED', 0, 0),
(327, 1, '06-02-2020', 'VIKARI', 'MAGSH12', 'DWADASHI', 'SHUDDHA', 'MAGHA', 'ARDRA', 'THU', 0, 0),
(328, 1, '07-02-2020', 'VIKARI', 'MAGSH13', 'TRAYODASHI', 'SHUDDHA', 'MAGHA', 'PUNARVASU', 'FRI', 0, 0),
(329, 1, '08-02-2020', 'VIKARI', 'MAGSH14', 'CHATURDASHI', 'SHUDDHA', 'MAGHA', 'PUSHYA', 'SAT', 0, 0),
(330, 1, '09-02-2020', 'VIKARI', 'MAGSH15', 'HUNNIME', 'SHUDDHA', 'MAGHA', 'ASHLESHA', 'SUN', 0, 0),
(331, 1, '10-02-2020', 'VIKARI', 'MAGBH01', 'PADYA', 'BAHULA', 'MAGHA', 'ASHLESHA,MAGHA', 'MON', -1, 0),
(332, 1, '10-02-2020', 'VIKARI', 'MAGBH02', 'BIDIGE', 'BAHULA', 'MAGHA', 'ASHLESHA,MAGHA', 'MON', 331, 0),
(333, 1, '11-02-2020', 'VIKARI', 'MAGBH03', 'TADIGE', 'BAHULA', 'MAGHA', 'HUBHA', 'TUE', 0, 0),
(334, 1, '12-02-2020', 'VIKARI', 'MAGBH04', 'CHOWTHI', 'BAHULA', 'MAGHA', 'UTTARA', 'WED', 0, 0),
(335, 1, '13-02-2020', 'VIKARI', 'MAGBH05', 'PANCHAMI', 'BAHULA', 'MAGHA', 'HASTA', 'THU', 0, 0),
(336, 1, '14-02-2020', 'VIKARI', 'MAGBH06', 'SHASHTHI', 'BAHULA', 'MAGHA', 'CHITRA,SWATI', 'FRI', 0, 0),
(337, 1, '15-02-2020', 'VIKARI', 'MAGBH07', 'SAPTAMI', 'BAHULA', 'MAGHA', 'VISHAKHA', 'SAT', 0, 0),
(338, 1, '16-02-2020', 'VIKARI', 'MAGBH08', 'ASHTAMI', 'BAHULA', 'MAGHA', 'ANURADHA', 'SUN', 0, 0),
(339, 1, '17-02-2020', 'VIKARI', 'MAGBH09', 'NAVAMI', 'BAHULA', 'MAGHA', 'JYESHTHA', 'MON', 0, 0),
(340, 1, '18-02-2020', 'VIKARI', 'MAGBH10', 'DASHAMI', 'BAHULA', 'MAGHA', 'MOOLA', 'TUE', 0, 0),
(341, 1, '19-02-2020', 'VIKARI', 'MAGBH11', 'EKADASHI', 'BAHULA', 'MAGHA', 'PURVA ASHADHA', 'WED', 0, 0),
(342, 1, '20-02-2020', 'VIKARI', 'MAGBH12', 'DWADASHI', 'BAHULA', 'MAGHA', 'PURVA ASHADHA', 'THU', 0, 0),
(343, 1, '21-02-2020', 'VIKARI', 'MAGBH13', 'TRAYODASHI', 'BAHULA', 'MAGHA', 'UTTARA ASHADHA', 'FRI', 0, 0),
(344, 1, '22-02-2020', 'VIKARI', 'MAGBH14', 'CHATURDASHI', 'BAHULA', 'MAGHA', 'SHRAVANA', 'SAT', 0, 0),
(345, 1, '23-02-2020', 'VIKARI', 'MAGBH30', 'AMAVASYA', 'BAHULA', 'MAGHA', 'DHANISHTA', 'SUN', 0, 0),
(346, 1, '24-02-2020', 'VIKARI', 'PHASH01', 'PADYA', 'SHUDDHA', 'PHALGUNA', 'SHATABHISHA', 'MON', 0, 0),
(347, 1, '25-02-2020', 'VIKARI', 'PHASH02', 'BIDIGE', 'SHUDDHA', 'PHALGUNA', 'POORVA BHADRA', 'TUE', 0, 0),
(348, 1, '26-02-2020', 'VIKARI', 'PHASH03', 'TADIGE', 'SHUDDHA', 'PHALGUNA', 'UTTARA BHADRA', 'WED', 0, 0),
(349, 1, '27-02-2020', 'VIKARI', 'PHASH04', 'CHOWTHI', 'SHUDDHA', 'PHALGUNA', 'REVATHI', 'THU', 0, 0),
(350, 1, '28-02-2020', 'VIKARI', 'PHASH05', 'PANCHAMI', 'SHUDDHA', 'PHALGUNA', 'ASHWINI', 'FRI', 0, 0),
(351, 1, '29-02-2020', 'VIKARI', 'PHASH05', 'PANCHAMI', 'SHUDDHA', 'PHALGUNA', 'BHARANI', 'SAT', 0, 0),
(352, 1, '01-03-2020', 'VIKARI', 'PHASH06', 'SHASHTHI', 'SHUDDHA', 'PHALGUNA', 'KRITHIKA', 'SUN', 0, 0),
(353, 1, '02-03-2020', 'VIKARI', 'PHASH07', 'SAPTAMI', 'SHUDDHA', 'PHALGUNA', 'KRITHIKA', 'MON', 0, 0),
(354, 1, '03-03-2020', 'VIKARI', 'PHASH08', 'ASHTAMI', 'SHUDDHA', 'PHALGUNA', 'ROHINI', 'TUE', 0, 0),
(355, 1, '04-03-2020', 'VIKARI', 'PHASH09', 'NAVAMI', 'SHUDDHA', 'PHALGUNA', 'MRIGASHIRA', 'WED', 0, 0),
(356, 1, '05-03-2020', 'VIKARI', 'PHASH10', 'DASHAMI', 'SHUDDHA', 'PHALGUNA', 'ARDRA', 'THU', 0, 0),
(357, 1, '06-03-2020', 'VIKARI', 'PHASH11', 'EKADASHI', 'SHUDDHA', 'PHALGUNA', 'PUNARVASU', 'FRI', 0, 0),
(358, 1, '07-03-2020', 'VIKARI', 'PHASH12', 'DWADASHI', 'SHUDDHA', 'PHALGUNA', 'PUNARVASU,PUSHYA', 'SAT', -1, 0),
(359, 1, '07-03-2020', 'VIKARI', 'PHASH13', 'TRAYODASHI', 'SHUDDHA', 'PHALGUNA', 'PUNARVASU,PUSHYA', 'SAT', 358, 0),
(360, 1, '08-03-2020', 'VIKARI', 'PHASH14', 'CHATURDASHI', 'SHUDDHA', 'PHALGUNA', 'ASHLESHA,MAGHA', 'SUN', 0, 0),
(361, 1, '09-03-2020', 'VIKARI', 'PHASH15', 'HUNNIME', 'SHUDDHA', 'PHALGUNA', 'HUBHA', 'MON', 0, 0),
(362, 1, '10-03-2020', 'VIKARI', 'PHABH01', 'PADYA', 'BAHULA', 'PHALGUNA', 'UTTARA', 'TUE', 0, 0),
(363, 1, '11-03-2020', 'VIKARI', 'PHABH02', 'BIDIGE', 'BAHULA', 'PHALGUNA', 'HASTA', 'WED', 0, 0),
(364, 1, '12-03-2020', 'VIKARI', 'PHABH03', 'TADIGE', 'BAHULA', 'PHALGUNA', 'CHITRA', 'THU', 0, 0),
(365, 1, '13-03-2020', 'VIKARI', 'PHABH04', 'CHOWTHI', 'BAHULA', 'PHALGUNA', 'CHITRA,SWATI', 'FRI', -1, 0),
(366, 1, '13-03-2020', 'VIKARI', 'PHABH05', 'PANCHAMI', 'BAHULA', 'PHALGUNA', 'CHITRA,SWATI', 'FRI', 366, 0),
(367, 1, '14-03-2020', 'VIKARI', 'PHABH06', 'SHASHTHI', 'BAHULA', 'PHALGUNA', 'VISHAKHA', 'SAT', 0, 0),
(368, 1, '15-03-2020', 'VIKARI', 'PHABH07', 'SAPTAMI', 'BAHULA', 'PHALGUNA', 'ANURADHA', 'SUN', 0, 0),
(369, 1, '16-03-2020', 'VIKARI', 'PHABH08', 'ASHTAMI', 'BAHULA', 'PHALGUNA', 'JYESHTHA', 'MON', 0, 0),
(370, 1, '17-03-2020', 'VIKARI', 'PHABH09', 'NAVAMI', 'BAHULA', 'PHALGUNA', 'MOOLA', 'TUE', 0, 0),
(371, 1, '18-03-2020', 'VIKARI', 'PHABH10', 'DASHAMI', 'BAHULA', 'PHALGUNA', 'PURVA ASHADHA', 'WED', 0, 0),
(372, 1, '19-03-2020', 'VIKARI', 'PHABH11', 'EKADASHI', 'BAHULA', 'PHALGUNA', 'UTTARA ASHADHA', 'THU', 0, 0),
(373, 1, '20-03-2020', 'VIKARI', 'PHABH12', 'DWADASHI', 'BAHULA', 'PHALGUNA', 'SHRAVANA', 'FRI', 0, 0),
(374, 1, '21-03-2020', 'VIKARI', 'PHABH12', 'DWADASHI', 'BAHULA', 'PHALGUNA', 'DHANISHTA', 'SAT', 0, 0),
(375, 1, '22-03-2020', 'VIKARI', 'PHABH13', 'TRAYODASHI', 'BAHULA', 'PHALGUNA', 'SHATABHISHA', 'SUN', 0, 0),
(376, 1, '23-03-2020', 'VIKARI', 'PHABH14', 'CHATURDASHI', 'BAHULA', 'PHALGUNA', 'POORVA BHADRA', 'MON', 0, 0),
(377, 1, '24-03-2020', 'VIKARI', 'PHABH30', 'AMAVASYA', 'BAHULA', 'PHALGUNA', 'UTTARA BHADRA', 'TUE', 0, 0),
(378, 1, '25-03-2020', 'SHARVARI', 'CHASH01', 'PADYA', 'SHUDDHA', 'CHAITRA', 'REVATHI', 'WED', 0, 0),
(379, 1, '26-03-2020', 'SHARVARI', 'CHASH02', 'BIDIGE', 'SHUDDHA', 'CHAITRA', 'ASHWINI', 'THU', 0, 0),
(380, 1, '27-03-2020', 'SHARVARI', 'CHASH03', 'TADIGE', 'SHUDDHA', 'CHAITRA', 'BHARANI', 'FRI', 0, 0),
(381, 1, '28-03-2020', 'SHARVARI', 'CHASH04', 'CHOWTHI', 'SHUDDHA', 'CHAITRA', 'KRITHIKA', 'SAT', 0, 0),
(382, 1, '29-03-2020', 'SHARVARI', 'CHASH05', 'PANCHAMI', 'SHUDDHA', 'CHAITRA', 'ROHINI', 'SUN', 0, 0),
(383, 1, '30-03-2020', 'SHARVARI', 'CHASH06', 'SHASHTHI', 'SHUDDHA', 'CHAITRA', 'MRIGASHIRA', 'MON', 0, 0),
(384, 1, '31-03-2020', 'SHARVARI', 'CHASH07', 'SAPTAMI', 'SHUDDHA', 'CHAITRA', 'ARDRA', 'TUE', 0, 0),
(385, 2, '01-04-2020', 'SHARVARI', 'CHASH08', 'ASHTAMI', 'SHUDDHA', 'CHAITRA', 'ARDRA', 'WED', 0, 0),
(386, 2, '02-04-2020', 'SHARVARI', 'CHASH09', 'NAVAMI', 'SHUDDHA', 'CHAITRA', 'PUNARVASU', 'THU', 0, 0),
(387, 2, '03-04-2020', 'SHARVARI', 'CHASH10', 'DASHAMI', 'SHUDDHA', 'CHAITRA', 'PUSHYA', 'FRI', 0, 0),
(388, 2, '04-04-2020', 'SHARVARI', 'CHASH11', 'EKADASHI', 'SHUDDHA', 'CHAITRA', 'ASHLESHA', 'SAT', 0, 0),
(389, 2, '05-04-2020', 'SHARVARI', 'CHASH12', 'DWADASHI', 'SHUDDHA', 'CHAITRA', 'MAGHA', 'SUN', 0, 0),
(390, 2, '06-04-2020', 'SHARVARI', 'CHASH13', 'TRAYODASHI', 'SHUDDHA', 'CHAITRA', 'HUBBA OR PURVA PHALGUNI', 'MON', 0, 0),
(391, 2, '07-04-2020', 'SHARVARI', 'CHASH14', 'CHATURDASHI', 'SHUDDHA', 'CHAITRA', 'UTTARA OR UTTARA PHALGUNI', 'TUE', 0, 0),
(392, 2, '08-04-2020', 'SHARVARI', 'CHASH15', 'HUNNIME', 'SHUDDHA', 'CHAITRA', 'CHITRA', 'WED', 0, 0),
(393, 2, '09-04-2020', 'SHARVARI', 'CHABH02', 'BIDIGE', 'BAHULA', 'CHAITRA', 'SWATHI', 'THU', 0, 0),
(394, 2, '10-04-2020', 'SHARVARI', 'CHABH03', 'TADIGE', 'BAHULA', 'CHAITRA', 'VISAKHA', 'FRI', 0, 0),
(395, 2, '11-04-2020', 'SHARVARI', 'CHABH04', 'CHOWTHI', 'BAHULA', 'CHAITRA', 'ANURADHA', 'SAT', 0, 0),
(396, 2, '12-04-2020', 'SHARVARI', 'CHABH05', 'PANCHAMI', 'BAHULA', 'CHAITRA', 'JYESHTHA', 'SUN', 0, 0),
(397, 2, '13-04-2020', 'SHARVARI', 'CHABH06', 'SHASHTHI', 'BAHULA', 'CHAITRA', 'MULA', 'MON', 0, 0),
(398, 2, '14-04-2020', 'SHARVARI', 'CHABH07', 'SAPTAMI', 'BAHULA', 'CHAITRA', 'PURVA ASHADHA', 'TUE', 0, 0),
(399, 2, '15-04-2020', 'SHARVARI', 'CHABH08', 'ASHTAMI', 'BAHULA', 'CHAITRA', 'UTTARA ASADHA', 'WED', 0, 0),
(400, 2, '16-04-2020', 'SHARVARI', 'CHABH09', 'NAVAMI', 'BAHULA', 'CHAITRA', 'SHRAVANA', 'THU', 0, 0),
(401, 2, '17-04-2020', 'SHARVARI', 'CHABH10', 'DASHAMI', 'BAHULA', 'CHAITRA', 'DHANISHTA OR SRAVISTHA', 'FRI', 0, 0),
(402, 2, '18-04-2020', 'SHARVARI', 'CHABH11', 'EKADASHI', 'BAHULA', 'CHAITRA', 'SHATABHISHA OR SATATARAKA', 'SAT', 0, 0),
(403, 2, '19-04-2020', 'SHARVARI', 'CHABH12', 'DWADASHI', 'BAHULA', 'CHAITRA', 'PURVA BHADRA', 'SUN', 0, 0),
(404, 2, '20-04-2020', 'SHARVARI', 'CHABH13', 'TRAYODASHI', 'BAHULA', 'CHAITRA', 'PURVA BHADRA', 'MON', 0, 0),
(405, 2, '21-04-2020', 'SHARVARI', 'CHABH14', 'CHATURDASHI', 'BAHULA', 'CHAITRA', 'UTTARA BHADRA', 'TUE', 0, 0),
(406, 2, '22-04-2020', 'SHARVARI', 'CHABH30', 'AMAVASYA', 'BAHULA', 'CHAITRA', 'REVATI', 'WED', 0, 0),
(407, 2, '23-04-2020', 'SHARVARI', 'CHABH30', 'AMAVASYA', 'BAHULA', 'CHAITRA', 'ASHWINI', 'THU', 0, 0),
(408, 2, '24-04-2020', 'SHARVARI', 'VAISH01', 'PADYA', 'SHUDDHA', 'VAISHAKHA', 'BHARANI', 'FRI', 0, 0),
(409, 2, '25-04-2020', 'SHARVARI', 'VAISH02', 'BIDIGE', 'SHUDDHA', 'VAISHAKHA', 'KRITIKA', 'SAT', 0, 0),
(410, 2, '26-04-2020', 'SHARVARI', 'VAISH03', 'TADIGE', 'SHUDDHA', 'VAISHAKHA', 'ROHINI', 'SUN', 0, 0),
(411, 2, '27-04-2020', 'SHARVARI', 'VAISH04', 'CHOWTHI', 'SHUDDHA', 'VAISHAKHA', 'MRIGASHIRSHA', 'MON', 0, 0),
(412, 2, '28-04-2020', 'SHARVARI', 'VAISH05', 'PANCHAMI', 'SHUDDHA', 'VAISHAKHA', 'ARDRA', 'TUE', 0, 0),
(413, 2, '29-04-2020', 'SHARVARI', 'VAISH06', 'SHASHTHI', 'SHUDDHA', 'VAISHAKHA', 'PUNARVASU', 'WED', 0, 0),
(414, 2, '30-04-2020', 'SHARVARI', 'VAISH07', 'SAPTAMI', 'SHUDDHA', 'VAISHAKHA', 'PUSHYA', 'THU', 0, 0),
(415, 2, '01-05-2020', 'SHARVARI', 'VAISH08', 'ASHTAMI', 'SHUDDHA', 'VAISHAKHA', 'ASHLESHA', 'FRI', 0, 0),
(416, 2, '02-05-2020', 'SHARVARI', 'VAISH09', 'NAVAMI', 'SHUDDHA', 'VAISHAKHA', 'MAGHA', 'SAT', 0, 0),
(417, 2, '03-05-2020', 'SHARVARI', 'VAISH10', 'DASHAMI', 'SHUDDHA', 'VAISHAKHA', 'HUBBA OR PURVA PHALGUNI', 'SUN', 0, 0),
(418, 2, '04-05-2020', 'SHARVARI', 'VAISH11', 'EKADASHI', 'SHUDDHA', 'VAISHAKHA', 'UTTARA OR UTTARA PHALGUNI', 'MON', 0, 0),
(419, 2, '05-05-2020', 'SHARVARI', 'VAISH13', 'TRAYODASHI', 'SHUDDHA', 'VAISHAKHA', 'HASTA', 'TUE', 0, 0),
(420, 2, '06-05-2020', 'SHARVARI', 'VAISH14', 'CHATURDASHI', 'SHUDDHA', 'VAISHAKHA', 'CHITRA', 'WED', 0, 0),
(421, 2, '07-05-2020', 'SHARVARI', 'VAISH15', 'HUNNIME', 'SHUDDHA', 'VAISHAKHA', 'SWATHI', 'THU', 0, 0),
(422, 2, '08-05-2020', 'SHARVARI', 'VAIBH01', 'PADYA', 'BAHULA', 'VAISHAKHA', 'VISAKHA', 'FRI', 0, 0),
(423, 2, '09-05-2020', 'SHARVARI', 'VAIBH02', 'BIDIGE', 'BAHULA', 'VAISHAKHA', 'ANURADHA', 'SAT', 0, 0),
(424, 2, '10-05-2020', 'SHARVARI', 'VAIBH03', 'TADIGE', 'BAHULA', 'VAISHAKHA', 'MULA', 'SUN', 0, 0),
(425, 2, '11-05-2020', 'SHARVARI', 'VAIBH04', 'CHOWTHI', 'BAHULA', 'VAISHAKHA', 'PURVA ASHADHA', 'MON', -1, 0),
(426, 2, '12-05-2020', 'SHARVARI', 'VAIBH06', 'SHASHTHI', 'BAHULA', 'VAISHAKHA', 'UTTARA ASADHA', 'TUE', 0, 0),
(427, 2, '13-05-2020', 'SHARVARI', 'VAIBH07', 'SAPTAMI', 'BAHULA', 'VAISHAKHA', 'SHRAVANA', 'WED', 0, 0),
(428, 2, '14-05-2020', 'SHARVARI', 'VAIBH07', 'SAPTAMI', 'BAHULA', 'VAISHAKHA', 'SHRAVANA', 'THU', 0, 0),
(429, 2, '15-05-2020', 'SHARVARI', 'VAIBH08', 'ASHTAMI', 'BAHULA', 'VAISHAKHA', 'DHANISHTA OR SRAVISTHA', 'FRI', 0, 0),
(430, 2, '16-05-2020', 'SHARVARI', 'VAIBH09', 'NAVAMI', 'BAHULA', 'VAISHAKHA', 'SHATABHISHA OR SATATARAKA', 'SAT', 0, 0),
(431, 2, '17-05-2020', 'SHARVARI', 'VAIBH10', 'DASHAMI', 'BAHULA', 'VAISHAKHA', 'PURVA BHADRA', 'SUN', 0, 0),
(432, 2, '18-05-2020', 'SHARVARI', 'VAIBH11', 'EKADASHI', 'BAHULA', 'VAISHAKHA', 'UTTARA BHADRA', 'MON', 0, 0),
(433, 2, '19-05-2020', 'SHARVARI', 'VAIBH12', 'DWADASHI', 'BAHULA', 'VAISHAKHA', 'REVATI', 'TUE', 0, 0),
(434, 2, '20-05-2020', 'SHARVARI', 'VAIBH13', 'TRAYODASHI', 'BAHULA', 'VAISHAKHA', 'ASHWINI', 'WED', 0, 0),
(435, 2, '21-05-2020', 'SHARVARI', 'VAIBH14', 'CHATURDASHI', 'BAHULA', 'VAISHAKHA', 'BHARANI', 'THU', 0, 0),
(436, 2, '22-05-2020', 'SHARVARI', 'VAIBH30', 'AMAVASYA', 'BAHULA', 'VAISHAKHA', 'KRITIKA', 'FRI', 0, 0),
(437, 2, '23-05-2020', 'SHARVARI', 'JYESH01', 'PADYA', 'SHUDDHA', 'JYESTA', 'ROHINI', 'SAT', 0, 0),
(438, 2, '24-05-2020', 'SHARVARI', 'JYESH02', 'BIDIGE', 'SHUDDHA', 'JYESTA', 'MRIGASHIRSHA', 'SUN', 0, 0),
(439, 2, '25-05-2020', 'SHARVARI', 'JYESH03', 'TADIGE', 'SHUDDHA', 'JYESTA', 'MRIGASHIRSHA', 'MON', 0, 0),
(440, 2, '26-05-2020', 'SHARVARI', 'JYESH04', 'CHOWTHI', 'SHUDDHA', 'JYESTA', 'ARDRA', 'TUE', 0, 0),
(441, 2, '27-05-2020', 'SHARVARI', 'JYESH05', 'PANCHAMI', 'SHUDDHA', 'JYESTA', 'PUNARVASU', 'WED', 0, 0),
(442, 2, '28-05-2020', 'SHARVARI', 'JYESH06', 'SHASHTHI', 'SHUDDHA', 'JYESTA', 'PUSHYA', 'THU', 0, 0),
(443, 2, '29-05-2020', 'SHARVARI', 'JYESH07', 'SAPTAMI', 'SHUDDHA', 'JYESTA', 'ASHLESHA', 'FRI', 0, 0),
(444, 2, '30-05-2020', 'SHARVARI', 'JYESH08', 'ASHTAMI', 'SHUDDHA', 'JYESTA', 'HUBBA OR PURVA PHALGUNI', 'SAT', 0, 0),
(445, 2, '31-05-2020', 'SHARVARI', 'JYESH09', 'NAVAMI', 'SHUDDHA', 'JYESTA', 'UTTARA OR UTTARA PHALGUNI', 'SUN', 0, 0),
(446, 2, '01-06-2020', 'SHARVARI', 'JYESH10', 'DASHAMI', 'SHUDDHA', 'JYESTA', 'HASTA', 'MON', 0, 0),
(447, 2, '02-06-2020', 'SHARVARI', 'JYESH11', 'EKADASHI', 'SHUDDHA', 'JYESTA', 'CHITRA', 'TUE', 0, 0),
(448, 2, '03-06-2020', 'SHARVARI', 'JYESH12', 'DWADASHI', 'SHUDDHA', 'JYESTA', 'SWATHI', 'WED', -1, 0),
(449, 2, '04-06-2020', 'SHARVARI', 'JYESH14', 'CHATURDASHI', 'SHUDDHA', 'JYESTA', 'VISAKHA', 'THU', 0, 0),
(450, 2, '05-06-2020', 'SHARVARI', 'JYESH15', 'HUNNIME', 'SHUDDHA', 'JYESTA', 'ANURADHA', 'FRI', 0, 0),
(451, 2, '06-06-2020', 'SHARVARI', 'JYEBH01', 'PADYA', 'BAHULA', 'JYESTA', 'JYESHTHA', 'SAT', 0, 0),
(452, 2, '07-06-2020', 'SHARVARI', 'JYEBH02', 'BIDIGE', 'BAHULA', 'JYESTA', 'MULA', 'SUN', 0, 0),
(453, 2, '08-06-2020', 'SHARVARI', 'JYEBH03', 'TADIGE', 'BAHULA', 'JYESTA', 'PURVA ASHADHA', 'MON', 0, 0),
(454, 2, '09-06-2020', 'SHARVARI', 'JYEBH04', 'CHOWTHI', 'BAHULA', 'JYESTA', 'UTTARA ASADHA', 'TUE', 0, 0),
(455, 2, '10-06-2020', 'SHARVARI', 'JYEBH01', 'PADYA', 'BAHULA', 'JYESTA', 'SHRAVANA', 'WED', 0, 0),
(456, 2, '11-06-2020', 'SHARVARI', 'JYEBH06', 'SHASHTHI', 'BAHULA', 'JYESTA', 'DHANISHTA OR SRAVISTHA', 'THU', 0, 0),
(457, 2, '12-06-2020', 'SHARVARI', 'JYEBH07', 'SAPTAMI', 'BAHULA', 'JYESTA', 'SHATABHISHA OR SATATARAKA', 'FRI', 0, 0),
(458, 2, '13-06-2020', 'SHARVARI', 'JYEBH08', 'ASHTAMI', 'BAHULA', 'JYESTA', 'PURVA BHADRA', 'SAT', 0, 0),
(459, 2, '14-06-2020', 'SHARVARI', 'JYEBH09', 'NAVAMI', 'BAHULA', 'JYESTA', 'UTTARA BHADRA', 'SUN', 0, 0),
(460, 2, '15-06-2020', 'SHARVARI', 'JYEBH10', 'DASHAMI', 'BAHULA', 'JYESTA', 'REVATI', 'MON', 0, 0),
(461, 2, '16-06-2020', 'SHARVARI', 'JYEBH11', 'EKADASHI', 'BAHULA', 'JYESTA', 'ASHWINI', 'TUE', 0, 0),
(462, 2, '17-06-2020', 'SHARVARI', 'JYEBH11', 'EKADASHI', 'BAHULA', 'JYESTA', 'BHARANI', 'WED', 0, 0),
(463, 2, '18-06-2020', 'SHARVARI', 'JYEBH12', 'DWADASHI', 'BAHULA', 'JYESTA', 'BHARANI,KRITIKA', 'THU', 0, 0),
(464, 2, '19-06-2020', 'SHARVARI', 'JYEBH13', 'TRAYODASHI', 'BAHULA', 'JYESTA', 'KRITIKA', 'FRI', 0, 0),
(465, 2, '20-06-2020', 'SHARVARI', 'JYEBH14', 'CHATURDASHI', 'BAHULA', 'JYESTA', 'ROHINI', 'SAT', 0, 0),
(466, 2, '21-06-2020', 'SHARVARI', 'JYEBH30', 'AMAVASYA', 'BAHULA', 'JYESTA', 'MRIGASHIRSHA', 'SUN', 0, 0),
(467, 2, '22-06-2020', 'SHARVARI', 'ASDSH01', 'PADYA', 'SHUDDHA', 'ASHADA', 'ARDRA', 'MON', 0, 0),
(468, 2, '23-06-2020', 'SHARVARI', 'ASDSH02', 'BIDIGE', 'SHUDDHA', 'ASHADA', 'PUNARVASU', 'TUE', 0, 0),
(469, 2, '24-06-2020', 'SHARVARI', 'ASDSH03', 'TADIGE', 'SHUDDHA', 'ASHADA', 'PUSHYA', 'WED', 0, 0),
(470, 2, '25-06-2020', 'SHARVARI', 'ASDSH04', 'CHOWTHI', 'SHUDDHA', 'ASHADA', 'ASHLESHA', 'THU', 0, 0),
(471, 2, '26-06-2020', 'SHARVARI', 'ASDSH05', 'PANCHAMI', 'SHUDDHA', 'ASHADA', 'MAGHA', 'FRI', -1, 0),
(472, 2, '27-06-2020', 'SHARVARI', 'ASDSH07', 'SAPTAMI', 'SHUDDHA', 'ASHADA', 'HUBBA OR PURVA PHALGUNI', 'SAT', 0, 0),
(473, 2, '28-06-2020', 'SHARVARI', 'ASDSH08', 'ASHTAMI', 'SHUDDHA', 'ASHADA', 'UTTARA OR UTTARA PHALGUNI', 'SUN', 0, 0),
(474, 2, '29-06-2020', 'SHARVARI', 'ASDSH09', 'NAVAMI', 'SHUDDHA', 'ASHADA', 'HASTA,CHITRA', 'MON', 0, 0),
(475, 2, '30-06-2020', 'SHARVARI', 'ASDSH10', 'DASHAMI', 'SHUDDHA', 'ASHADA', 'CHITRA', 'TUE', 0, 0),
(476, 2, '01-07-2020', 'SHARVARI', 'ASDSH11', 'EKADASHI', 'SHUDDHA', 'ASHADA', 'VISAKHA', 'WED', 0, 0),
(477, 2, '02-07-2020', 'SHARVARI', 'ASDSH12', 'DWADASHI', 'SHUDDHA', 'ASHADA', 'ANURADHA', 'THU', 0, 0),
(478, 2, '03-07-2020', 'SHARVARI', 'ASDSH13', 'TRAYODASHI', 'SHUDDHA', 'ASHADA', 'JYESHTHA', 'FRI', 0, 0),
(479, 2, '04-07-2020', 'SHARVARI', 'ASDSH14', 'CHATURDASHI', 'SHUDDHA', 'ASHADA', 'MULA', 'SAT', 0, 0),
(480, 2, '05-07-2020', 'SHARVARI', 'ASDSH15', 'HUNNIME', 'SHUDDHA', 'ASHADA', 'PURVA ASHADHA', 'SUN', 0, 0),
(481, 2, '06-07-2020', 'SHARVARI', 'ASDBH01', 'PADYA', 'BAHULA', 'ASHADA', 'UTTARA ASADHA', 'MON', 0, 0),
(482, 2, '07-07-2020', 'SHARVARI', 'ASDBH02', 'BIDIGE', 'BAHULA', 'ASHADA', 'SHRAVANA', 'TUE', 0, 0),
(483, 2, '08-07-2020', 'SHARVARI', 'ASDBH03', 'TADIGE', 'BAHULA', 'ASHADA', 'DHANISHTA OR SRAVISTHA', 'WED', 0, 0),
(484, 2, '09-07-2020', 'SHARVARI', 'ASDBH04', 'CHOWTHI', 'BAHULA', 'ASHADA', 'SHATABHISHA OR SATATARAKA', 'THU', 0, 0);
INSERT INTO `calendar_year_breakup` (`CAL_YEAR_ID`, `CAL_ID`, `ENG_DATE`, `SAMVATSARA`, `THITHI_SHORT_CODE`, `THITHI_NAME`, `BASED_ON_MOON`, `MASA`, `STAR`, `DAY`, `DUPLICATE`, `DEACTIVE_STATUS`) VALUES
(485, 2, '10-07-2020', 'SHARVARI', 'ASDBH05', 'PANCHAMI', 'BAHULA', 'ASHADA', 'PURVA BHADRA', 'FRI', 0, 0),
(486, 2, '11-07-2020', 'SHARVARI', 'ASDBH06', 'SHASHTHI', 'BAHULA', 'ASHADA', 'UTTARA BHADRA', 'SAT', 0, 0),
(487, 2, '12-07-2020', 'SHARVARI', 'ASDBH07', 'SAPTAMI', 'BAHULA', 'ASHADA', 'UTTARA BHADRA', 'SUN', 0, 0),
(488, 2, '13-07-2020', 'SHARVARI', 'ASDBH08', 'ASHTAMI', 'BAHULA', 'ASHADA', 'REVATI', 'MON', 0, 0),
(489, 2, '14-07-2020', 'SHARVARI', 'ASDBH09', 'NAVAMI', 'BAHULA', 'ASHADA', 'ASHWINI', 'TUE', 0, 0),
(490, 2, '15-07-2020', 'SHARVARI', 'ASDBH10', 'DASHAMI', 'BAHULA', 'ASHADA', 'BHARANI', 'WED', 0, 0),
(491, 2, '16-07-2020', 'SHARVARI', 'ASDBH11', 'EKADASHI', 'BAHULA', 'ASHADA', 'KRITIKA', 'THU', 0, 0),
(492, 2, '17-07-2020', 'SHARVARI', 'ASDBH12', 'DWADASHI', 'BAHULA', 'ASHADA', 'ROHINI', 'FRI', 0, 0),
(493, 2, '18-07-2020', 'SHARVARI', 'ASDBH13', 'TRAYODASHI', 'BAHULA', 'ASHADA', 'MRIGASHIRSHA', 'SAT', 0, 0),
(494, 2, '19-07-2020', 'SHARVARI', 'ASDBH14', 'CHATURDASHI', 'BAHULA', 'ASHADA', 'ARDRA', 'SUN', 0, 0),
(495, 2, '20-07-2020', 'SHARVARI', 'ASDBH08', 'ASHTAMI', 'BAHULA', 'ASHADA', 'PUNARVASU', 'MON', 0, 0),
(496, 2, '21-07-2020', 'SHARVARI', 'SHRSH01', 'PADYA', 'SHUDDHA', 'SHRAVANA', 'PUSHYA', 'TUE', 0, 0),
(497, 2, '22-07-2020', 'SHARVARI', 'SHRSH02', 'BIDIGE', 'SHUDDHA', 'SHRAVANA', 'ASHLESHA', 'WED', 0, 0),
(498, 2, '23-07-2020', 'SHARVARI', 'SHRSH03', 'TADIGE', 'SHUDDHA', 'SHRAVANA', 'MAGHA', 'THU', 0, 0),
(499, 2, '24-07-2020', 'SHARVARI', 'SHRSH04', 'CHOWTHI', 'SHUDDHA', 'SHRAVANA', 'HUBBA OR PURVA PHALGUNI', 'FRI', 0, 0),
(500, 2, '25-07-2020', 'SHARVARI', 'SHRSH05', 'PANCHAMI', 'SHUDDHA', 'SHRAVANA', 'UTTARA OR UTTARA PHALGUNI', 'SAT', 0, 0),
(501, 2, '26-07-2020', 'SHARVARI', 'SHRSH06', 'SHASHTHI', 'SHUDDHA', 'SHRAVANA', 'HASTA', 'SUN', 0, 0),
(502, 2, '27-07-2020', 'SHARVARI', 'SHRSH07', 'SAPTAMI', 'SHUDDHA', 'SHRAVANA', 'CHITRA', 'MON', -1, 0),
(503, 2, '28-07-2020', 'SHARVARI', 'SHRSH09', 'NAVAMI', 'SHUDDHA', 'SHRAVANA', 'SWATHI', 'TUE', 0, 0),
(504, 2, '29-07-2020', 'SHARVARI', 'SHRSH10', 'DASHAMI', 'SHUDDHA', 'SHRAVANA', 'VISAKHA', 'WED', 0, 0),
(505, 2, '30-07-2020', 'SHARVARI', 'SHRSH11', 'EKADASHI', 'SHUDDHA', 'SHRAVANA', 'ANURADHA', 'THU', 0, 0),
(506, 2, '31-07-2020', 'SHARVARI', 'SHRSH12', 'DWADASHI', 'SHUDDHA', 'SHRAVANA', 'JYESHTHA', 'FRI', 0, 0),
(507, 2, '01-08-2020', 'SHARVARI', 'SHRSH13', 'TRAYODASHI', 'SHUDDHA', 'SHRAVANA', 'MULA', 'SAT', 0, 0),
(508, 2, '02-08-2020', 'SHARVARI', 'SHRSH14', 'CHATURDASHI', 'SHUDDHA', 'SHRAVANA', 'PURVA ASHADHA', 'SUN', 0, 0),
(509, 2, '03-08-2020', 'SHARVARI', 'SHRSH15', 'HUNNIME', 'SHUDDHA', 'SHRAVANA', 'UTTARA ASADHA', 'MON', 0, 0),
(510, 2, '04-08-2020', 'SHARVARI', 'SHRBH01', 'PADYA', 'BAHULA', 'SHRAVANA', 'SHRAVANA', 'TUE', 0, 0),
(511, 2, '05-08-2020', 'SHARVARI', 'SHRBH02', 'BIDIGE', 'BAHULA', 'SHRAVANA', 'DHANISHTA OR SRAVISTHA', 'WED', 0, 0),
(512, 2, '06-08-2020', 'SHARVARI', 'SHRBH03', 'TADIGE', 'BAHULA', 'SHRAVANA', 'SHATABHISHA OR SATATARAKA', 'THU', 0, 0),
(513, 2, '07-08-2020', 'SHARVARI', 'SHRBH04', 'CHOWTHI', 'BAHULA', 'SHRAVANA', 'PURVA BHADRA', 'FRI', 0, 0),
(514, 2, '08-08-2020', 'SHARVARI', 'SHRBH05', 'PANCHAMI', 'BAHULA', 'SHRAVANA', 'UTTARA BHADRA', 'SAT', 0, 0),
(515, 2, '09-08-2020', 'SHARVARI', 'SHRBH06', 'SHASHTHI', 'BAHULA', 'SHRAVANA', 'REVATI', 'SUN', 0, 0),
(516, 2, '10-08-2020', 'SHARVARI', 'SHRBH06', 'SHASHTHI', 'BAHULA', 'SHRAVANA', 'ASHWINI', 'MON', 0, 0),
(517, 2, '11-08-2020', 'SHARVARI', 'SHRBH07', 'SAPTAMI', 'BAHULA', 'SHRAVANA', 'BHARANI', 'TUE', 0, 0),
(518, 2, '12-08-2020', 'SHARVARI', 'SHRBH08', 'ASHTAMI', 'BAHULA', 'SHRAVANA', 'KRITIKA', 'WED', 0, 0),
(519, 2, '13-08-2020', 'SHARVARI', 'SHRBH09', 'NAVAMI', 'BAHULA', 'SHRAVANA', 'ROHINI', 'THU', 0, 0),
(520, 2, '14-08-2020', 'SHARVARI', 'SHRBH10', 'DASHAMI', 'BAHULA', 'SHRAVANA', 'MRIGASHIRSHA', 'FRI', 0, 0),
(521, 2, '15-08-2020', 'SHARVARI', 'SHRBH11', 'EKADASHI', 'BAHULA', 'SHRAVANA', 'MRIGASHIRSHA', 'SAT', 0, 0),
(522, 2, '16-08-2020', 'SHARVARI', 'SHRBH12', 'DWADASHI', 'BAHULA', 'SHRAVANA', 'ARDRA', 'SUN', 0, 0),
(523, 2, '17-08-2020', 'SHARVARI', 'SHRBH13', 'TRAYODASHI', 'BAHULA', 'SHRAVANA', 'PUNARVASU,PUSHYA', 'MON', 0, 0),
(524, 2, '18-08-2020', 'SHARVARI', 'SHRBH14', 'CHATURDASHI', 'BAHULA', 'SHRAVANA', 'ASHLESHA', 'TUE', 0, 0),
(525, 2, '19-08-2020', 'SHARVARI', 'SHRBH30', 'AMAVASYA', 'BAHULA', 'SHRAVANA', 'MAGHA', 'WED', -1, 0),
(526, 2, '20-08-2020', 'SHARVARI', 'BHASH02', 'BIDIGE', 'SHUDDHA', 'BHADRAPADA', 'HUBBA OR PURVA PHALGUNI', 'THU', 0, 0),
(527, 2, '21-08-2020', 'SHARVARI', 'BHASH03', 'TADIGE', 'SHUDDHA', 'BHADRAPADA', 'UTTARA OR UTTARA PHALGUNI', 'FRI', 0, 0),
(528, 2, '22-08-2020', 'SHARVARI', 'BHASH04', 'CHOWTHI', 'SHUDDHA', 'BHADRAPADA', 'HASTA', 'SAT', 0, 0),
(529, 2, '23-08-2020', 'SHARVARI', 'BHASH05', 'PANCHAMI', 'SHUDDHA', 'BHADRAPADA', 'CHITRA', 'SUN', 0, 0),
(530, 2, '24-08-2020', 'SHARVARI', 'BHASH06', 'SHASHTHI', 'SHUDDHA', 'BHADRAPADA', 'SWATHI', 'MON', 0, 0),
(531, 2, '25-08-2020', 'SHARVARI', 'BHASH07', 'SAPTAMI', 'SHUDDHA', 'BHADRAPADA', 'VISAKHA', 'TUE', 0, 0),
(532, 2, '26-08-2020', 'SHARVARI', 'BHASH08', 'ASHTAMI', 'SHUDDHA', 'BHADRAPADA', 'ANURADHA', 'WED', 0, 0),
(533, 2, '27-08-2020', 'SHARVARI', 'BHASH09', 'NAVAMI', 'SHUDDHA', 'BHADRAPADA', 'JYESHTHA', 'THU', 0, 0),
(534, 2, '28-08-2020', 'SHARVARI', 'BHASH10', 'DASHAMI', 'SHUDDHA', 'BHADRAPADA', 'MULA', 'FRI', 0, 0),
(535, 2, '29-08-2020', 'SHARVARI', 'BHASH11', 'EKADASHI', 'SHUDDHA', 'BHADRAPADA', 'PURVA ASHADHA', 'SAT', 0, 0),
(536, 2, '30-08-2020', 'SHARVARI', 'BHASH12', 'DWADASHI', 'SHUDDHA', 'BHADRAPADA', 'UTTARA ASADHA', 'SUN', 0, 0),
(537, 2, '31-08-2020', 'SHARVARI', 'BHASH13', 'TRAYODASHI', 'SHUDDHA', 'BHADRAPADA', 'SHRAVANA', 'MON', 0, 0),
(538, 2, '01-09-2020', 'SHARVARI', 'BHASH14', 'CHATURDASHI', 'SHUDDHA', 'BHADRAPADA', 'DHANISHTA OR SRAVISTHA', 'TUE', 0, 0),
(539, 2, '02-09-2020', 'SHARVARI', 'BHASH15', 'HUNNIME', 'SHUDDHA', 'BHADRAPADA', 'SHATABHISHA OR SATATARAKA', 'WED', 0, 0),
(540, 2, '03-09-2020', 'SHARVARI', 'BHABH01', 'PADYA', 'BAHULA', 'BHADRAPADA', 'PURVA BHADRA', 'THU', 0, 0),
(541, 2, '04-09-2020', 'SHARVARI', 'BHABH02', 'BIDIGE', 'BAHULA', 'BHADRAPADA', 'UTTARA BHADRA', 'FRI', 0, 0),
(542, 2, '05-09-2020', 'SHARVARI', 'BHABH03', 'TADIGE', 'BAHULA', 'BHADRAPADA', 'REVATI', 'SAT', 0, 0),
(543, 2, '06-09-2020', 'SHARVARI', 'BHABH04', 'CHOWTHI', 'BAHULA', 'BHADRAPADA', 'ASHWINI', 'SUN', 0, 0),
(544, 2, '07-09-2020', 'SHARVARI', 'BHABH01', 'PADYA', 'BAHULA', 'BHADRAPADA', 'BHARANI', 'MON', 0, 0),
(545, 2, '08-09-2020', 'SHARVARI', 'BHABH06', 'SHASHTHI', 'BAHULA', 'BHADRAPADA', 'BHARANI', 'TUE', 0, 0),
(546, 2, '09-09-2020', 'SHARVARI', 'BHABH07', 'SAPTAMI', 'BAHULA', 'BHADRAPADA', 'KRITIKA', 'WED', 0, 0),
(547, 2, '10-09-2020', 'SHARVARI', 'BHABH08', 'ASHTAMI', 'BAHULA', 'BHADRAPADA', 'ROHINI', 'THU', 0, 0),
(548, 2, '11-09-2020', 'SHARVARI', 'BHABH09', 'NAVAMI', 'BAHULA', 'BHADRAPADA', 'MRIGASHIRSHA', 'FRI', 0, 0),
(549, 2, '12-09-2020', 'SHARVARI', 'BHABH10', 'DASHAMI', 'BAHULA', 'BHADRAPADA', 'ARDRA', 'SAT', 0, 0),
(550, 2, '13-09-2020', 'SHARVARI', 'BHABH11', 'EKADASHI', 'BAHULA', 'BHADRAPADA', 'PUNARVASU', 'SUN', 0, 0),
(551, 2, '14-09-2020', 'SHARVARI', 'BHABH12', 'DWADASHI', 'BAHULA', 'BHADRAPADA', 'PUSHYA', 'MON', 0, 0),
(552, 2, '15-09-2020', 'SHARVARI', 'BHABH13', 'TRAYODASHI', 'BAHULA', 'BHADRAPADA', 'ASHLESHA', 'TUE', 0, 0),
(553, 2, '16-09-2020', 'SHARVARI', 'BHABH14', 'CHATURDASHI', 'BAHULA', 'BHADRAPADA', 'MAGHA', 'WED', 0, 0),
(554, 2, '17-09-2020', 'SHARVARI', 'BHABH30', 'AMAVASYA', 'BAHULA', 'BHADRAPADA', 'HUBBA OR PURVA PHALGUNI', 'THU', 0, 0),
(555, 2, '18-09-2020', 'SHARVARI', 'ADHSH01', 'PADYA', 'SHUDDHA', 'ADHIKA', 'UTTARA OR UTTARA PHALGUNI,HASTA', 'FRI', 0, 0),
(556, 2, '19-09-2020', 'SHARVARI', 'ASDSH02', 'BIDIGE', 'SHUDDHA', 'ADHIKA', 'CHITRA', 'SAT', -1, 0),
(557, 2, '20-09-2020', 'SHARVARI', 'ADHSH04', 'CHOWTHI', 'SHUDDHA', 'ADHIKA', 'SWATHI', 'SUN', 0, 0),
(558, 2, '21-09-2020', 'SHARVARI', 'ADHSH05', 'PANCHAMI', 'SHUDDHA', 'ADHIKA', 'VISAKHA', 'MON', 0, 0),
(559, 2, '22-09-2020', 'SHARVARI', 'ADHSH06', 'SHASHTHI', 'SHUDDHA', 'ADHIKA', 'ANURADHA', 'TUE', 0, 0),
(560, 2, '23-09-2020', 'SHARVARI', 'ADHSH07', 'SAPTAMI', 'SHUDDHA', 'ADHIKA', 'JYESHTHA', 'WED', 0, 0),
(561, 2, '24-09-2020', 'SHARVARI', 'ADHSH08', 'ASHTAMI', 'SHUDDHA', 'ADHIKA', 'MULA', 'THU', 0, 0),
(562, 2, '25-09-2020', 'SHARVARI', 'ADHSH09', 'NAVAMI', 'SHUDDHA', 'ADHIKA', 'PURVA ASHADHA', 'FRI', 0, 0),
(563, 2, '26-09-2020', 'SHARVARI', 'ADHSH10', 'DASHAMI', 'SHUDDHA', 'ADHIKA', 'UTTARA ASADHA', 'SAT', 0, 0),
(564, 2, '27-09-2020', 'SHARVARI', 'ADHSH11', 'EKADASHI', 'SHUDDHA', 'ADHIKA', 'SHRAVANA', 'SUN', 0, 0),
(565, 2, '28-09-2020', 'SHARVARI', 'ADHSH12', 'DWADASHI', 'SHUDDHA', 'ADHIKA', 'DHANISHTA OR SRAVISTHA', 'MON', 0, 0),
(566, 2, '29-09-2020', 'SHARVARI', 'ADHSH13', 'TRAYODASHI', 'SHUDDHA', 'ADHIKA', 'SHATABHISHA OR SATATARAKA', 'TUE', 0, 0),
(567, 2, '30-09-2020', 'SHARVARI', 'ADHSH14', 'CHATURDASHI', 'SHUDDHA', 'ADHIKA', 'PURVA BHADRA', 'WED', 0, 0),
(568, 2, '01-10-2020', 'SHARVARI', 'ADHSH15', 'HUNNIME', 'SHUDDHA', 'ADHIKA', 'UTTARA BHADRA', 'THU', 0, 0),
(569, 2, '02-10-2020', 'SHARVARI', 'ADHBH01', 'PADYA', 'BAHULA', 'ADHIKA', 'REVATI', 'FRI', 0, 0),
(570, 2, '03-10-2020', 'SHARVARI', 'ADHBH02', 'BIDIGE', 'BAHULA', 'ADHIKA', 'REVATI', 'SAT', 0, 0),
(571, 2, '04-10-2020', 'SHARVARI', 'ADHBH02', 'BIDIGE', 'BAHULA', 'ADHIKA', 'ASHWINI', 'SUN', 0, 0),
(572, 2, '05-10-2020', 'SHARVARI', 'ADHBH03', 'TADIGE', 'BAHULA', 'ADHIKA', 'BHARANI', 'MON', 0, 0),
(573, 2, '06-10-2020', 'SHARVARI', 'ADHBH04', 'CHOWTHI', 'BAHULA', 'ADHIKA', 'KRITIKA', 'TUE', 0, 0),
(574, 2, '07-10-2020', 'SHARVARI', 'ADHBH05', 'PANCHAMI', 'BAHULA', 'ADHIKA', 'ROHINI', 'WED', 0, 0),
(575, 2, '08-10-2020', 'SHARVARI', 'ADHBH06', 'SHASHTHI', 'BAHULA', 'ADHIKA', 'MRIGASHIRSHA', 'THU', 0, 0),
(576, 2, '09-10-2020', 'SHARVARI', 'ADHBH07', 'SAPTAMI', 'BAHULA', 'ADHIKA', 'ARDRA', 'FRI', 0, 0),
(577, 2, '10-10-2020', 'SHARVARI', 'ASDBH08', 'ASHTAMI', 'BAHULA', 'ASHADA', 'PUNARVASU', 'SAT', 0, 0),
(578, 2, '11-10-2020', 'SHARVARI', 'ADHBH09', 'NAVAMI', 'BAHULA', 'ADHIKA', 'PUSHYA', 'SUN', 0, 0),
(579, 2, '12-10-2020', 'SHARVARI', 'ADHBH10', 'DASHAMI', 'BAHULA', 'ADHIKA', 'ASHLESHA', 'MON', 0, 0),
(580, 2, '13-10-2020', 'SHARVARI', 'ADHBH11', 'EKADASHI', 'BAHULA', 'ADHIKA', 'MAGHA', 'TUE', 0, 0),
(581, 2, '14-10-2020', 'SHARVARI', 'ADHBH12', 'DWADASHI', 'BAHULA', 'ADHIKA', 'HUBBA OR PURVA PHALGUNI', 'WED', 0, 0),
(582, 2, '15-10-2020', 'SHARVARI', 'ADHBH13', 'TRAYODASHI', 'BAHULA', 'ADHIKA', 'UTTARA OR UTTARA PHALGUNI', 'THU', -1, 0),
(583, 2, '16-10-2020', 'SHARVARI', 'ADHBH30', 'AMAVASYA', 'BAHULA', 'ADHIKA', 'HASTA', 'FRI', 0, 0),
(584, 2, '17-10-2020', 'SHARVARI', 'ASWSH01', 'PADYA', 'SHUDDHA', 'ASHWIJA', 'CHITRA', 'SAT', 0, 0),
(585, 2, '18-10-2020', 'SHARVARI', 'ASWSH02', 'BIDIGE', 'SHUDDHA', 'ASHWIJA', 'SWATHI,VISAKHA', 'SUN', 0, 0),
(586, 2, '19-10-2020', 'SHARVARI', 'ASWSH03', 'TADIGE', 'SHUDDHA', 'ASHWIJA', 'ANURADHA', 'MON', 0, 0),
(587, 2, '20-10-2020', 'SHARVARI', 'ASWSH04', 'CHOWTHI', 'SHUDDHA', 'ASHWIJA', 'JYESHTHA', 'TUE', 0, 0),
(588, 2, '21-10-2020', 'SHARVARI', 'ASWSH01', 'PADYA', 'SHUDDHA', 'ASHWIJA', 'MULA', 'WED', 0, 0),
(589, 2, '22-10-2020', 'SHARVARI', 'ASWSH06', 'SHASHTHI', 'SHUDDHA', 'ASHWIJA', 'PURVA ASHADHA', 'THU', 0, 0),
(590, 2, '23-10-2020', 'SHARVARI', 'ASWSH07', 'SAPTAMI', 'SHUDDHA', 'ASHWIJA', 'UTTARA ASADHA', 'FRI', 0, 0),
(591, 2, '24-10-2020', 'SHARVARI', 'ASWSH08', 'ASHTAMI', 'SHUDDHA', 'ASHWIJA', 'SHRAVANA', 'SAT', 0, 0),
(592, 2, '25-10-2020', 'SHARVARI', 'ASWSH09', 'NAVAMI', 'SHUDDHA', 'ASHWIJA', 'DHANISHTA OR SRAVISTHA', 'SUN', 0, 0),
(593, 2, '26-10-2020', 'SHARVARI', 'ASWSH10', 'DASHAMI', 'SHUDDHA', 'ASHWIJA', 'SHATABHISHA OR SATATARAKA', 'MON', 0, 0),
(594, 2, '27-10-2020', 'SHARVARI', 'ASWSH11', 'EKADASHI', 'SHUDDHA', 'ASHWIJA', 'SHATABHISHA OR SATATARAKA', 'TUE', 0, 0),
(595, 2, '28-10-2020', 'SHARVARI', 'ASWSH12', 'DWADASHI', 'SHUDDHA', 'ASHWIJA', 'PURVA BHADRA', 'WED', 0, 0),
(596, 2, '29-10-2020', 'SHARVARI', 'ASWSH13', 'TRAYODASHI', 'SHUDDHA', 'ASHWIJA', 'UTTARA BHADRA', 'THU', 0, 0),
(597, 2, '30-10-2020', 'SHARVARI', 'ASWSH14', 'CHATURDASHI', 'SHUDDHA', 'ASHWIJA', 'REVATI', 'FRI', 0, 0),
(598, 2, '31-10-2020', 'SHARVARI', 'ASWSH15', 'HUNNIME', 'SHUDDHA', 'ASHWIJA', 'ASHWINI', 'SAT', 0, 0),
(599, 2, '01-11-2020', 'SHARVARI', 'ASWBH01', 'PADYA', 'BAHULA', 'ASHWIJA', 'BHARANI', 'SUN', 0, 0),
(600, 2, '02-11-2020', 'SHARVARI', 'ASWBH02', 'BIDIGE', 'BAHULA', 'ASHWIJA', 'KRITIKA', 'MON', 0, 0),
(601, 2, '03-11-2020', 'SHARVARI', 'ASWBH03', 'TADIGE', 'BAHULA', 'ASHWIJA', 'ROHINI', 'TUE', 0, 0),
(602, 2, '04-11-2020', 'SHARVARI', 'ASWBH04', 'CHOWTHI', 'BAHULA', 'ASHWIJA', 'MRIGASHIRSHA', 'WED', 0, 0),
(603, 2, '05-11-2020', 'SHARVARI', 'ASWBH05', 'PANCHAMI', 'BAHULA', 'ASHWIJA', 'ARDRA', 'THU', 0, 0),
(604, 2, '06-11-2020', 'SHARVARI', 'ASWBH05', 'PANCHAMI', 'BAHULA', 'ASHWIJA', 'ARDRA', 'FRI', 0, 0),
(605, 2, '07-11-2020', 'SHARVARI', 'ASWBH06', 'SHASHTHI', 'BAHULA', 'ASHWIJA', 'PUNARVASU', 'SAT', 0, 0),
(606, 2, '08-11-2020', 'SHARVARI', 'ASWBH07', 'SAPTAMI', 'BAHULA', 'ASHWIJA', 'PUSHYA', 'SUN', 0, 0),
(607, 2, '09-11-2020', 'SHARVARI', 'ASWBH08', 'ASHTAMI', 'BAHULA', 'ASHWIJA', 'ASHLESHA', 'MON', -1, 0),
(608, 2, '10-11-2020', 'SHARVARI', 'ASWBH10', 'DASHAMI', 'BAHULA', 'ASHWIJA', 'MAGHA', 'TUE', 0, 0),
(609, 2, '11-11-2020', 'SHARVARI', 'ASWBH11', 'EKADASHI', 'BAHULA', 'ASHWIJA', 'HUBBA OR PURVA PHALGUNI,UTTARA OR UTTARA PHALGUNI', 'WED', 0, 0),
(610, 2, '12-11-2020', 'SHARVARI', 'ASWBH12', 'DWADASHI', 'BAHULA', 'ASHWIJA', 'HASTA', 'THU', 0, 0),
(611, 2, '13-11-2020', 'SHARVARI', 'ASWBH13', 'TRAYODASHI', 'BAHULA', 'ASHWIJA', 'CHITRA', 'FRI', 0, 0),
(612, 2, '14-11-2020', 'SHARVARI', 'ASWBH14', 'CHATURDASHI', 'BAHULA', 'ASHWIJA', 'SWATHI', 'SAT', 0, 0),
(613, 2, '15-11-2020', 'SHARVARI', 'ASWBH30', 'AMAVASYA', 'BAHULA', 'ASHWIJA', 'VISAKHA', 'SUN', 0, 0),
(614, 2, '16-11-2020', 'SHARVARI', 'KARSH01', 'PADYA', 'SHUDDHA', 'KARTHIKA', 'ANURADHA', 'MON', -1, 0),
(615, 2, '17-11-2020', 'SHARVARI', 'KARSH03', 'TADIGE', 'SHUDDHA', 'KARTHIKA', 'JYESHTHA', 'TUE', 0, 0),
(616, 2, '18-11-2020', 'SHARVARI', 'KARSH04', 'CHOWTHI', 'SHUDDHA', 'KARTHIKA', 'MULA', 'WED', 0, 0),
(617, 2, '19-11-2020', 'SHARVARI', 'KARSH01', 'PADYA', 'SHUDDHA', 'KARTHIKA', 'PURVA ASHADHA', 'THU', 0, 0),
(618, 2, '20-11-2020', 'SHARVARI', 'KARSH06', 'SHASHTHI', 'SHUDDHA', 'KARTHIKA', 'UTTARA ASADHA', 'FRI', 0, 0),
(619, 2, '21-11-2020', 'SHARVARI', 'KARSH07', 'SAPTAMI', 'SHUDDHA', 'KARTHIKA', 'SHRAVANA', 'SAT', 0, 0),
(620, 2, '22-11-2020', 'SHARVARI', 'KARSH08', 'ASHTAMI', 'SHUDDHA', 'KARTHIKA', 'DHANISHTA OR SRAVISTHA', 'SUN', 0, 0),
(621, 2, '23-11-2020', 'SHARVARI', 'KARSH09', 'NAVAMI', 'SHUDDHA', 'KARTHIKA', 'SHATABHISHA OR SATATARAKA', 'MON', 0, 0),
(622, 2, '24-11-2020', 'SHARVARI', 'KARSH10', 'DASHAMI', 'SHUDDHA', 'KARTHIKA', 'PURVA BHADRA', 'TUE', 0, 0),
(623, 2, '25-11-2020', 'SHARVARI', 'KARSH11', 'EKADASHI', 'SHUDDHA', 'KARTHIKA', 'UTTARA BHADRA', 'WED', 0, 0),
(624, 2, '26-11-2020', 'SHARVARI', 'KARSH12', 'DWADASHI', 'SHUDDHA', 'KARTHIKA', 'REVATI', 'THU', 0, 0),
(625, 2, '27-11-2020', 'SHARVARI', 'KARSH12', 'DWADASHI', 'SHUDDHA', 'KARTHIKA', 'ASHWINI', 'FRI', 0, 0),
(626, 2, '28-11-2020', 'SHARVARI', 'KARSH13', 'TRAYODASHI', 'SHUDDHA', 'KARTHIKA', 'BHARANI', 'SAT', 0, 0),
(627, 2, '29-11-2020', 'SHARVARI', 'KARSH14', 'CHATURDASHI', 'SHUDDHA', 'KARTHIKA', 'KRITIKA', 'SUN', 0, 0),
(628, 2, '30-11-2020', 'SHARVARI', 'KARSH15', 'HUNNIME', 'SHUDDHA', 'KARTHIKA', 'ROHINI', 'MON', 0, 0),
(629, 2, '01-12-2020', 'SHARVARI', 'KARBH01', 'PADYA', 'BAHULA', 'KARTHIKA', 'ROHINI', 'TUE', 0, 0),
(630, 2, '02-12-2020', 'SHARVARI', 'KARBH02', 'BIDIGE', 'BAHULA', 'KARTHIKA', 'MRIGASHIRSHA', 'WED', 0, 0),
(631, 2, '03-12-2020', 'SHARVARI', 'KARBH03', 'TADIGE', 'BAHULA', 'KARTHIKA', 'ARDRA', 'THU', 0, 0),
(632, 2, '04-12-2020', 'SHARVARI', 'KARBH04', 'CHOWTHI', 'BAHULA', 'KARTHIKA', 'PUNARVASU', 'FRI', 0, 0),
(633, 2, '05-12-2020', 'SHARVARI', 'KARBH05', 'PANCHAMI', 'BAHULA', 'KARTHIKA', 'PUSHYA', 'SAT', 0, 0),
(634, 2, '06-12-2020', 'SHARVARI', 'KARBH06', 'SHASHTHI', 'BAHULA', 'KARTHIKA', 'ASHLESHA', 'SUN', 0, 0),
(635, 2, '07-12-2020', 'SHARVARI', 'KARBH07', 'SAPTAMI', 'BAHULA', 'KARTHIKA', 'MAGHA', 'MON', 0, 0),
(636, 2, '08-12-2020', 'SHARVARI', 'KARBH08', 'ASHTAMI', 'BAHULA', 'KARTHIKA', 'HUBBA OR PURVA PHALGUNI', 'TUE', 0, 0),
(637, 2, '09-12-2020', 'SHARVARI', 'KARBH09', 'NAVAMI', 'BAHULA', 'KARTHIKA', 'UTTARA OR UTTARA PHALGUNI', 'WED', 0, 0),
(638, 2, '10-12-2020', 'SHARVARI', 'KARBH10', 'DASHAMI', 'BAHULA', 'KARTHIKA', 'HASTA', 'THU', 0, 0),
(639, 2, '11-12-2020', 'SHARVARI', 'KARBH11', 'EKADASHI', 'BAHULA', 'KARTHIKA', 'CHITRA', 'FRI', 0, 0),
(640, 2, '12-12-2020', 'SHARVARI', 'KARBH12', 'DWADASHI', 'BAHULA', 'KARTHIKA', 'SWATHI', 'SAT', -1, 0),
(641, 2, '13-12-2020', 'SHARVARI', 'KARBH14', 'CHATURDASHI', 'BAHULA', 'KARTHIKA', 'ANURADHA', 'SUN', 0, 0),
(642, 2, '14-12-2020', 'SHARVARI', 'KARBH30', 'AMAVASYA', 'BAHULA', 'KARTHIKA', 'JYESHTHA', 'MON', 0, 0),
(643, 2, '15-12-2020', 'SHARVARI', 'MARSH01', 'PADYA', 'SHUDDHA', 'MARGASHEERA', 'MULA', 'TUE', 0, 0),
(644, 2, '16-12-2020', 'SHARVARI', 'MARSH02', 'BIDIGE', 'SHUDDHA', 'MARGASHEERA', 'PURVA ASHADHA', 'WED', 0, 0),
(645, 2, '17-12-2020', 'SHARVARI', 'MARSH03', 'TADIGE', 'SHUDDHA', 'MARGASHEERA', 'UTTARA ASADHA', 'THU', 0, 0),
(646, 2, '18-12-2020', 'SHARVARI', 'MARSH04', 'CHOWTHI', 'SHUDDHA', 'MARGASHEERA', 'SHRAVANA', 'FRI', 0, 0),
(647, 2, '19-12-2020', 'SHARVARI', 'MARSH05', 'PANCHAMI', 'SHUDDHA', 'MARGASHEERA', 'DHANISHTA OR SRAVISTHA', 'SAT', 0, 0),
(648, 2, '20-12-2020', 'SHARVARI', 'MARSH06', 'SHASHTHI', 'SHUDDHA', 'MARGASHEERA', 'SHATABHISHA OR SATATARAKA', 'SUN', 0, 0),
(649, 2, '21-12-2020', 'SHARVARI', 'MARSH07', 'SAPTAMI', 'SHUDDHA', 'MARGASHEERA', 'PURVA BHADRA', 'MON', 0, 0),
(650, 2, '22-12-2020', 'SHARVARI', 'MARSH08', 'ASHTAMI', 'SHUDDHA', 'MARGASHEERA', 'UTTARA BHADRA', 'TUE', 0, 0),
(651, 2, '23-12-2020', 'SHARVARI', 'MARSH09', 'NAVAMI', 'SHUDDHA', 'MARGASHEERA', 'REVATI', 'WED', 0, 0),
(652, 2, '24-12-2020', 'SHARVARI', 'MARSH10', 'DASHAMI', 'SHUDDHA', 'MARGASHEERA', 'ASHWINI', 'THU', 0, 0),
(653, 2, '25-12-2020', 'SHARVARI', 'MARSH11', 'EKADASHI', 'SHUDDHA', 'MARGASHEERA', 'ASHWINI', 'FRI', 0, 0),
(654, 2, '26-12-2020', 'SHARVARI', 'MARSH10', 'DASHAMI', 'SHUDDHA', 'MARGASHEERA', 'BHARANI', 'SAT', 0, 0),
(655, 2, '27-12-2020', 'SHARVARI', 'MARSH13', 'TRAYODASHI', 'SHUDDHA', 'MARGASHEERA', 'KRITIKA', 'SUN', 0, 0),
(656, 2, '28-12-2020', 'SHARVARI', 'MARSH14', 'CHATURDASHI', 'SHUDDHA', 'MARGASHEERA', 'ROHINI', 'MON', 0, 0),
(657, 2, '29-12-2020', 'SHARVARI', 'MARSH14', 'CHATURDASHI', 'SHUDDHA', 'MARGASHEERA', 'MRIGASHIRSHA', 'TUE', 0, 0),
(658, 2, '30-12-2020', 'SHARVARI', 'MARSH15', 'HUNNIME', 'SHUDDHA', 'MARGASHEERA', 'ARDRA', 'WED', 0, 0),
(659, 2, '31-12-2020', 'SHARVARI', 'MARBH01', 'PADYA', 'BAHULA', 'MARGASHEERA', 'PUNARVASU', 'THU', 0, 0),
(660, 2, '01-01-2021', 'SHARVARI', 'MARBH02', 'BIDIGE', 'BAHULA', 'MARGASHEERA', 'PUSHYA', 'FRI', 0, 0),
(661, 2, '02-01-2021', 'SHARVARI', 'MARBH03', 'TADIGE', 'BAHULA', 'MARGASHEERA', 'ASHLESHA', 'SAT', 0, 0),
(662, 2, '03-01-2021', 'SHARVARI', 'MARBH04', 'CHOWTHI', 'BAHULA', 'MARGASHEERA', 'MAGHA', 'SUN', 0, 0),
(663, 2, '04-01-2021', 'SHARVARI', 'MARBH05', 'PANCHAMI', 'BAHULA', 'MARGASHEERA', 'HUBBA OR PURVA PHALGUNI', 'MON', -1, 0),
(664, 2, '05-01-2021', 'SHARVARI', 'MARBH07', 'SAPTAMI', 'BAHULA', 'MARGASHEERA', 'UTTARA OR UTTARA PHALGUNI', 'TUE', 0, 0),
(665, 2, '06-01-2021', 'SHARVARI', 'MARBH08', 'ASHTAMI', 'BAHULA', 'MARGASHEERA', 'HASTA', 'WED', 0, 0),
(666, 2, '07-01-2021', 'SHARVARI', 'MARBH09', 'NAVAMI', 'BAHULA', 'MARGASHEERA', 'CHITRA', 'THU', 0, 0),
(667, 2, '08-01-2021', 'SHARVARI', 'MARBH10', 'DASHAMI', 'BAHULA', 'MARGASHEERA', 'SWATHI', 'FRI', 0, 0),
(668, 2, '09-01-2021', 'SHARVARI', 'MARBH11', 'EKADASHI', 'BAHULA', 'MARGASHEERA', 'VISAKHA', 'SAT', 0, 0),
(669, 2, '10-01-2021', 'SHARVARI', 'MARBH12', 'DWADASHI', 'BAHULA', 'MARGASHEERA', 'ANURADHA', 'SUN', 0, 0),
(670, 2, '11-01-2021', 'SHARVARI', 'MARBH13', 'TRAYODASHI', 'BAHULA', 'MARGASHEERA', 'JYESHTHA', 'MON', 0, 0),
(671, 2, '12-01-2021', 'SHARVARI', 'MARBH14', 'CHATURDASHI', 'BAHULA', 'MARGASHEERA', 'MULA,PURVA ASHADHA', 'TUE', 0, 0),
(672, 2, '13-01-2021', 'SHARVARI', 'MARBH30', 'AMAVASYA', 'BAHULA', 'MARGASHEERA', 'UTTARA ASADHA', 'WED', 0, 0),
(673, 2, '14-01-2021', 'SHARVARI', 'PUSSH01', 'PADYA', 'SHUDDHA', 'PUSHYA', 'SHRAVANA', 'THU', 0, 0),
(674, 2, '15-01-2021', 'SHARVARI', 'PUSSH02', 'BIDIGE', 'SHUDDHA', 'PUSHYA', 'DHANISHTA OR SRAVISTHA', 'FRI', 0, 0),
(675, 2, '16-01-2021', 'SHARVARI', 'PUSSH03', 'TADIGE', 'SHUDDHA', 'PUSHYA', 'SHATABHISHA OR SATATARAKA', 'SAT', 0, 0),
(676, 2, '17-01-2021', 'SHARVARI', 'PUSSH04', 'CHOWTHI', 'SHUDDHA', 'PUSHYA', 'PURVA BHADRA', 'SUN', 0, 0),
(677, 2, '18-01-2021', 'SHARVARI', 'PUSSH05', 'PANCHAMI', 'SHUDDHA', 'PUSHYA', 'PURVA BHADRA', 'MON', 0, 0),
(678, 2, '19-01-2021', 'SHARVARI', 'PUSSH06', 'SHASHTHI', 'SHUDDHA', 'PUSHYA', 'UTTARA BHADRA', 'TUE', 0, 0),
(679, 2, '20-01-2021', 'SHARVARI', 'PUSSH07', 'SAPTAMI', 'SHUDDHA', 'PUSHYA', 'REVATI', 'WED', 0, 0),
(680, 2, '21-01-2021', 'SHARVARI', 'PUSSH08', 'ASHTAMI', 'SHUDDHA', 'PUSHYA', 'ASHWINI', 'THU', 0, 0),
(681, 2, '22-01-2021', 'SHARVARI', 'PUSSH09', 'NAVAMI', 'SHUDDHA', 'PUSHYA', 'BHARANI', 'FRI', 0, 0),
(682, 2, '23-01-2021', 'SHARVARI', 'PUSSH10', 'DASHAMI', 'SHUDDHA', 'PUSHYA', 'KRITIKA', 'SAT', 0, 0),
(683, 2, '24-01-2021', 'SHARVARI', 'PUSSH11', 'EKADASHI', 'SHUDDHA', 'PUSHYA', 'ROHINI', 'SUN', 0, 0),
(684, 2, '25-01-2021', 'SHARVARI', 'PUSSH12', 'DWADASHI', 'SHUDDHA', 'PUSHYA', 'MRIGASHIRSHA', 'MON', 0, 0),
(685, 2, '26-01-2021', 'SHARVARI', 'PUSSH13', 'TRAYODASHI', 'SHUDDHA', 'PUSHYA', 'ARDRA', 'TUE', 0, 0),
(686, 2, '27-01-2021', 'SHARVARI', 'PUSSH14', 'CHATURDASHI', 'SHUDDHA', 'PUSHYA', 'PUNARVASU', 'WED', 0, 0),
(687, 2, '28-01-2021', 'SHARVARI', 'PUSSH15', 'HUNNIME', 'SHUDDHA', 'PUSHYA', 'PUSHYA', 'THU', 0, 0),
(688, 2, '29-01-2021', 'SHARVARI', 'PUSBH01', 'PADYA', 'BAHULA', 'PUSHYA', 'ASHLESHA', 'FRI', 0, 0),
(689, 2, '30-01-2021', 'SHARVARI', 'PUSBH02', 'BIDIGE', 'BAHULA', 'PUSHYA', 'MAGHA', 'SAT', 0, 0),
(690, 2, '31-01-2021', 'SHARVARI', 'PUSBH03', 'TADIGE', 'BAHULA', 'PUSHYA', 'HUBBA OR PURVA PHALGUNI', 'SUN', 0, 0),
(691, 2, '01-02-2021', 'SHARVARI', 'PUSBH04', 'CHOWTHI', 'BAHULA', 'PUSHYA', 'UTTARA OR UTTARA PHALGUNI', 'MON', 0, 0),
(692, 2, '02-02-2021', 'SHARVARI', 'PUSBH05', 'PANCHAMI', 'BAHULA', 'PUSHYA', 'HASTA', 'TUE', 0, 0),
(693, 2, '03-02-2021', 'SHARVARI', 'PUSBH06', 'SHASHTHI', 'BAHULA', 'PUSHYA', 'CHITRA', 'WED', 0, 0),
(694, 2, '04-02-2021', 'SHARVARI', 'PUSBH07', 'SAPTAMI', 'BAHULA', 'PUSHYA', 'SWATHI', 'THU', 0, 0),
(695, 2, '05-02-2021', 'SHARVARI', 'PUSBH08', 'ASHTAMI', 'BAHULA', 'PUSHYA', 'VISAKHA', 'FRI', 0, 0),
(696, 2, '06-02-2021', 'SHARVARI', 'PUSBH09', 'NAVAMI', 'BAHULA', 'PUSHYA', 'ANURADHA', 'SAT', -1, 0),
(697, 2, '07-02-2021', 'SHARVARI', 'PUSBH11', 'EKADASHI', 'BAHULA', 'PUSHYA', 'JYESHTHA', 'SUN', 0, 0),
(698, 2, '08-02-2021', 'SHARVARI', 'PUSBH11', 'EKADASHI', 'BAHULA', 'PUSHYA', 'MULA', 'MON', -1, 0),
(699, 2, '09-02-2021', 'SHARVARI', 'PUSBH13', 'TRAYODASHI', 'BAHULA', 'PUSHYA', 'PURVA ASHADHA', 'TUE', 0, 0),
(700, 2, '10-02-2021', 'SHARVARI', 'PUSBH14', 'CHATURDASHI', 'BAHULA', 'PUSHYA', 'UTTARA ASADHA', 'WED', 0, 0),
(701, 2, '11-02-2021', 'SHARVARI', 'PUSBH08', 'ASHTAMI', 'BAHULA', 'PUSHYA', 'SHRAVANA', 'THU', 0, 0),
(702, 2, '12-02-2021', 'SHARVARI', 'MAGSH01', 'PADYA', 'SHUDDHA', 'MAGHA', 'DHANISHTA OR SRAVISTHA', 'FRI', 0, 0),
(703, 2, '13-02-2021', 'SHARVARI', 'MAGSH02', 'BIDIGE', 'SHUDDHA', 'MAGHA', 'SHATABHISHA OR SATATARAKA', 'SAT', 0, 0),
(704, 2, '14-02-2021', 'SHARVARI', 'MAGSH03', 'TADIGE', 'SHUDDHA', 'MAGHA', 'PURVA BHADRA', 'SUN', 0, 0),
(705, 2, '15-02-2021', 'SHARVARI', 'MAGSH04', 'CHOWTHI', 'SHUDDHA', 'MAGHA', 'UTTARA BHADRA', 'MON', 0, 0),
(706, 2, '16-02-2021', 'SHARVARI', 'MAGSH05', 'PANCHAMI', 'SHUDDHA', 'MAGHA', 'REVATI', 'TUE', 0, 0),
(707, 2, '17-02-2021', 'SHARVARI', 'MAGSH06', 'SHASHTHI', 'SHUDDHA', 'MAGHA', 'ASHWINI', 'WED', 0, 0),
(708, 2, '18-02-2021', 'SHARVARI', 'MAGSH06', 'SHASHTHI', 'SHUDDHA', 'MAGHA', 'BHARANI', 'THU', 0, 0),
(709, 2, '19-02-2021', 'SHARVARI', 'MAGSH07', 'SAPTAMI', 'SHUDDHA', 'MAGHA', 'KRITIKA', 'FRI', 0, 0),
(710, 2, '20-02-2021', 'SHARVARI', 'MAGSH08', 'ASHTAMI', 'SHUDDHA', 'MAGHA', 'KRITIKA', 'SAT', 0, 0),
(711, 2, '21-02-2021', 'SHARVARI', 'MAGSH09', 'NAVAMI', 'SHUDDHA', 'MAGHA', 'ROHINI', 'SUN', 0, 0),
(712, 2, '22-02-2021', 'SHARVARI', 'MAGSH10', 'DASHAMI', 'SHUDDHA', 'MAGHA', 'MRIGASHIRSHA', 'MON', 0, 0),
(713, 2, '23-02-2021', 'SHARVARI', 'MAGSH11', 'EKADASHI', 'SHUDDHA', 'MAGHA', 'ARDRA', 'TUE', 0, 0),
(714, 2, '24-02-2021', 'SHARVARI', 'MAGSH12', 'DWADASHI', 'SHUDDHA', 'MAGHA', 'PUNARVASU', 'WED', 0, 0),
(715, 2, '25-02-2021', 'SHARVARI', 'MAGSH13', 'TRAYODASHI', 'SHUDDHA', 'MAGHA', 'PUSHYA', 'THU', 0, 0),
(716, 2, '26-02-2021', 'SHARVARI', 'MARSH14', 'CHATURDASHI', 'SHUDDHA', 'MARGASHEERA', 'ASHLESHA', 'FRI', 0, 0),
(717, 2, '27-02-2021', 'SHARVARI', 'MAGSH15', 'HUNNIME', 'SHUDDHA', 'MAGHA', 'MAGHA', 'SAT', 0, 0),
(718, 2, '28-02-2021', 'SHARVARI', 'MARBH01', 'PADYA', 'BAHULA', 'MARGASHEERA', 'HUBBA OR PURVA PHALGUNI', 'SUN', 0, 0),
(719, 2, '01-03-2021', 'SHARVARI', 'MAGBH02', 'BIDIGE', 'BAHULA', 'MAGHA', 'UTTARA OR UTTARA PHALGUNI', 'MON', -1, 0),
(720, 2, '02-03-2021', 'SHARVARI', 'MAGBH04', 'CHOWTHI', 'BAHULA', 'MAGHA', 'CHITRA', 'TUE', 0, 0),
(721, 2, '03-03-2021', 'SHARVARI', 'MAGBH05', 'PANCHAMI', 'BAHULA', 'MAGHA', 'SWATHI', 'WED', 0, 0),
(722, 2, '04-03-2021', 'SHARVARI', 'MAGBH06', 'SHASHTHI', 'BAHULA', 'MAGHA', 'VISAKHA', 'THU', 0, 0),
(723, 2, '05-03-2021', 'SHARVARI', 'MAGBH07', 'SAPTAMI', 'BAHULA', 'MAGHA', 'ANURADHA', 'FRI', 0, 0),
(724, 2, '06-03-2021', 'SHARVARI', 'MAGBH08', 'ASHTAMI', 'BAHULA', 'MAGHA', 'JYESHTHA', 'SAT', 0, 0),
(725, 2, '07-03-2021', 'SHARVARI', 'MAGBH09', 'NAVAMI', 'BAHULA', 'MAGHA', 'MULA', 'SUN', 0, 0),
(726, 2, '08-03-2021', 'SHARVARI', 'MAGBH10', 'DASHAMI', 'BAHULA', 'MAGHA', 'PURVA ASHADHA', 'MON', 0, 0),
(727, 2, '09-03-2021', 'SHARVARI', 'MAGBH11', 'EKADASHI', 'BAHULA', 'MAGHA', 'UTTARA ASADHA', 'TUE', 0, 0),
(728, 2, '10-03-2021', 'SHARVARI', 'MAGBH12', 'DWADASHI', 'BAHULA', 'MAGHA', 'SHRAVANA', 'WED', 0, 0),
(729, 2, '11-03-2021', 'SHARVARI', 'MAGBH13', 'TRAYODASHI', 'BAHULA', 'MAGHA', 'DHANISHTA OR SRAVISTHA', 'THU', 0, 0),
(730, 2, '12-03-2021', 'SHARVARI', 'MAGBH14', 'CHATURDASHI', 'BAHULA', 'MAGHA', 'SHATABHISHA OR SATATARAKA', 'FRI', 0, 0),
(731, 2, '13-03-2021', 'SHARVARI', 'MARBH30', 'AMAVASYA', 'BAHULA', 'MAGHA', 'PURVA BHADRA', 'SAT', 0, 0),
(732, 2, '14-03-2021', 'SHARVARI', 'PHASH01', 'PADYA', 'SHUDDHA', 'PHALGUNA', 'UTTARA BHADRA', 'SUN', 0, 0),
(733, 2, '15-03-2021', 'SHARVARI', 'PHASH02', 'BIDIGE', 'SHUDDHA', 'PHALGUNA', 'REVATI', 'MON', 0, 0),
(734, 2, '16-03-2021', 'SHARVARI', 'PHASH03', 'TADIGE', 'SHUDDHA', 'PHALGUNA', 'ASHWINI', 'TUE', 0, 0),
(735, 2, '17-03-2021', 'SHARVARI', 'PHASH04', 'CHOWTHI', 'SHUDDHA', 'PHALGUNA', 'ASHWINI', 'WED', 0, 0),
(736, 2, '18-03-2021', 'SHARVARI', 'PHASH05', 'PANCHAMI', 'SHUDDHA', 'PHALGUNA', 'BHARANI', 'THU', 0, 0),
(737, 2, '19-03-2021', 'SHARVARI', 'PHASH06', 'SHASHTHI', 'SHUDDHA', 'PHALGUNA', 'KRITIKA', 'FRI', 0, 0),
(738, 2, '20-03-2021', 'SHARVARI', 'PHASH07', 'SAPTAMI', 'SHUDDHA', 'PHALGUNA', 'ROHINI', 'SAT', 0, 0),
(739, 2, '21-03-2021', 'SHARVARI', 'PHASH07', 'SAPTAMI', 'SHUDDHA', 'PHALGUNA', 'MRIGASHIRSHA', 'SUN', 0, 0),
(740, 2, '22-03-2021', 'SHARVARI', 'PHASH08', 'ASHTAMI', 'SHUDDHA', 'PHALGUNA', 'ARDRA', 'MON', 0, 0),
(741, 2, '23-03-2021', 'SHARVARI', 'PHASH09', 'NAVAMI', 'SHUDDHA', 'PHALGUNA', 'PUNARVASU', 'TUE', 0, 0),
(742, 2, '24-03-2021', 'SHARVARI', 'PHASH10', 'DASHAMI', 'SHUDDHA', 'PHALGUNA', 'PUSHYA', 'WED', 0, 0),
(743, 2, '25-03-2021', 'SHARVARI', 'PHASH11', 'EKADASHI', 'SHUDDHA', 'PHALGUNA', 'ASHLESHA', 'THU', 0, 0),
(744, 2, '26-03-2021', 'SHARVARI', 'PHASH12', 'DWADASHI', 'SHUDDHA', 'PHALGUNA', 'MAGHA', 'FRI', -1, 0),
(745, 2, '27-03-2021', 'SHARVARI', 'PHASH14', 'CHATURDASHI', 'SHUDDHA', 'PHALGUNA', 'HUBBA OR PURVA PHALGUNI', 'SAT', 0, 0),
(746, 2, '28-03-2021', 'SHARVARI', 'PHASH15', 'HUNNIME', 'SHUDDHA', 'PHALGUNA', 'UTTARA OR UTTARA PHALGUNI', 'SUN', 0, 0),
(747, 2, '29-03-2021', 'SHARVARI', 'PHABH01', 'PADYA', 'BAHULA', 'PHALGUNA', 'HASTA', 'MON', 0, 0),
(748, 2, '30-03-2021', 'SHARVARI', 'PHABH02', 'BIDIGE', 'BAHULA', 'PHALGUNA', 'CHITRA', 'TUE', 0, 0),
(749, 2, '31-03-2021', 'SHARVARI', 'PHABH03', 'TADIGE', 'BAHULA', 'PHALGUNA', 'SWATHI', 'WED', 0, 0),
(750, 2, '11-05-2020', 'SHARVARI', 'VAIBH05', 'PANCHAMI', 'BAHULA', 'VAISHAKHA', 'PURVA ASHADHA', 'MON', 425, 0),
(751, 2, '03-06-2020', 'SHARVARI', 'JYESH13', 'TRAYODASHI', 'SHUDDHA', 'JYESTA', 'SWATHI', 'WED', 448, 0),
(752, 2, '26-06-2020', 'SHARVARI', 'ASDSH05', 'PANCHAMI', 'SHUDDHA', 'ASHADA', 'MAGHA', 'FRI', 471, 0),
(753, 2, '27-07-2020', 'SHARVARI', 'SHRSH08', 'ASHTAMI', 'SHUDDHA', 'SHRAVANA', 'CHITRA', 'MON', 502, 0),
(754, 2, '19-08-2020', 'SHARVARI', 'SHRBH30', 'AMAVASYA', 'BAHULA', 'SHRAVANA', 'MAGHA', 'WED', 525, 0),
(755, 2, '19-09-2020', 'SHARVARI', 'ADHSH03', 'TADIGE', 'SHUDDHA', 'ADHIKA', 'CHITRA', 'SAT', 556, 0),
(756, 2, '15-10-2020', 'SHARVARI', 'ADHBH14', 'CHATURDASHI', 'BAHULA', 'ADHIKA', 'UTTARA OR UTTARA PHALGUNI', 'THU', 582, 0),
(758, 2, '09-11-2020', 'SHARVARI', 'ASWBH09', 'NAVAMI', 'BAHULA', 'ASHWIJA', 'ASHLESHA', 'MON', 607, 0),
(759, 2, '16-11-2020', 'SHARVARI', 'KARSH02', 'BIDIGE', 'SHUDDHA', 'KARTHIKA', 'ANURADHA', 'MON', 614, 0),
(760, 2, '12-12-2020', 'SHARVARI', 'KARBH13', 'TRAYODASHI', 'BAHULA', 'KARTHIKA', 'VISAKHA', 'SAT', 640, 0),
(761, 2, '04-01-2021', 'SHARVARI', 'MARBH06', 'SHASHTHI', 'BAHULA', 'MARGASHEERA', 'HUBBA OR PURVA PHALGUNI', 'MON', 663, 0),
(762, 2, '06-02-2021', 'SHARVARI', 'PUSBH10', 'DASHAMI', 'BAHULA', 'PUSHYA', 'ANURADHA', 'SAT', 696, 0),
(763, 2, '08-02-2021', 'SHARVARI', 'PUSBH12', 'DWADASHI', 'BAHULA', 'PUSHYA', 'MULA', 'MON', 698, 0),
(764, 2, '01-03-2021', 'SHARVARI', 'MAGBH03', 'TADIGE', 'BAHULA', 'MAGHA', 'UTTARA OR UTTARA PHALGUNI', 'MON', 719, 0),
(766, 2, '26-03-2021', 'SHARVARI', 'PHASH13', 'TRAYODASHI', 'SHUDDHA', 'PHALGUNA', 'MAGHA', 'FRI', 744, 0),
(2410, 3, '01-04-2021', 'SHARVARI', 'PHABH04', 'CHOWTHI', 'BAHULA', 'PHALGUNA', 'VISAKHA', 'THU', 0, 0),
(2411, 3, '02-04-2021', 'SHARVARI', 'PHABH05', 'PANCHAMI', 'BAHULA', 'PHALGUNA', 'ANURADHA', 'FRI', -1, 0),
(2412, 3, '03-04-2021', 'SHARVARI', 'PHABH07', 'SAPTAMI', 'BAHULA', 'PHALGUNA', 'MULA', 'SAT', 0, 0),
(2413, 3, '04-04-2021', 'SHARVARI', 'PHABH08', 'ASHTAMI', 'BAHULA', 'PHALGUNA', 'PURVA ASHADHA', 'SUN', 0, 0),
(2414, 3, '05-04-2021', 'SHARVARI', 'PUSBH09', 'NAVAMI', 'BAHULA', 'PHALGUNA', 'UTTARA ASADHA', 'MON', 0, 0),
(2415, 3, '06-04-2021', 'SHARVARI', 'PHABH10', 'DASHAMI', 'BAHULA', 'PHALGUNA', 'SHRAVANA', 'TUE', 0, 0),
(2416, 3, '07-04-2021', 'SHARVARI', 'PHABH11', 'EKADASHI', 'BAHULA', 'PHALGUNA', 'DHANISHTA OR SRAVISTHA', 'WED', 0, 0),
(2417, 3, '08-04-2021', 'SHARVARI', 'PHABH12', 'DWADASHI', 'BAHULA', 'PHALGUNA', 'SHATABHISHA OR SATATARAKA', 'THU', 0, 0),
(2418, 3, '09-04-2021', 'SHARVARI', 'PHABH13', 'TRAYODASHI', 'BAHULA', 'PHALGUNA', 'PURVA BHADRA', 'FRI', 0, 0),
(2419, 3, '10-04-2021', 'SHARVARI', 'PHABH14', 'CHATURDASHI', 'BAHULA', 'PHALGUNA', 'PURVA BHADRA', 'SAT', 0, 0),
(2420, 3, '11-04-2021', 'SHARVARI', 'PHABH30', 'AMAVASYA', 'BAHULA', 'PHALGUNA', 'UTTARA BHADRA', 'SUN', 0, 0),
(2421, 3, '12-04-2021', 'SHARVARI', 'PHABH30', 'AMAVASYA', 'BAHULA', 'PHALGUNA', 'REVATI', 'MON', 0, 1),
(2422, 3, '13-04-2021', 'PLAVA', 'CHASH01', 'PADYA', 'SHUDDHA', 'CHAITRA', 'ASHWINI', 'TUE', 0, 0),
(2423, 3, '14-04-2021', 'PLAVA', 'CHASH02', 'BIDIGE', 'SHUDDHA', 'CHAITRA', 'BHARANI', 'WED', 0, 0),
(2424, 3, '15-04-2021', 'PLAVA', 'CHASH03', 'TADIGE', 'SHUDDHA', 'CHAITRA', 'KRITIKA', 'THU', 0, 0),
(2425, 3, '16-04-2021', 'PLAVA', 'CHASH04', 'CHOWTHI', 'SHUDDHA', 'CHAITRA', 'ROHINI', 'FRI', 0, 0),
(2426, 3, '17-04-2021', 'PLAVA', 'CHASH05', 'PANCHAMI', 'SHUDDHA', 'CHAITRA', 'MRIGASHIRSHA', 'SAT', 0, 0),
(2427, 3, '18-04-2021', 'PLAVA', 'CHASH06', 'SHASHTHI', 'SHUDDHA', 'CHAITRA', 'ARDRA', 'SUN', 0, 0),
(2428, 3, '19-04-2021', 'PLAVA', 'CHASH07', 'SAPTAMI', 'SHUDDHA', 'CHAITRA', 'PUNARVASU', 'MON', 0, 0),
(2429, 3, '20-04-2021', 'PLAVA', 'CHASH08', 'ASHTAMI', 'SHUDDHA', 'CHAITRA', 'PUSHYA', 'TUE', 0, 0),
(2430, 3, '21-04-2021', 'PLAVA', 'CHASH09', 'NAVAMI', 'SHUDDHA', 'CHAITRA', 'ASHLESHA', 'WED', 0, 0),
(2431, 3, '22-04-2021', 'PLAVA', 'CHASH10', 'DASHAMI', 'SHUDDHA', 'CHAITRA', 'MAGHA', 'THU', 0, 0),
(2432, 3, '23-04-2021', 'PLAVA', 'CHASH11', 'EKADASHI', 'SHUDDHA', 'CHAITRA', 'HUBBA OR PURVA PHALGUNI', 'FRI', 0, 0),
(2433, 3, '24-04-2021', 'PLAVA', 'CHASH12', 'DWADASHI', 'SHUDDHA', 'CHAITRA', 'HASTA', 'SAT', 0, 0),
(2434, 3, '25-04-2021', 'PLAVA', 'CHASH13', 'TRAYODASHI', 'SHUDDHA', 'CHAITRA', 'CHITRA', 'SUN', 0, 0),
(2435, 3, '26-04-2021', 'PLAVA', 'CHASH14', 'CHATURDASHI', 'SHUDDHA', 'CHAITRA', 'SWATHI', 'MON', 0, 0),
(2436, 3, '27-04-2021', 'PLAVA', 'CHASH15', 'HUNNIME', 'SHUDDHA', 'CHAITRA', 'VISAKHA', 'TUE', -1, 0),
(2437, 3, '28-04-2021', 'PLAVA', 'CHABH02', 'BIDIGE', 'BAHULA', 'CHAITRA', 'ANURADHA', 'WED', 0, 0),
(2438, 3, '29-04-2021', 'PLAVA', 'CHABH03', 'TADIGE', 'BAHULA', 'CHAITRA', 'JYESHTHA', 'THU', 0, 0),
(2439, 3, '30-04-2021', 'PLAVA', 'CHABH04', 'CHOWTHI', 'BAHULA', 'CHAITRA', 'MULA', 'FRI', 0, 0),
(2440, 3, '01-05-2021', 'PLAVA', 'CHABH05', 'PANCHAMI', 'BAHULA', 'CHAITRA', 'PURVA ASHADHA', 'SAT', 0, 0),
(2441, 3, '02-05-2021', 'PLAVA', 'CHABH06', 'SHASHTHI', 'BAHULA', 'CHAITRA', 'UTTARA ASADHA', 'SUN', 0, 0),
(2442, 3, '03-05-2021', 'PLAVA', 'CHABH07', 'SAPTAMI', 'BAHULA', 'CHAITRA', 'SHRAVANA', 'MON', 0, 0),
(2443, 3, '04-05-2021', 'PLAVA', 'CHABH08', 'ASHTAMI', 'BAHULA', 'CHAITRA', 'SHRAVANA', 'TUE', 0, 0),
(2444, 3, '05-05-2021', 'PLAVA', 'CHABH09', 'NAVAMI', 'BAHULA', 'CHAITRA', 'DHANISHTA OR SRAVISTHA', 'WED', 0, 0),
(2445, 3, '06-05-2021', 'PLAVA', 'CHABH10', 'DASHAMI', 'BAHULA', 'CHAITRA', 'SHATABHISHA OR SATATARAKA', 'THU', 0, 0),
(2446, 3, '07-05-2021', 'PLAVA', 'CHABH11', 'EKADASHI', 'BAHULA', 'CHAITRA', 'PURVA BHADRA', 'FRI', 0, 0),
(2447, 3, '08-05-2021', 'PLAVA', 'CHABH12', 'DWADASHI', 'BAHULA', 'CHAITRA', 'UTTARA BHADRA', 'SAT', 0, 0),
(2448, 3, '09-05-2021', 'PLAVA', 'CHABH13', 'TRAYODASHI', 'BAHULA', 'CHAITRA', 'REVATI', 'SUN', 0, 0),
(2449, 3, '10-05-2021', 'PLAVA', 'CHABH14', 'CHATURDASHI', 'BAHULA', 'CHAITRA', 'ASHWINI', 'MON', 0, 0),
(2450, 3, '11-05-2021', 'PLAVA', 'CHABH30', 'AMAVASYA', 'BAHULA', 'CHAITRA', 'BHARANI', 'TUE', 0, 0),
(2451, 3, '12-05-2021', 'PLAVA', 'VAISH01', 'PADYA', 'SHUDDHA', 'VAISHAKHA', 'KRITIKA', 'WED', 0, 0),
(2452, 3, '13-05-2021', 'PLAVA', 'VAISH02', 'BIDIGE', 'SHUDDHA', 'VAISHAKHA', 'MRIGASHIRSHA,ROHINI', 'THU', 0, 0),
(2453, 3, '14-05-2021', 'PLAVA', 'VAISH03', 'TADIGE', 'SHUDDHA', 'VAISHAKHA', 'MRIGASHIRSHA', 'FRI', 0, 0),
(2454, 3, '15-05-2021', 'PLAVA', 'VAISH03', 'TADIGE', 'SHUDDHA', 'VAISHAKHA', 'MRIGASHIRSHA', 'SAT', 0, 1),
(2455, 3, '16-05-2021', 'PLAVA', 'VAISH04', 'CHOWTHI', 'SHUDDHA', 'VAISHAKHA', 'PUNARVASU', 'SUN', 0, 0),
(2456, 3, '17-05-2021', 'PLAVA', 'VAISH05', 'PANCHAMI', 'SHUDDHA', 'VAISHAKHA', 'PUSHYA', 'MON', 0, 0),
(2457, 3, '18-05-2021', 'PLAVA', 'VAISH06', 'SHASHTHI', 'SHUDDHA', 'VAISHAKHA', 'ASHLESHA', 'TUE', 0, 0),
(2458, 3, '19-05-2021', 'PLAVA', 'VAISH07', 'SAPTAMI', 'SHUDDHA', 'VAISHAKHA', 'MAGHA', 'WED', 0, 0),
(2459, 3, '20-05-2021', 'PLAVA', 'VAISH08', 'ASHTAMI', 'SHUDDHA', 'VAISHAKHA', 'HUBBA OR PURVA PHALGUNI', 'THU', 0, 0),
(2460, 3, '21-05-2021', 'PLAVA', 'VAISH09', 'NAVAMI', 'SHUDDHA', 'VAISHAKHA', 'UTTARA OR UTTARA PHALGUNI', 'FRI', 0, 0),
(2461, 3, '22-05-2021', 'PLAVA', 'VAISH10', 'DASHAMI', 'SHUDDHA', 'VAISHAKHA', 'UTTARA OR UTTARA PHALGUNI', 'SAT', 0, 0),
(2462, 3, '23-05-2021', 'PLAVA', 'VAISH11', 'EKADASHI', 'SHUDDHA', 'VAISHAKHA', 'UTTARA OR UTTARA PHALGUNI', 'SUN', 0, 0),
(2463, 3, '24-05-2021', 'PLAVA', 'VAISH13', 'TRAYODASHI', 'SHUDDHA', 'VAISHAKHA', 'CHITRA', 'MON', -1, 0),
(2464, 3, '25-05-2021', 'PLAVA', 'VAISH14', 'CHATURDASHI', 'SHUDDHA', 'VAISHAKHA', 'SWATHI', 'TUE', 0, 0),
(2465, 3, '26-05-2021', 'PLAVA', 'VAISH15', 'HUNNIME', 'SHUDDHA', 'VAISHAKHA', 'VISAKHA', 'WED', 0, 0),
(2466, 3, '27-05-2021', 'PLAVA', 'VAIBH01', 'PADYA', 'BAHULA', 'VAISHAKHA', 'JYESHTHA', 'THU', 0, 0),
(2467, 3, '28-05-2021', 'PLAVA', 'VAIBH02', 'BIDIGE', 'BAHULA', 'VAISHAKHA', 'MULA', 'FRI', 0, 0),
(2468, 3, '29-05-2021', 'PLAVA', 'VAIBH03', 'TADIGE', 'BAHULA', 'VAISHAKHA', 'UTTARA ASADHA', 'SAT', 0, 0),
(2469, 3, '30-05-2021', 'PLAVA', 'VAIBH05', 'PANCHAMI', 'BAHULA', 'VAISHAKHA', 'UTTARA ASADHA', 'SUN', 0, 0),
(2470, 3, '31-05-2021', 'PLAVA', 'VAIBH06', 'SHASHTHI', 'BAHULA', 'VAISHAKHA', 'SHRAVANA', 'MON', 0, 0),
(2471, 3, '01-06-2021', 'PLAVA', 'VAIBH07', 'SAPTAMI', 'BAHULA', 'VAISHAKHA', 'DHANISHTA OR SRAVISTHA', 'TUE', 0, 0),
(2472, 3, '02-06-2021', 'PLAVA', 'VAIBH08', 'ASHTAMI', 'BAHULA', 'VAISHAKHA', 'SHATABHISHA OR SATATARAKA', 'WED', 0, 0),
(2473, 3, '03-06-2021', 'PLAVA', 'VAIBH09', 'NAVAMI', 'BAHULA', 'VAISHAKHA', 'PURVA BHADRA', 'THU', 0, 0),
(2474, 3, '04-06-2021', 'PLAVA', 'VAIBH10', 'DASHAMI', 'BAHULA', 'VAISHAKHA', 'UTTARA BHADRA', 'FRI', 0, 0),
(2475, 3, '05-06-2021', 'PLAVA', 'VAIBH11', 'EKADASHI', 'BAHULA', 'VAISHAKHA', 'REVATI', 'SAT', 0, 0),
(2476, 3, '06-06-2021', 'PLAVA', 'VAIBH11', 'EKADASHI', 'BAHULA', 'VAISHAKHA', 'ASHWINI', 'SUN', 0, 1),
(2477, 3, '07-06-2021', 'PLAVA', 'VAIBH12', 'DWADASHI', 'BAHULA', 'VAISHAKHA', 'BHARANI', 'MON', 0, 0),
(2478, 3, '08-06-2021', 'PLAVA', 'VAIBH13', 'TRAYODASHI', 'BAHULA', 'VAISHAKHA', 'KRITIKA', 'TUE', 0, 0),
(2479, 3, '09-06-2021', 'PLAVA', 'VAIBH14', 'CHATURDASHI', 'BAHULA', 'VAISHAKHA', 'KRITIKA', 'WED', 0, 0),
(2480, 3, '10-06-2021', 'PLAVA', 'VAIBH30', 'AMAVASYA', 'BAHULA', 'VAISHAKHA', 'ROHINI', 'THU', 0, 0),
(2481, 3, '11-06-2021', 'PLAVA', 'JYESH01', 'PADYA', 'SHUDDHA', 'JYESTA', 'MRIGASHIRSHA', 'FRI', 0, 0),
(2482, 3, '12-06-2021', 'PLAVA', 'JYESH02', 'BIDIGE', 'SHUDDHA', 'JYESTA', 'ARDRA', 'SAT', 0, 0),
(2483, 3, '13-06-2021', 'PLAVA', 'JYESH03', 'TADIGE', 'SHUDDHA', 'JYESTA', 'PUNARVASU', 'SUN', 0, 0),
(2484, 3, '14-06-2021', 'PLAVA', 'JYESH04', 'CHOWTHI', 'SHUDDHA', 'JYESTA', 'PUSHYA', 'MON', 0, 0),
(2485, 3, '15-06-2021', 'PLAVA', 'JYESH05', 'PANCHAMI', 'SHUDDHA', 'JYESTA', 'ASHLESHA', 'TUE', 0, 0),
(2486, 3, '16-06-2021', 'PLAVA', 'JYESH06', 'SHASHTHI', 'SHUDDHA', 'JYESTA', 'MAGHA', 'WED', 0, 0),
(2487, 3, '17-06-2021', 'PLAVA', 'JYESH07', 'SAPTAMI', 'SHUDDHA', 'JYESTA', 'HUBBA OR PURVA PHALGUNI', 'THU', 0, 0),
(2488, 3, '18-06-2021', 'PLAVA', 'JYESH08', 'ASHTAMI', 'SHUDDHA', 'JYESTA', 'UTTARA OR UTTARA PHALGUNI', 'FRI', 0, 0),
(2489, 3, '19-06-2021', 'PLAVA', 'JYESH09', 'NAVAMI', 'SHUDDHA', 'JYESTA', 'HASTA', 'SAT', 0, 0),
(2490, 3, '20-06-2021', 'PLAVA', 'JYESH10', 'DASHAMI', 'SHUDDHA', 'JYESTA', 'CHITRA', 'SUN', 0, 0),
(2491, 3, '21-06-2021', 'PLAVA', 'JYESH11', 'EKADASHI', 'SHUDDHA', 'JYESTA', 'SWATHI', 'MON', 0, 0),
(2492, 3, '22-06-2021', 'PLAVA', 'JYESH12', 'DWADASHI', 'SHUDDHA', 'JYESTA', 'VISAKHA', 'TUE', 0, 0),
(2493, 3, '23-06-2021', 'PLAVA', 'JYESH13', 'TRAYODASHI', 'SHUDDHA', 'JYESTA', 'ANURADHA', 'WED', -1, 0),
(2494, 3, '24-06-2021', 'PLAVA', 'JYESH15', 'HUNNIME', 'SHUDDHA', 'JYESTA', 'JYESHTHA', 'THU', 0, 0),
(2495, 3, '25-06-2021', 'PLAVA', 'JYEBH01', 'PADYA', 'BAHULA', 'JYESTA', 'JYESHTHA', 'FRI', 0, 0),
(2496, 3, '26-06-2021', 'PLAVA', 'JYEBH02', 'BIDIGE', 'BAHULA', 'JYESTA', 'UTTARA ASADHA', 'SAT', 0, 0),
(2497, 3, '27-06-2021', 'PLAVA', 'JYEBH03', 'TADIGE', 'BAHULA', 'JYESTA', 'SHRAVANA', 'SUN', 0, 0),
(2498, 3, '28-06-2021', 'PLAVA', 'JYEBH04', 'CHOWTHI', 'BAHULA', 'JYESTA', 'DHANISHTA OR SRAVISTHA', 'MON', 0, 0),
(2499, 3, '29-06-2021', 'PLAVA', 'JYEBH05', 'PANCHAMI', 'BAHULA', 'JYESTA', 'SHATABHISHA OR SATATARAKA', 'TUE', 0, 0),
(2500, 3, '30-06-2021', 'PLAVA', 'JYEBH06', 'SHASHTHI', 'BAHULA', 'JYESTA', 'PURVA BHADRA', 'WED', 0, 0),
(2501, 3, '01-07-2021', 'PLAVA', 'JYEBH07', 'SAPTAMI', 'BAHULA', 'JYESTA', 'UTTARA BHADRA', 'THU', 0, 0),
(2502, 3, '02-07-2021', 'PLAVA', 'JYEBH08', 'ASHTAMI', 'BAHULA', 'JYESTA', 'REVATI', 'FRI', 0, 0),
(2503, 3, '03-07-2021', 'PLAVA', 'JYEBH09', 'NAVAMI', 'BAHULA', 'JYESTA', 'ASHWINI', 'SAT', 0, 0),
(2504, 3, '04-07-2021', 'PLAVA', 'JYEBH10', 'DASHAMI', 'BAHULA', 'JYESTA', 'BHARANI', 'SUN', 0, 0),
(2505, 3, '05-07-2021', 'PLAVA', 'JYEBH11', 'EKADASHI', 'BAHULA', 'JYESTA', 'KRITIKA', 'MON', 0, 0),
(2506, 3, '06-07-2021', 'PLAVA', 'JYEBH12', 'DWADASHI', 'BAHULA', 'JYESTA', 'KRITIKA', 'TUE', 0, 0),
(2507, 3, '07-07-2021', 'PLAVA', 'JYEBH13', 'TRAYODASHI', 'BAHULA', 'JYESTA', 'ROHINI', 'WED', 0, 0),
(2508, 3, '08-07-2021', 'PLAVA', 'JYEBH14', 'CHATURDASHI', 'BAHULA', 'JYESTA', 'MRIGASHIRSHA', 'THU', 0, 0),
(2509, 3, '09-07-2021', 'PLAVA', 'JYEBH30', 'AMAVASYA', 'BAHULA', 'JYESTA', 'ARDRA', 'FRI', 0, 0),
(2510, 3, '10-07-2021', 'PLAVA', 'JYEBH30', 'AMAVASYA', 'BAHULA', 'JYESTA', 'PUNARVASU', 'SAT', 0, 1),
(2511, 3, '11-07-2021', 'PLAVA', 'ASDSH01', 'PADYA', 'SHUDDHA', 'ASHADA', 'PUSHYA', 'SUN', 0, 0),
(2512, 3, '12-07-2021', 'PLAVA', 'ASDSH02', 'BIDIGE', 'SHUDDHA', 'ASHADA', 'ASHLESHA', 'MON', 0, 0),
(2513, 3, '13-07-2021', 'PLAVA', 'ASDSH03', 'TADIGE', 'SHUDDHA', 'ASHADA', 'MAGHA', 'TUE', 0, 0),
(2514, 3, '14-07-2021', 'PLAVA', 'ASDSH04', 'CHOWTHI', 'SHUDDHA', 'ASHADA', 'HUBBA OR PURVA PHALGUNI', 'WED', 0, 0),
(2515, 3, '15-07-2021', 'PLAVA', 'ASDSH05', 'PANCHAMI', 'SHUDDHA', 'ASHADA', 'PURVA ASHADHA', 'THU', -1, 0),
(2516, 3, '16-07-2021', 'PLAVA', 'ASDSH07', 'SAPTAMI', 'SHUDDHA', 'ASHADA', 'HASTA', 'FRI', 0, 0),
(2517, 3, '17-07-2021', 'PLAVA', 'ASDSH08', 'ASHTAMI', 'SHUDDHA', 'ASHADA', 'CHITRA', 'SAT', 0, 0),
(2518, 3, '18-07-2021', 'PLAVA', 'ASDSH09', 'NAVAMI', 'SHUDDHA', 'ASHADA', 'SWATHI', 'SUN', 0, 0),
(2519, 3, '19-07-2021', 'PLAVA', 'ASDSH10', 'DASHAMI', 'SHUDDHA', 'ASHADA', 'VISAKHA', 'MON', 0, 0),
(2520, 3, '20-07-2021', 'PLAVA', 'ASDSH11', 'EKADASHI', 'SHUDDHA', 'ASHADA', 'ANURADHA', 'TUE', 0, 0),
(2521, 3, '21-07-2021', 'PLAVA', 'ASDSH12', 'DWADASHI', 'SHUDDHA', 'ASHADA', 'JYESHTHA', 'WED', 0, 0),
(2522, 3, '22-07-2021', 'PLAVA', 'ASDSH13', 'TRAYODASHI', 'SHUDDHA', 'ASHADA', 'MULA', 'THU', 0, 0),
(2523, 3, '23-07-2021', 'PLAVA', 'ASDSH14', 'CHATURDASHI', 'SHUDDHA', 'ASHADA', 'PURVA ASHADHA', 'FRI', 0, 0),
(2524, 3, '24-07-2021', 'PLAVA', 'ASDSH15', 'HUNNIME', 'SHUDDHA', 'ASHADA', 'UTTARA ASADHA', 'SAT', -1, 0),
(2525, 3, '25-07-2021', 'PLAVA', 'ASDBH02', 'BIDIGE', 'BAHULA', 'ASHADA', 'SHRAVANA', 'SUN', 0, 0),
(2526, 3, '26-07-2021', 'PLAVA', 'ASDBH03', 'TADIGE', 'BAHULA', 'ASHADA', 'DHANISHTA OR SRAVISTHA', 'MON', 0, 0),
(2527, 3, '27-07-2021', 'PLAVA', 'ASDBH04', 'CHOWTHI', 'BAHULA', 'ASHADA', 'SHATABHISHA OR SATATARAKA', 'TUE', 0, 0),
(2528, 3, '28-07-2021', 'PLAVA', 'ASDBH05', 'PANCHAMI', 'BAHULA', 'ASHADA', 'PURVA BHADRA', 'WED', 0, 0),
(2529, 3, '29-07-2021', 'PLAVA', 'ASDBH06', 'SHASHTHI', 'BAHULA', 'ASHADA', 'UTTARA BHADRA', 'THU', 0, 0),
(2530, 3, '30-07-2021', 'PLAVA', 'ASDBH07', 'SAPTAMI', 'BAHULA', 'ASHADA', 'REVATI', 'FRI', 0, 0),
(2531, 3, '31-07-2021', 'PLAVA', 'ASDBH08', 'ASHTAMI', 'BAHULA', 'ASHADA', 'ASHWINI', 'SAT', 0, 0),
(2532, 3, '01-08-2021', 'PLAVA', 'ASDBH08', 'ASHTAMI', 'BAHULA', 'ASHADA', 'ASHWINI', 'SUN', 0, 1),
(2533, 3, '02-08-2021', 'PLAVA', 'ASDBH09', 'NAVAMI', 'BAHULA', 'ASHADA', 'BHARANI', 'MON', 0, 0),
(2534, 3, '03-08-2021', 'PLAVA', 'ASDBH10', 'DASHAMI', 'BAHULA', 'ASHADA', 'KRITIKA', 'TUE', 0, 0),
(2535, 3, '04-08-2021', 'PLAVA', 'ASDBH11', 'EKADASHI', 'BAHULA', 'ASHADA', 'ROHINI', 'WED', 0, 0),
(2536, 3, '05-08-2021', 'PLAVA', 'ASDBH12', 'DWADASHI', 'BAHULA', 'ASHADA', 'MRIGASHIRSHA', 'THU', 0, 0),
(2537, 3, '06-08-2021', 'PLAVA', 'ASDBH13', 'TRAYODASHI', 'BAHULA', 'ASHADA', 'ARDRA', 'FRI', 0, 0),
(2538, 3, '07-08-2021', 'PLAVA', 'ASDBH14', 'CHATURDASHI', 'BAHULA', 'ASHADA', 'PUNARVASU', 'SAT', 0, 0),
(2539, 3, '08-08-2021', 'PLAVA', 'ASDBH30', 'AMAVASYA', 'BAHULA', 'ASHADA', 'PUSHYA', 'SUN', 0, 0),
(2540, 3, '09-08-2021', 'PLAVA', 'SHRSH01', 'PADYA', 'SHUDDHA', 'SHRAVANA', 'ASHLESHA', 'MON', 0, 0),
(2541, 3, '10-08-2021', 'PLAVA', 'SHRSH02', 'BIDIGE', 'SHUDDHA', 'SHRAVANA', 'MAGHA', 'TUE', 0, 0),
(2542, 3, '11-08-2021', 'PLAVA', 'SHRSH03', 'TADIGE', 'SHUDDHA', 'SHRAVANA', 'HUBBA OR PURVA PHALGUNI', 'WED', 0, 0),
(2543, 3, '12-08-2021', 'PLAVA', 'SHRSH04', 'CHOWTHI', 'SHUDDHA', 'SHRAVANA', 'UTTARA OR UTTARA PHALGUNI', 'THU', 0, 0),
(2544, 3, '13-08-2021', 'PLAVA', 'SHRSH05', 'PANCHAMI', 'SHUDDHA', 'SHRAVANA', 'HASTA', 'FRI', 0, 0),
(2545, 3, '14-08-2021', 'PLAVA', 'SHRSH06', 'SHASHTHI', 'SHUDDHA', 'SHRAVANA', 'CHITRA', 'SAT', 0, 0),
(2546, 3, '15-08-2021', 'PLAVA', 'SHRSH07', 'SAPTAMI', 'SHUDDHA', 'SHRAVANA', 'SWATHI', 'SUN', 0, 0),
(2547, 3, '16-08-2021', 'PLAVA', 'SHRSH08', 'ASHTAMI', 'SHUDDHA', 'SHRAVANA', 'VISAKHA', 'MON', -1, 0),
(2548, 3, '17-08-2021', 'PLAVA', 'SHRSH10', 'DASHAMI', 'SHUDDHA', 'SHRAVANA', 'JYESHTHA', 'TUE', 0, 0),
(2549, 3, '18-08-2021', 'PLAVA', 'SHRSH11', 'EKADASHI', 'SHUDDHA', 'SHRAVANA', 'MULA', 'WED', 0, 0),
(2550, 3, '19-08-2021', 'PLAVA', 'SHRSH12', 'DWADASHI', 'SHUDDHA', 'SHRAVANA', 'PURVA ASHADHA', 'THU', 0, 0),
(2551, 3, '20-08-2021', 'PLAVA', 'SHRSH13', 'TRAYODASHI', 'SHUDDHA', 'SHRAVANA', 'UTTARA ASADHA', 'FRI', 0, 0),
(2552, 3, '21-08-2021', 'PLAVA', 'SHRSH14', 'CHATURDASHI', 'SHUDDHA', 'SHRAVANA', 'SHRAVANA', 'SAT', 0, 0),
(2553, 3, '22-08-2021', 'PLAVA', 'SHRSH15', 'HUNNIME', 'SHUDDHA', 'SHRAVANA', 'DHANISHTA OR SRAVISTHA', 'SUN', 0, 0),
(2554, 3, '23-08-2021', 'PLAVA', 'SHRBH01', 'PADYA', 'BAHULA', 'SHRAVANA', 'SHATABHISHA OR SATATARAKA', 'MON', 0, 0),
(2555, 3, '24-08-2021', 'PLAVA', 'SHRBH02', 'BIDIGE', 'BAHULA', 'SHRAVANA', 'PURVA BHADRA', 'TUE', 0, 0),
(2556, 3, '25-08-2021', 'PLAVA', 'SHRBH03', 'TADIGE', 'BAHULA', 'SHRAVANA', 'UTTARA BHADRA', 'WED', 0, 0),
(2557, 3, '26-08-2021', 'PLAVA', 'SHRBH04', 'CHOWTHI', 'BAHULA', 'SHRAVANA', 'REVATI', 'THU', 0, 0),
(2558, 3, '27-08-2021', 'PLAVA', 'SHRBH05', 'PANCHAMI', 'BAHULA', 'SHRAVANA', 'ASHWINI', 'FRI', 0, 0),
(2559, 3, '28-08-2021', 'PLAVA', 'SHRBH06', 'SHASHTHI', 'BAHULA', 'SHRAVANA', 'BHARANI', 'SAT', 0, 0),
(2560, 3, '29-08-2021', 'PLAVA', 'SHRBH07', 'SAPTAMI', 'BAHULA', 'SHRAVANA', 'KRITIKA', 'SUN', 0, 0),
(2561, 3, '30-08-2021', 'PLAVA', 'SHRBH08', 'ASHTAMI', 'BAHULA', 'SHRAVANA', 'ROHINI', 'MON', 0, 0),
(2562, 3, '31-08-2021', 'PLAVA', 'SHRBH09', 'NAVAMI', 'BAHULA', 'SHRAVANA', 'MRIGASHIRSHA', 'TUE', 0, 0),
(2563, 3, '01-09-2021', 'PLAVA', 'SHRBH10', 'DASHAMI', 'BAHULA', 'SHRAVANA', 'MRIGASHIRSHA', 'WED', 0, 0),
(2564, 3, '02-09-2021', 'PLAVA', 'SHRBH11', 'EKADASHI', 'BAHULA', 'SHRAVANA', 'ARDRA', 'THU', 0, 0),
(2565, 3, '03-09-2021', 'PLAVA', 'SHRBH11', 'EKADASHI', 'BAHULA', 'SHRAVANA', 'PUNARVASU', 'FRI', 0, 1),
(2566, 3, '04-09-2021', 'PLAVA', 'SHRBH12', 'DWADASHI', 'BAHULA', 'SHRAVANA', 'PUSHYA', 'SAT', 0, 0),
(2567, 3, '05-09-2021', 'PLAVA', 'SHRBH13', 'TRAYODASHI', 'BAHULA', 'SHRAVANA', 'ASHLESHA', 'SUN', 0, 0),
(2568, 3, '06-09-2021', 'PLAVA', 'SHRBH14', 'CHATURDASHI', 'BAHULA', 'SHRAVANA', 'MAGHA', 'MON', -1, 0),
(2569, 3, '07-09-2021', 'PLAVA', 'BHASH01', 'PADYA', 'SHUDDHA', 'BHADRAPADA', 'HUBBA OR PURVA PHALGUNI', 'TUE', 0, 0),
(2570, 3, '08-09-2021', 'PLAVA', 'BHASH02', 'BIDIGE', 'SHUDDHA', 'BHADRAPADA', 'UTTARA OR UTTARA PHALGUNI', 'WED', 0, 0),
(2571, 3, '09-09-2021', 'PLAVA', 'BHASH03', 'TADIGE', 'SHUDDHA', 'BHADRAPADA', 'HASTA', 'THU', 0, 0),
(2572, 3, '10-09-2021', 'PLAVA', 'BHASH04', 'CHOWTHI', 'SHUDDHA', 'BHADRAPADA', 'CHITRA', 'FRI', 0, 0),
(2573, 3, '11-09-2021', 'PLAVA', 'BHASH05', 'PANCHAMI', 'SHUDDHA', 'BHADRAPADA', 'SWATHI', 'SAT', 0, 0),
(2574, 3, '12-09-2021', 'PLAVA', 'BHASH06', 'SHASHTHI', 'SHUDDHA', 'BHADRAPADA', 'VISAKHA', 'SUN', 0, 0),
(2575, 3, '13-09-2021', 'PLAVA', 'BHASH07', 'SAPTAMI', 'SHUDDHA', 'BHADRAPADA', 'ANURADHA', 'MON', 0, 0),
(2576, 3, '14-09-2021', 'PLAVA', 'BHASH08', 'ASHTAMI', 'SHUDDHA', 'BHADRAPADA', 'JYESHTHA', 'TUE', 0, 0),
(2577, 3, '15-09-2021', 'PLAVA', 'BHASH09', 'NAVAMI', 'SHUDDHA', 'BHADRAPADA', 'MULA', 'WED', 0, 0),
(2578, 3, '16-09-2021', 'PLAVA', 'BHASH10', 'DASHAMI', 'SHUDDHA', 'BHADRAPADA', 'PURVA ASHADHA', 'THU', 0, 0),
(2579, 3, '17-09-2021', 'PLAVA', 'BHASH11', 'EKADASHI', 'SHUDDHA', 'BHADRAPADA', 'UTTARA ASADHA', 'FRI', 0, 0),
(2580, 3, '18-09-2021', 'PLAVA', 'BHASH12', 'DWADASHI', 'SHUDDHA', 'BHADRAPADA', 'SHRAVANA', 'SAT', -1, 0),
(2581, 3, '19-09-2021', 'PLAVA', 'BHASH14', 'CHATURDASHI', 'SHUDDHA', 'BHADRAPADA', 'DHANISHTA OR SRAVISTHA', 'SUN', 0, 0),
(2582, 3, '20-09-2021', 'PLAVA', 'BHASH15', 'HUNNIME', 'SHUDDHA', 'BHADRAPADA', 'SHATABHISHA OR SATATARAKA', 'MON', 0, 0),
(2583, 3, '21-09-2021', 'PLAVA', 'BHABH01', 'PADYA', 'BAHULA', 'BHADRAPADA', 'PURVA BHADRA', 'TUE', 0, 0),
(2584, 3, '22-09-2021', 'PLAVA', 'BHABH02', 'BIDIGE', 'BAHULA', 'BHADRAPADA', 'UTTARA BHADRA', 'WED', 0, 0),
(2585, 3, '23-09-2021', 'PLAVA', 'BHABH02', 'BIDIGE', 'BAHULA', 'BHADRAPADA', 'UTTARA BHADRA', 'THU', 0, 1),
(2586, 3, '24-09-2021', 'PLAVA', 'BHABH03', 'TADIGE', 'BAHULA', 'BHADRAPADA', 'REVATI', 'FRI', 0, 0),
(2587, 3, '25-09-2021', 'PLAVA', 'BHABH04', 'CHOWTHI', 'BAHULA', 'BHADRAPADA', 'ASHWINI', 'SAT', 0, 0),
(2588, 3, '26-09-2021', 'PLAVA', 'BHABH05', 'PANCHAMI', 'BAHULA', 'BHADRAPADA', 'BHARANI', 'SUN', 0, 0),
(2589, 3, '27-09-2021', 'PLAVA', 'BHABH06', 'SHASHTHI', 'BAHULA', 'BHADRAPADA', 'KRITIKA', 'MON', 0, 0),
(2590, 3, '28-09-2021', 'PLAVA', 'BHABH07', 'SAPTAMI', 'BAHULA', 'BHADRAPADA', 'ROHINI', 'TUE', 0, 0),
(2591, 3, '29-09-2021', 'PLAVA', 'BHABH08', 'ASHTAMI', 'BAHULA', 'BHADRAPADA', 'MRIGASHIRSHA', 'WED', 0, 0),
(2592, 3, '30-09-2021', 'PLAVA', 'BHABH09', 'NAVAMI', 'BAHULA', 'BHADRAPADA', 'ARDRA', 'THU', 0, 0),
(2593, 3, '01-10-2021', 'PLAVA', 'BHABH10', 'DASHAMI', 'BAHULA', 'BHADRAPADA', 'PUNARVASU', 'FRI', 0, 0),
(2594, 3, '02-10-2021', 'PLAVA', 'BHABH11', 'EKADASHI', 'BAHULA', 'BHADRAPADA', 'PUSHYA', 'SAT', 0, 0),
(2595, 3, '03-10-2021', 'PLAVA', 'BHABH12', 'DWADASHI', 'BAHULA', 'BHADRAPADA', 'ASHLESHA', 'SUN', 0, 0),
(2596, 3, '04-10-2021', 'PLAVA', 'BHABH13', 'TRAYODASHI', 'BAHULA', 'BHADRAPADA', 'MAGHA', 'MON', 0, 0),
(2597, 3, '05-10-2021', 'PLAVA', 'BHABH14', 'CHATURDASHI', 'BAHULA', 'BHADRAPADA', 'HUBBA OR PURVA PHALGUNI', 'TUE', 0, 0),
(2598, 3, '06-10-2021', 'PLAVA', 'BHABH30', 'AMAVASYA', 'BAHULA', 'BHADRAPADA', 'UTTARA OR UTTARA PHALGUNI', 'WED', 0, 0),
(2599, 3, '07-10-2021', 'PLAVA', 'ASWSH01', 'PADYA', 'SHUDDHA', 'ASHWIJA', 'HASTA', 'THU', 0, 0),
(2600, 3, '08-10-2021', 'PLAVA', 'ASWSH02', 'BIDIGE', 'SHUDDHA', 'ASHWIJA', 'CHITRA', 'FRI', 0, 0),
(2601, 3, '09-10-2021', 'PLAVA', 'ASWSH03', 'TADIGE', 'SHUDDHA', 'ASHWIJA', 'SWATHI', 'SAT', -1, 0);
INSERT INTO `calendar_year_breakup` (`CAL_YEAR_ID`, `CAL_ID`, `ENG_DATE`, `SAMVATSARA`, `THITHI_SHORT_CODE`, `THITHI_NAME`, `BASED_ON_MOON`, `MASA`, `STAR`, `DAY`, `DUPLICATE`, `DEACTIVE_STATUS`) VALUES
(2602, 3, '10-10-2021', 'PLAVA', 'ASWSH05', 'PANCHAMI', 'SHUDDHA', 'ASHWIJA', 'VISAKHA', 'SUN', 0, 0),
(2603, 3, '11-10-2021', 'PLAVA', 'ASWSH06', 'SHASHTHI', 'SHUDDHA', 'ASHWIJA', 'ANURADHA', 'MON', 0, 0),
(2604, 3, '12-10-2021', 'PLAVA', 'ASWSH07', 'SAPTAMI', 'SHUDDHA', 'ASHWIJA', 'JYESHTHA', 'TUE', 0, 0),
(2605, 3, '13-10-2021', 'PLAVA', 'ASWSH08', 'ASHTAMI', 'SHUDDHA', 'ASHWIJA', 'MULA', 'WED', 0, 0),
(2606, 3, '14-10-2021', 'PLAVA', 'ASWSH09', 'NAVAMI', 'SHUDDHA', 'ASHWIJA', 'PURVA ASHADHA', 'THU', 0, 0),
(2607, 3, '15-10-2021', 'PLAVA', 'ASWSH10', 'DASHAMI', 'SHUDDHA', 'ASHWIJA', 'UTTARA ASADHA', 'FRI', 0, 0),
(2608, 3, '16-10-2021', 'PLAVA', 'ASWSH11', 'EKADASHI', 'SHUDDHA', 'ASHWIJA', 'SHRAVANA', 'SAT', 0, 0),
(2609, 3, '17-10-2021', 'PLAVA', 'ASWSH12', 'DWADASHI', 'SHUDDHA', 'ASHWIJA', 'DHANISHTA OR SRAVISTHA', 'SUN', 0, 0),
(2610, 3, '18-10-2021', 'PLAVA', 'ASWSH13', 'TRAYODASHI', 'SHUDDHA', 'ASHWIJA', 'SHATABHISHA OR SATATARAKA', 'MON', 0, 0),
(2611, 3, '19-10-2021', 'PLAVA', 'ASWSH14', 'CHATURDASHI', 'SHUDDHA', 'ASHWIJA', 'PURVA BHADRA', 'TUE', 0, 0),
(2612, 3, '20-10-2021', 'PLAVA', 'ASWSH15', 'HUNNIME', 'SHUDDHA', 'ASHWIJA', 'UTTARA BHADRA', 'WED', 0, 0),
(2613, 3, '21-10-2021', 'PLAVA', 'ASWBH01', 'PADYA', 'BAHULA', 'ASHWIJA', 'REVATI', 'THU', 0, 0),
(2614, 3, '22-10-2021', 'PLAVA', 'ASWBH02', 'BIDIGE', 'BAHULA', 'ASHWIJA', 'ASHWINI', 'FRI', 0, 0),
(2615, 3, '23-10-2021', 'PLAVA', 'ASWBH03', 'TADIGE', 'BAHULA', 'ASHWIJA', 'BHARANI', 'SAT', 0, 0),
(2616, 3, '24-10-2021', 'PLAVA', 'ASWBH04', 'CHOWTHI', 'BAHULA', 'ASHWIJA', 'KRITIKA', 'SUN', 0, 0),
(2617, 3, '25-10-2021', 'PLAVA', 'ASWBH05', 'PANCHAMI', 'BAHULA', 'ASHWIJA', 'ROHINI', 'MON', 0, 0),
(2618, 3, '26-10-2021', 'PLAVA', 'ASWBH05', 'PANCHAMI', 'BAHULA', 'ASHWIJA', 'MRIGASHIRSHA', 'TUE', 0, 1),
(2619, 3, '27-10-2021', 'PLAVA', 'ASWBH06', 'SHASHTHI', 'BAHULA', 'ASHWIJA', 'ARDRA', 'WED', 0, 0),
(2620, 3, '28-10-2021', 'PLAVA', 'ASWBH07', 'SAPTAMI', 'BAHULA', 'ASHWIJA', 'ARDRA', 'THU', 0, 0),
(2621, 3, '29-10-2021', 'PLAVA', 'ASWBH08', 'ASHTAMI', 'BAHULA', 'ASHWIJA', 'KRITIKA,PUNARVASU', 'FRI', 0, 0),
(2622, 3, '30-10-2021', 'PLAVA', 'ASWBH09', 'NAVAMI', 'BAHULA', 'ASHWIJA', 'PUSHYA', 'SAT', 0, 0),
(2623, 3, '31-10-2021', 'PLAVA', 'ASWBH10', 'DASHAMI', 'BAHULA', 'ASHWIJA', 'ASHLESHA', 'SUN', 0, 0),
(2624, 3, '01-11-2021', 'PLAVA', 'ASWBH11', 'EKADASHI', 'BAHULA', 'ASHWIJA', 'MAGHA', 'MON', 0, 0),
(2625, 3, '02-11-2021', 'PLAVA', 'ASWBH12', 'DWADASHI', 'BAHULA', 'ASHWIJA', 'HUBBA OR PURVA PHALGUNI', 'TUE', 0, 0),
(2626, 3, '03-11-2021', 'PLAVA', 'ASWBH13', 'TRAYODASHI', 'BAHULA', 'ASHWIJA', 'UTTARA OR UTTARA PHALGUNI', 'WED', -1, 0),
(2627, 3, '04-11-2021', 'PLAVA', 'ASWBH30', 'AMAVASYA', 'BAHULA', 'ASHWIJA', 'UTTARA OR UTTARA PHALGUNI', 'THU', 0, 0),
(2628, 3, '05-11-2021', 'PLAVA', 'KARSH01', 'PADYA', 'SHUDDHA', 'KARTHIKA', 'VISAKHA', 'FRI', 0, 0),
(2629, 3, '06-11-2021', 'PLAVA', 'KARSH02', 'BIDIGE', 'SHUDDHA', 'KARTHIKA', 'ANURADHA', 'SAT', 0, 0),
(2630, 3, '07-11-2021', 'PLAVA', 'KARSH03', 'TADIGE', 'SHUDDHA', 'KARTHIKA', 'JYESHTHA', 'SUN', 0, 0),
(2631, 3, '08-11-2021', 'PLAVA', 'KARSH04', 'CHOWTHI', 'SHUDDHA', 'KARTHIKA', 'MULA', 'MON', 0, 0),
(2632, 3, '09-11-2021', 'PLAVA', 'KARSH05', 'PANCHAMI', 'SHUDDHA', 'KARTHIKA', 'PURVA ASHADHA', 'TUE', 0, 0),
(2633, 3, '10-11-2021', 'PLAVA', 'KARSH06', 'SHASHTHI', 'SHUDDHA', 'KARTHIKA', 'UTTARA ASADHA', 'WED', 0, 0),
(2634, 3, '11-11-2021', 'PLAVA', 'KARSH07', 'SAPTAMI', 'SHUDDHA', 'KARTHIKA', 'UTTARA ASADHA', 'THU', -1, 0),
(2635, 3, '12-11-2021', 'PLAVA', 'KARSH09', 'NAVAMI', 'SHUDDHA', 'KARTHIKA', 'SHRAVANA', 'FRI', 0, 0),
(2636, 3, '13-11-2021', 'PLAVA', 'KARSH10', 'DASHAMI', 'SHUDDHA', 'KARTHIKA', 'DHANISHTA OR SRAVISTHA', 'SAT', 0, 0),
(2637, 3, '14-11-2021', 'PLAVA', 'KARSH11', 'EKADASHI', 'SHUDDHA', 'KARTHIKA', 'SHATABHISHA OR SATATARAKA', 'SUN', 0, 0),
(2638, 3, '15-11-2021', 'PLAVA', 'KARSH11', 'EKADASHI', 'SHUDDHA', 'KARTHIKA', 'PURVA BHADRA', 'MON', 0, 1),
(2639, 3, '16-11-2021', 'PLAVA', 'KARSH12', 'DWADASHI', 'SHUDDHA', 'KARTHIKA', 'UTTARA BHADRA', 'TUE', 0, 0),
(2640, 3, '17-11-2021', 'PLAVA', 'KARSH13', 'TRAYODASHI', 'SHUDDHA', 'KARTHIKA', 'REVATI', 'WED', 0, 0),
(2641, 3, '18-11-2021', 'PLAVA', 'KARSH14', 'CHATURDASHI', 'SHUDDHA', 'KARTHIKA', 'ASHWINI', 'THU', 0, 0),
(2642, 3, '19-11-2021', 'PLAVA', 'KARSH15', 'HUNNIME', 'SHUDDHA', 'KARTHIKA', 'BHARANI', 'FRI', 0, 0),
(2643, 3, '20-11-2021', 'PLAVA', 'KARBH01', 'PADYA', 'BAHULA', 'KARTHIKA', 'BHARANI', 'SAT', 0, 0),
(2644, 3, '21-11-2021', 'PLAVA', 'KARBH02', 'BIDIGE', 'BAHULA', 'KARTHIKA', 'BHARANI,ROHINI', 'SUN', 0, 0),
(2645, 3, '22-11-2021', 'PLAVA', 'KARBH03', 'TADIGE', 'BAHULA', 'KARTHIKA', 'MRIGASHIRSHA', 'MON', 0, 0),
(2646, 3, '23-11-2021', 'PLAVA', 'KARBH04', 'CHOWTHI', 'BAHULA', 'KARTHIKA', 'ARDRA', 'TUE', 0, 0),
(2647, 3, '24-11-2021', 'PLAVA', 'KARBH05', 'PANCHAMI', 'BAHULA', 'KARTHIKA', 'PUNARVASU', 'WED', 0, 0),
(2648, 3, '25-11-2021', 'PLAVA', 'KARBH06', 'SHASHTHI', 'BAHULA', 'KARTHIKA', 'PUSHYA', 'THU', 0, 0),
(2649, 3, '26-11-2021', 'PLAVA', 'KARBH07', 'SAPTAMI', 'BAHULA', 'KARTHIKA', 'ASHLESHA', 'FRI', 0, 0),
(2650, 3, '27-11-2021', 'PLAVA', 'KARBH08', 'ASHTAMI', 'BAHULA', 'KARTHIKA', 'MAGHA', 'SAT', 0, 0),
(2651, 3, '28-11-2021', 'PLAVA', 'KARBH09', 'NAVAMI', 'BAHULA', 'KARTHIKA', 'HUBBA OR PURVA PHALGUNI', 'SUN', 0, 0),
(2652, 3, '29-11-2021', 'PLAVA', 'KARBH10', 'DASHAMI', 'BAHULA', 'KARTHIKA', 'UTTARA OR UTTARA PHALGUNI', 'MON', 0, 0),
(2653, 3, '30-11-2021', 'PLAVA', 'KARBH11', 'EKADASHI', 'BAHULA', 'KARTHIKA', 'HASTA', 'TUE', 0, 0),
(2654, 3, '01-12-2021', 'PLAVA', 'KARBH12', 'DWADASHI', 'BAHULA', 'KARTHIKA', 'CHITRA', 'WED', 0, 0),
(2655, 3, '02-12-2021', 'PLAVA', 'KARBH13', 'TRAYODASHI', 'BAHULA', 'KARTHIKA', 'SWATHI', 'THU', 0, 0),
(2656, 3, '03-12-2021', 'PLAVA', 'KARBH14', 'CHATURDASHI', 'BAHULA', 'KARTHIKA', 'VISAKHA', 'FRI', 0, 0),
(2657, 3, '04-12-2021', 'PLAVA', 'KARBH30', 'AMAVASYA', 'BAHULA', 'KARTHIKA', 'ANURADHA', 'SAT', 0, 0),
(2658, 3, '05-12-2021', 'PLAVA', 'MARSH01', 'PADYA', 'SHUDDHA', 'MARGASHEERA', 'JYESHTHA', 'SUN', -1, 0),
(2659, 3, '06-12-2021', 'PLAVA', 'MARSH03', 'TADIGE', 'SHUDDHA', 'MARGASHEERA', 'MAGHA', 'MON', 0, 0),
(2660, 3, '07-12-2021', 'PLAVA', 'MARSH04', 'CHOWTHI', 'SHUDDHA', 'MARGASHEERA', 'HUBBA OR PURVA PHALGUNI', 'TUE', 0, 0),
(2661, 3, '08-12-2021', 'PLAVA', 'MARSH05', 'PANCHAMI', 'SHUDDHA', 'MARGASHEERA', 'UTTARA OR UTTARA PHALGUNI', 'WED', 0, 0),
(2662, 3, '09-12-2021', 'PLAVA', 'MARSH06', 'SHASHTHI', 'SHUDDHA', 'MARGASHEERA', 'HASTA', 'THU', 0, 0),
(2663, 3, '10-12-2021', 'PLAVA', 'MARSH07', 'SAPTAMI', 'SHUDDHA', 'MARGASHEERA', 'CHITRA', 'FRI', 0, 0),
(2664, 3, '11-12-2021', 'PLAVA', 'MARSH08', 'ASHTAMI', 'SHUDDHA', 'MARGASHEERA', 'SWATHI', 'SAT', 0, 0),
(2665, 3, '12-12-2021', 'PLAVA', 'MARSH09', 'NAVAMI', 'SHUDDHA', 'MARGASHEERA', 'VISAKHA', 'SUN', 0, 0),
(2666, 3, '13-12-2021', 'PLAVA', 'MARSH10', 'DASHAMI', 'SHUDDHA', 'MARGASHEERA', 'ANURADHA', 'MON', 0, 0),
(2667, 3, '14-12-2021', 'PLAVA', 'MARSH11', 'EKADASHI', 'SHUDDHA', 'MARGASHEERA', 'JYESHTHA', 'TUE', 0, 0),
(2668, 3, '15-12-2021', 'PLAVA', 'MARSH12', 'DWADASHI', 'SHUDDHA', 'MARGASHEERA', 'MULA', 'WED', 0, 0),
(2669, 3, '16-12-2021', 'PLAVA', 'MARSH13', 'TRAYODASHI', 'SHUDDHA', 'MARGASHEERA', 'PURVA ASHADHA', 'THU', 0, 0),
(2670, 3, '17-12-2021', 'PLAVA', 'MARSH14', 'CHATURDASHI', 'SHUDDHA', 'MARGASHEERA', 'UTTARA ASADHA', 'FRI', 0, 0),
(2671, 3, '18-12-2021', 'PLAVA', 'MARSH14', 'CHATURDASHI', 'SHUDDHA', 'MARGASHEERA', 'SHRAVANA', 'SAT', 0, 1),
(2672, 3, '19-12-2021', 'PLAVA', 'MARSH15', 'HUNNIME', 'SHUDDHA', 'MARGASHEERA', 'DHANISHTA OR SRAVISTHA', 'SUN', 0, 0),
(2673, 3, '20-12-2021', 'PLAVA', 'MARBH01', 'PADYA', 'BAHULA', 'MARGASHEERA', 'ARDRA', 'MON', 0, 0),
(2674, 3, '21-12-2021', 'PLAVA', 'MARBH02', 'BIDIGE', 'BAHULA', 'MARGASHEERA', 'PUNARVASU', 'TUE', 0, 0),
(2675, 3, '22-12-2021', 'PLAVA', 'MARBH03', 'TADIGE', 'BAHULA', 'MARGASHEERA', 'PUSHYA', 'WED', 0, 0),
(2676, 3, '23-12-2021', 'PLAVA', 'MARBH04', 'CHOWTHI', 'BAHULA', 'MARGASHEERA', 'ASHLESHA', 'THU', 0, 0),
(2677, 3, '24-12-2021', 'PLAVA', 'MARBH05', 'PANCHAMI', 'BAHULA', 'MARGASHEERA', 'MAGHA', 'FRI', 0, 0),
(2678, 3, '25-12-2021', 'PLAVA', 'MARBH06', 'SHASHTHI', 'BAHULA', 'MARGASHEERA', 'HUBBA OR PURVA PHALGUNI', 'SAT', 0, 0),
(2679, 3, '26-12-2021', 'PLAVA', 'MARBH07', 'SAPTAMI', 'BAHULA', 'MARGASHEERA', 'UTTARA OR UTTARA PHALGUNI', 'SUN', 0, 0),
(2680, 3, '27-12-2021', 'PLAVA', 'MARBH08', 'ASHTAMI', 'BAHULA', 'MARGASHEERA', 'HASTA', 'MON', 0, 0),
(2681, 3, '28-12-2021', 'PLAVA', 'MARBH09', 'NAVAMI', 'BAHULA', 'MARGASHEERA', 'PUNARVASU', 'TUE', 0, 0),
(2682, 3, '29-12-2021', 'PLAVA', 'MARBH10', 'DASHAMI', 'BAHULA', 'MARGASHEERA', 'PUSHYA', 'WED', 0, 0),
(2683, 3, '30-12-2021', 'PLAVA', 'MARBH11', 'EKADASHI', 'BAHULA', 'MARGASHEERA', 'ASHLESHA', 'THU', 0, 0),
(2684, 3, '31-12-2021', 'PLAVA', 'MARBH12', 'DWADASHI', 'BAHULA', 'MARGASHEERA', 'MAGHA', 'FRI', 0, 0),
(2685, 3, '01-01-2022', 'PLAVA', 'MARBH13', 'TRAYODASHI', 'BAHULA', 'MARGASHEERA', 'HUBBA OR PURVA PHALGUNI', 'SAT', -1, 0),
(2686, 3, '02-01-2022', 'PLAVA', 'MARBH30', 'AMAVASYA', 'BAHULA', 'MARGASHEERA', 'UTTARA OR UTTARA PHALGUNI', 'SUN', 0, 0),
(2687, 3, '03-01-2022', 'PLAVA', 'PUSSH01', 'PADYA', 'SHUDDHA', 'PUSHYA', 'PURVA ASHADHA', 'MON', 0, 0),
(2688, 3, '04-01-2022', 'PLAVA', 'PUSSH02', 'BIDIGE', 'SHUDDHA', 'PUSHYA', 'UTTARA ASADHA', 'TUE', 0, 0),
(2689, 3, '05-01-2022', 'PLAVA', 'PUSSH03', 'TADIGE', 'SHUDDHA', 'PUSHYA', 'SHRAVANA', 'WED', 0, 0),
(2690, 3, '06-01-2022', 'PLAVA', 'PUSSH04', 'CHOWTHI', 'SHUDDHA', 'PUSHYA', 'DHANISHTA OR SRAVISTHA', 'THU', 0, 0),
(2691, 3, '07-01-2022', 'PLAVA', 'PUSSH05', 'PANCHAMI', 'SHUDDHA', 'PUSHYA', 'SHATABHISHA OR SATATARAKA', 'FRI', 0, 0),
(2692, 3, '08-01-2022', 'PLAVA', 'PUSSH06', 'SHASHTHI', 'SHUDDHA', 'PUSHYA', 'PURVA BHADRA', 'SAT', 0, 0),
(2693, 3, '09-01-2022', 'PLAVA', 'PUSSH07', 'SAPTAMI', 'SHUDDHA', 'PUSHYA', 'UTTARA OR UTTARA PHALGUNI', 'SUN', 0, 0),
(2694, 3, '10-01-2022', 'PLAVA', 'PUSSH08', 'ASHTAMI', 'SHUDDHA', 'PUSHYA', 'REVATI', 'MON', 0, 0),
(2695, 3, '11-01-2022', 'PLAVA', 'PUSSH09', 'NAVAMI', 'SHUDDHA', 'PUSHYA', 'ASHWINI', 'TUE', 0, 0),
(2696, 3, '12-01-2022', 'PLAVA', 'PUSSH10', 'DASHAMI', 'SHUDDHA', 'PUSHYA', 'BHARANI', 'WED', 0, 0),
(2697, 3, '13-01-2022', 'PLAVA', 'PUSSH11', 'EKADASHI', 'SHUDDHA', 'PUSHYA', 'KRITIKA', 'THU', 0, 0),
(2698, 3, '14-01-2022', 'PLAVA', 'PUSSH12', 'DWADASHI', 'SHUDDHA', 'PUSHYA', 'ROHINI', 'FRI', 0, 0),
(2699, 3, '15-01-2022', 'PLAVA', 'PUSSH13', 'TRAYODASHI', 'SHUDDHA', 'PUSHYA', 'MRIGASHIRSHA', 'SAT', 0, 0),
(2700, 3, '16-01-2022', 'PLAVA', 'PUSSH14', 'CHATURDASHI', 'SHUDDHA', 'PUSHYA', 'ARDRA', 'SUN', 0, 0),
(2701, 3, '17-01-2022', 'PLAVA', 'PUSSH15', 'HUNNIME', 'SHUDDHA', 'PUSHYA', 'PUNARVASU', 'MON', 0, 0),
(2702, 3, '18-01-2022', 'PLAVA', 'PUSBH01', 'PADYA', 'BAHULA', 'PUSHYA', 'PUSHYA', 'TUE', 0, 0),
(2703, 3, '19-01-2022', 'PLAVA', 'PUSBH02', 'BIDIGE', 'BAHULA', 'PUSHYA', 'ASHLESHA', 'WED', 0, 0),
(2704, 3, '20-01-2022', 'PLAVA', 'PUSBH02', 'BIDIGE', 'BAHULA', 'PUSHYA', 'ASHLESHA', 'THU', 0, 1),
(2705, 3, '21-01-2022', 'PLAVA', 'PUSBH03', 'TADIGE', 'BAHULA', 'PUSHYA', 'MAGHA', 'FRI', 0, 0),
(2706, 3, '22-01-2022', 'PLAVA', 'PUSBH04', 'CHOWTHI', 'BAHULA', 'PUSHYA', 'HUBBA OR PURVA PHALGUNI', 'SAT', 0, 0),
(2707, 3, '23-01-2022', 'PLAVA', 'PUSBH05', 'PANCHAMI', 'BAHULA', 'PUSHYA', 'UTTARA OR UTTARA PHALGUNI', 'SUN', 0, 0),
(2708, 3, '24-01-2022', 'PLAVA', 'PUSBH06', 'SHASHTHI', 'BAHULA', 'PUSHYA', 'HASTA', 'MON', 0, 0),
(2709, 3, '25-01-2022', 'PLAVA', 'PUSBH07', 'SAPTAMI', 'BAHULA', 'PUSHYA', 'CHITRA', 'TUE', -1, 0),
(2710, 3, '26-01-2022', 'PLAVA', 'PUSBH09', 'NAVAMI', 'BAHULA', 'PUSHYA', 'SWATHI', 'WED', 0, 0),
(2711, 3, '27-01-2022', 'PLAVA', 'PUSBH10', 'DASHAMI', 'BAHULA', 'PUSHYA', 'VISAKHA', 'THU', 0, 0),
(2712, 3, '28-01-2022', 'PLAVA', 'PUSBH11', 'EKADASHI', 'BAHULA', 'PUSHYA', 'JYESHTHA', 'FRI', 0, 0),
(2713, 3, '29-01-2022', 'PLAVA', 'PUSBH12', 'DWADASHI', 'BAHULA', 'PUSHYA', 'MULA', 'SAT', 0, 0),
(2714, 3, '30-01-2022', 'PLAVA', 'PUSBH13', 'TRAYODASHI', 'BAHULA', 'PUSHYA', 'PURVA ASHADHA', 'SUN', 0, 0),
(2715, 3, '31-01-2022', 'PLAVA', 'PUSBH14', 'CHATURDASHI', 'BAHULA', 'PUSHYA', 'SHRAVANA', 'MON', 0, 0),
(2716, 3, '01-02-2022', 'PLAVA', 'PUSBH30', 'AMAVASYA', 'BAHULA', 'PUSHYA', 'DHANISHTA OR SRAVISTHA', 'TUE', 0, 0),
(2717, 3, '02-02-2022', 'PLAVA', 'MAGSH01', 'PADYA', 'SHUDDHA', 'MAGHA', 'UTTARA ASADHA', 'WED', -1, 0),
(2718, 3, '03-02-2022', 'PLAVA', 'MAGSH03', 'TADIGE', 'SHUDDHA', 'MAGHA', 'SHRAVANA', 'THU', 0, 0),
(2719, 3, '04-02-2022', 'PLAVA', 'MAGSH04', 'CHOWTHI', 'SHUDDHA', 'MAGHA', 'DHANISHTA OR SRAVISTHA', 'FRI', 0, 0),
(2720, 3, '05-02-2022', 'PLAVA', 'MAGSH05', 'PANCHAMI', 'SHUDDHA', 'MAGHA', 'SHATABHISHA OR SATATARAKA', 'SAT', 0, 0),
(2721, 3, '06-02-2022', 'PLAVA', 'MAGSH06', 'SHASHTHI', 'SHUDDHA', 'MAGHA', 'PURVA BHADRA', 'SUN', 0, 0),
(2722, 3, '07-02-2022', 'PLAVA', 'MAGSH07', 'SAPTAMI', 'SHUDDHA', 'MAGHA', 'UTTARA BHADRA', 'MON', 0, 0),
(2723, 3, '08-02-2022', 'PLAVA', 'MAGSH08', 'ASHTAMI', 'SHUDDHA', 'MAGHA', 'REVATI', 'TUE', 0, 0),
(2724, 3, '09-02-2022', 'PLAVA', 'MAGSH08', 'ASHTAMI', 'SHUDDHA', 'MAGHA', 'ASHWINI', 'WED', 0, 1),
(2725, 3, '10-02-2022', 'PLAVA', 'MAGSH09', 'NAVAMI', 'SHUDDHA', 'MAGHA', 'BHARANI', 'THU', 0, 0),
(2726, 3, '11-02-2022', 'PLAVA', 'MAGSH10', 'DASHAMI', 'SHUDDHA', 'MAGHA', 'KRITIKA', 'FRI', 0, 0),
(2727, 3, '12-02-2022', 'PLAVA', 'MAGSH11', 'EKADASHI', 'SHUDDHA', 'MAGHA', 'ROHINI', 'SAT', 0, 0),
(2728, 3, '13-02-2022', 'PLAVA', 'MAGSH12', 'DWADASHI', 'SHUDDHA', 'MAGHA', 'MRIGASHIRSHA', 'SUN', 0, 0),
(2729, 3, '14-02-2022', 'PLAVA', 'MAGSH13', 'TRAYODASHI', 'SHUDDHA', 'MAGHA', 'ARDRA', 'MON', 0, 0),
(2730, 3, '15-02-2022', 'PLAVA', 'MAGSH14', 'CHATURDASHI', 'SHUDDHA', 'MAGHA', 'PUNARVASU', 'TUE', 0, 0),
(2731, 3, '16-02-2022', 'PLAVA', 'MAGSH15', 'HUNNIME', 'SHUDDHA', 'MAGHA', 'PUSHYA', 'WED', 0, 0),
(2732, 3, '17-02-2022', 'PLAVA', 'MAGBH01', 'PADYA', 'BAHULA', 'MAGHA', 'ASHLESHA', 'THU', 0, 0),
(2733, 3, '18-02-2022', 'PLAVA', 'MAGBH02', 'BIDIGE', 'BAHULA', 'MAGHA', 'MAGHA', 'FRI', 0, 0),
(2734, 3, '19-02-2022', 'PLAVA', 'MARBH03', 'TADIGE', 'BAHULA', 'MARGASHEERA', 'HUBBA OR PURVA PHALGUNI', 'SAT', 0, 0),
(2735, 3, '20-02-2022', 'PLAVA', 'MAGBH04', 'CHOWTHI', 'BAHULA', 'MAGHA', 'HUBBA OR PURVA PHALGUNI,UTTARA OR UTTARA PHALGUNI', 'SUN', 0, 0),
(2736, 3, '21-02-2022', 'PLAVA', 'MAGBH05', 'PANCHAMI', 'BAHULA', 'MAGHA', 'HASTA', 'MON', 0, 0),
(2737, 3, '22-02-2022', 'PLAVA', 'MAGBH06', 'SHASHTHI', 'BAHULA', 'MAGHA', 'CHITRA', 'TUE', 0, 0),
(2738, 3, '23-02-2022', 'PLAVA', 'MAGBH07', 'SAPTAMI', 'BAHULA', 'MAGHA', 'VISAKHA', 'WED', 0, 0),
(2739, 3, '24-02-2022', 'PLAVA', 'MAGBH08', 'ASHTAMI', 'BAHULA', 'MAGHA', 'ANURADHA', 'THU', 0, 0),
(2740, 3, '25-02-2022', 'PLAVA', 'MAGBH09', 'NAVAMI', 'BAHULA', 'MAGHA', 'JYESHTHA', 'FRI', 0, 0),
(2741, 3, '26-02-2022', 'PLAVA', 'MAGBH10', 'DASHAMI', 'BAHULA', 'MAGHA', 'MULA', 'SAT', 0, 0),
(2742, 3, '27-02-2022', 'PLAVA', 'MAGBH11', 'EKADASHI', 'BAHULA', 'MAGHA', 'PURVA ASHADHA', 'SUN', -1, 0),
(2743, 3, '28-02-2022', 'PLAVA', 'MAGBH13', 'TRAYODASHI', 'BAHULA', 'MAGHA', 'UTTARA ASADHA', 'MON', 0, 0),
(2744, 3, '01-03-2022', 'PLAVA', 'MAGBH14', 'CHATURDASHI', 'BAHULA', 'MAGHA', 'DHANISHTA OR SRAVISTHA', 'TUE', 0, 0),
(2745, 3, '02-03-2022', 'PLAVA', 'MAGBH30', 'AMAVASYA', 'BAHULA', 'MAGHA', 'SHATABHISHA OR SATATARAKA', 'WED', 0, 0),
(2746, 3, '03-03-2022', 'PLAVA', 'PHASH01', 'PADYA', 'SHUDDHA', 'PHALGUNA', 'PURVA BHADRA', 'THU', 0, 0),
(2747, 3, '04-03-2022', 'PLAVA', 'PHASH02', 'BIDIGE', 'SHUDDHA', 'PHALGUNA', 'UTTARA BHADRA', 'FRI', 0, 0),
(2748, 3, '05-03-2022', 'PLAVA', 'PHASH03', 'TADIGE', 'SHUDDHA', 'PHALGUNA', 'REVATI', 'SAT', 0, 0),
(2749, 3, '06-03-2022', 'PLAVA', 'PHASH04', 'CHOWTHI', 'SHUDDHA', 'PHALGUNA', 'ASHWINI', 'SUN', 0, 0),
(2750, 3, '07-03-2022', 'PLAVA', 'PHASH05', 'PANCHAMI', 'SHUDDHA', 'PHALGUNA', 'BHARANI', 'MON', 0, 0),
(2751, 3, '08-03-2022', 'PLAVA', 'PHASH06', 'SHASHTHI', 'SHUDDHA', 'PHALGUNA', 'KRITIKA', 'TUE', 0, 0),
(2752, 3, '09-03-2022', 'PLAVA', 'PHASH07', 'SAPTAMI', 'SHUDDHA', 'PHALGUNA', 'ROHINI', 'WED', 0, 0),
(2753, 3, '10-03-2022', 'PLAVA', 'PHASH08', 'ASHTAMI', 'SHUDDHA', 'PHALGUNA', 'MRIGASHIRSHA', 'THU', 0, 0),
(2754, 3, '11-03-2022', 'PLAVA', 'PHASH09', 'NAVAMI', 'SHUDDHA', 'PHALGUNA', 'ARDRA', 'FRI', 0, 0),
(2755, 3, '12-03-2022', 'PLAVA', 'PHASH09', 'NAVAMI', 'SHUDDHA', 'PHALGUNA', 'PUNARVASU', 'SAT', 0, 1),
(2756, 3, '13-03-2022', 'PLAVA', 'PHASH10', 'DASHAMI', 'SHUDDHA', 'PHALGUNA', 'PUSHYA', 'SUN', 0, 0),
(2757, 3, '14-03-2022', 'PLAVA', 'PHASH11', 'EKADASHI', 'SHUDDHA', 'PHALGUNA', 'ASHLESHA', 'MON', 0, 0),
(2758, 3, '15-03-2022', 'PLAVA', 'PHASH12', 'DWADASHI', 'SHUDDHA', 'PHALGUNA', 'MAGHA', 'TUE', 0, 0),
(2759, 3, '16-03-2022', 'PLAVA', 'PHASH13', 'TRAYODASHI', 'SHUDDHA', 'PHALGUNA', 'HUBBA OR PURVA PHALGUNI', 'WED', 0, 0),
(2760, 3, '17-03-2022', 'PLAVA', 'PHASH14', 'CHATURDASHI', 'SHUDDHA', 'PHALGUNA', 'UTTARA OR UTTARA PHALGUNI', 'THU', 0, 0),
(2761, 3, '18-03-2022', 'PLAVA', 'PHASH15', 'HUNNIME', 'SHUDDHA', 'PHALGUNA', 'HASTA', 'FRI', 0, 0),
(2762, 3, '19-03-2022', 'PLAVA', 'PHABH01', 'PADYA', 'BAHULA', 'PHALGUNA', 'CHITRA', 'SAT', 0, 0),
(2763, 3, '20-03-2022', 'PLAVA', 'PHABH02', 'BIDIGE', 'BAHULA', 'PHALGUNA', 'SWATHI', 'SUN', 0, 0),
(2764, 3, '21-03-2022', 'PLAVA', 'PHABH03', 'TADIGE', 'BAHULA', 'PHALGUNA', 'VISAKHA', 'MON', -1, 0),
(2765, 3, '22-03-2022', 'PLAVA', 'PHABH05', 'PANCHAMI', 'BAHULA', 'PHALGUNA', 'ANURADHA', 'TUE', 0, 0),
(2766, 3, '23-03-2022', 'PLAVA', 'PHABH06', 'SHASHTHI', 'BAHULA', 'PHALGUNA', 'JYESHTHA', 'WED', 0, 0),
(2767, 3, '24-03-2022', 'PLAVA', 'PHABH07', 'SAPTAMI', 'BAHULA', 'PHALGUNA', 'MULA', 'THU', 0, 0),
(2768, 3, '25-03-2022', 'PLAVA', 'PHABH08', 'ASHTAMI', 'BAHULA', 'PHALGUNA', 'PURVA ASHADHA', 'FRI', 0, 0),
(2769, 3, '26-03-2022', 'PLAVA', 'PHASH09', 'NAVAMI', 'BAHULA', 'PHALGUNA', 'UTTARA ASADHA', 'SAT', 0, 0),
(2770, 3, '27-03-2022', 'PLAVA', 'PHASH10', 'DASHAMI', 'BAHULA', 'PHALGUNA', 'SHRAVANA', 'SUN', 0, 0),
(2771, 3, '28-03-2022', 'PLAVA', 'PHASH11', 'EKADASHI', 'BAHULA', 'PHALGUNA', 'DHANISHTA OR SRAVISTHA', 'MON', 0, 0),
(2772, 3, '29-03-2022', 'PLAVA', 'PHASH12', 'DWADASHI', 'BAHULA', 'PHALGUNA', 'SHATABHISHA OR SATATARAKA', 'TUE', 0, 0),
(2773, 3, '30-03-2022', 'PLAVA', 'PHABH13', 'TRAYODASHI', 'BAHULA', 'PHALGUNA', 'PURVA BHADRA', 'WED', 0, 0),
(2774, 3, '31-03-2022', 'PLAVA', 'PHABH14', 'CHATURDASHI', 'BAHULA', 'PHALGUNA', 'UTTARA BHADRA', 'THU', 0, 0),
(2775, 3, '02-04-2021', 'SHARVARI', 'PHABH06', 'SHASHTHI', 'BAHULA', 'PHALGUNA', 'JYESHTHA', 'FRI', 2411, 0),
(3144, 3, '27-04-2021', 'PLAVA', 'CHABH01', 'PADYA', 'BAHULA', 'CHAITRA', 'VISAKHA', 'TUE', 2436, 0),
(3146, 3, '24-05-2021', 'PLAVA', 'VAISH12', 'DWADASHI', 'SHUDDHA', 'VAISHAKHA', 'CHITRA', 'MON', 2463, 0),
(3147, 3, '23-06-2021', 'PLAVA', 'JYESH14', 'CHATURDASHI', 'SHUDDHA', 'JYESTA', 'ANURADHA', 'WED', 2493, 0),
(3148, 3, '15-07-2021', 'PLAVA', 'ASDSH06', 'SHASHTHI', 'SHUDDHA', 'ASHADA', 'PURVA ASHADHA', 'THU', 2515, 0),
(3149, 3, '24-07-2021', 'PLAVA', 'ASDBH01', 'PADYA', 'BAHULA', 'ASHADA', 'UTTARA ASADHA', 'SAT', 2524, 0),
(3150, 3, '16-08-2021', 'PLAVA', 'SHRSH09', 'NAVAMI', 'SHUDDHA', 'SHRAVANA', 'VISAKHA', 'MON', 2547, 0),
(3151, 3, '06-09-2021', 'PLAVA', 'SHRBH15', 'AMAVASYA', 'BAHULA', 'SHRAVANA', 'MAGHA', 'MON', 2568, 0),
(3152, 3, '18-09-2021', 'PLAVA', 'BHASH13', 'TRAYODASHI', 'SHUDDHA', 'BHADRAPADA', 'SHRAVANA', 'SAT', 2580, 0),
(3153, 3, '09-10-2021', 'PLAVA', 'ASWSH04', 'CHOWTHI', 'SHUDDHA', 'ASHWIJA', 'SWATHI', 'SAT', 2601, 0),
(3154, 3, '03-11-2021', 'PLAVA', 'ASWBH14', 'CHATURDASHI', 'BAHULA', 'ASHWIJA', 'UTTARA OR UTTARA PHALGUNI', 'WED', 2626, 0),
(3155, 3, '11-11-2021', 'PLAVA', 'KARSH08', 'ASHTAMI', 'SHUDDHA', 'KARTHIKA', 'UTTARA ASADHA', 'THU', 2634, 0),
(3156, 3, '05-12-2021', 'PLAVA', 'MARSH02', 'BIDIGE', 'SHUDDHA', 'MARGASHEERA', 'JYESHTHA', 'SUN', 2658, 0),
(3157, 3, '01-01-2022', 'PLAVA', 'MARBH14', 'CHATURDASHI', 'BAHULA', 'MARGASHEERA', 'HUBBA OR PURVA PHALGUNI', 'SAT', 2685, 0),
(3158, 3, '25-01-2022', 'PLAVA', 'PUSBH08', 'ASHTAMI', 'BAHULA', 'PUSHYA', 'CHITRA', 'TUE', 2709, 0),
(3159, 3, '02-02-2022', 'PLAVA', 'MAGSH02', 'BIDIGE', 'SHUDDHA', 'MAGHA', 'UTTARA ASADHA', 'WED', 2717, 0),
(3160, 3, '27-02-2022', 'PLAVA', 'MAGBH12', 'DWADASHI', 'BAHULA', 'MAGHA', 'PURVA ASHADHA', 'SUN', 2742, 0),
(3161, 3, '21-03-2022', 'PLAVA', 'PHABH04', 'CHOWTHI', 'BAHULA', 'PHALGUNA', 'VISAKHA', 'MON', 2764, 0),
(3163, 4, '01-04-2022', 'PLAVA', 'PHABH30', 'AMAVASYA', 'BAHULA', 'PHALGUNA', 'UTTARA BHADRA', 'FRI', 0, 0),
(3164, 4, '02-04-2022', 'SUBHAKRTA', 'CHASH01', 'PADYA', 'SHUDDHA', 'CHAITRA', 'REVATI', 'SAT', 0, 0),
(3165, 4, '03-04-2022', 'SUBHAKRTA', 'CHASH02', 'BIDIGE', 'SHUDDHA', 'CHAITRA', 'ASHWINI', 'SUN', 0, 0),
(3166, 4, '04-04-2022', 'SUBHAKRTA', 'CHASH03', 'TADIGE', 'SHUDDHA', 'CHAITRA', 'BHARANI', 'MON', 0, 0),
(3167, 4, '05-04-2022', 'SUBHAKRTA', 'CHASH04', 'CHOWTHI', 'SHUDDHA', 'CHAITRA', 'KRITIKA', 'TUE', 0, 0),
(3168, 4, '06-04-2022', 'SUBHAKRTA', 'CHASH05', 'PANCHAMI', 'SHUDDHA', 'CHAITRA', 'ROHINI', 'WED', 0, 0),
(3169, 4, '07-04-2022', 'SUBHAKRTA', 'CHASH06', 'SHASHTHI', 'SHUDDHA', 'CHAITRA', 'MRIGASHIRSHA', 'THU', 0, 0),
(3170, 4, '08-04-2022', 'SUBHAKRTA', 'CHASH07', 'SAPTAMI', 'SHUDDHA', 'CHAITRA', 'ARDRA', 'FRI', 0, 0),
(3171, 4, '09-04-2022', 'SUBHAKRTA', 'CHASH08', 'ASHTAMI', 'SHUDDHA', 'CHAITRA', 'PUNARVASU', 'SAT', 0, 0),
(3172, 4, '10-04-2022', 'SUBHAKRTA', 'CHASH09', 'NAVAMI', 'SHUDDHA', 'CHAITRA', 'PUSHYA', 'SUN', 0, 0),
(3173, 4, '11-04-2022', 'SUBHAKRTA', 'CHASH10', 'DASHAMI', 'SHUDDHA', 'CHAITRA', 'PUSHYA', 'MON', 0, 0),
(3174, 4, '12-04-2022', 'SUBHAKRTA', 'CHASH11', 'EKADASHI', 'SHUDDHA', 'CHAITRA', 'ASHLESHA', 'TUE', 0, 0),
(3175, 4, '13-04-2022', 'SUBHAKRTA', 'CHASH12', 'DWADASHI', 'SHUDDHA', 'CHAITRA', 'MAGHA', 'WED', 0, 0),
(3176, 4, '14-04-2022', 'SUBHAKRTA', 'CHASH13', 'TRAYODASHI', 'SHUDDHA', 'CHAITRA', 'HUBBA OR PURVA PHALGUNI', 'THU', 0, 0),
(3177, 4, '15-04-2022', 'SUBHAKRTA', 'CHASH14', 'CHATURDASHI', 'SHUDDHA', 'CHAITRA', 'UTTARA OR UTTARA PHALGUNI', 'FRI', 0, 0),
(3178, 4, '16-04-2022', 'SUBHAKRTA', 'CHASH15', 'HUNNIME', 'SHUDDHA', 'CHAITRA', 'HASTA', 'SAT', 0, 0),
(3179, 4, '17-04-2022', 'SUBHAKRTA', 'CHABH01', 'PADYA', 'BAHULA', 'CHAITRA', 'CHITRA', 'SUN', 0, 0),
(3180, 4, '18-04-2022', 'SUBHAKRTA', 'CHABH02', 'BIDIGE', 'BAHULA', 'CHAITRA', 'VISAKHA', 'MON', 0, 0),
(3181, 4, '19-04-2022', 'SUBHAKRTA', 'CHABH03', 'TADIGE', 'BAHULA', 'CHAITRA', 'ANURADHA', 'TUE', 0, 0),
(3182, 4, '20-04-2022', 'SUBHAKRTA', 'CHABH04', 'CHOWTHI', 'BAHULA', 'CHAITRA', 'JYESHTHA', 'WED', 0, 0),
(3183, 4, '21-04-2022', 'SUBHAKRTA', 'CHABH05', 'PANCHAMI', 'BAHULA', 'CHAITRA', 'MULA', 'THU', 0, 0),
(3184, 4, '22-04-2022', 'SUBHAKRTA', 'CHABH06', 'SHASHTHI', 'BAHULA', 'CHAITRA', 'PURVA ASHADHA', 'FRI', 0, 0),
(3185, 4, '23-04-2022', 'SUBHAKRTA', 'CHABH07', 'SAPTAMI', 'BAHULA', 'CHAITRA', 'UTTARA ASADHA', 'SAT', 0, 0),
(3186, 4, '24-04-2022', 'SUBHAKRTA', 'CHABH08', 'ASHTAMI', 'BAHULA', 'CHAITRA', 'SHRAVANA', 'SUN', -1, 0),
(3187, 4, '25-04-2022', 'SUBHAKRTA', 'CHABH10', 'DASHAMI', 'BAHULA', 'CHAITRA', 'DHANISHTA OR SRAVISTHA', 'MON', 0, 0),
(3188, 4, '26-04-2022', 'SUBHAKRTA', 'CHABH11', 'EKADASHI', 'BAHULA', 'CHAITRA', 'SHATABHISHA OR SATATARAKA', 'TUE', 0, 0),
(3189, 4, '27-04-2022', 'SUBHAKRTA', 'CHABH12', 'DWADASHI', 'BAHULA', 'CHAITRA', 'PURVA BHADRA', 'WED', 0, 0),
(3190, 4, '28-04-2022', 'SUBHAKRTA', 'CHABH13', 'TRAYODASHI', 'BAHULA', 'CHAITRA', 'UTTARA BHADRA', 'THU', 0, 0),
(3191, 4, '29-04-2022', 'SUBHAKRTA', 'CHABH14', 'CHATURDASHI', 'BAHULA', 'CHAITRA', 'REVATI', 'FRI', 0, 0),
(3192, 4, '30-04-2022', 'SUBHAKRTA', 'CHABH30', 'AMAVASYA', 'BAHULA', 'CHAITRA', 'ASHWINI', 'SAT', 0, 0),
(3193, 4, '01-05-2022', 'SUBHAKRTA', 'VAISH01', 'PADYA', 'SHUDDHA', 'VAISHAKHA', 'BHARANI', 'SUN', 0, 0),
(3194, 4, '02-05-2022', 'SUBHAKRTA', 'VAISH02', 'BIDIGE', 'SHUDDHA', 'VAISHAKHA', 'KRITIKA', 'MON', 0, 0),
(3195, 4, '03-05-2022', 'SUBHAKRTA', 'VAISH03', 'TADIGE', 'SHUDDHA', 'VAISHAKHA', 'ROHINI', 'TUE', 0, 0),
(3196, 4, '04-05-2022', 'SUBHAKRTA', 'VAISH03', 'TADIGE', 'SHUDDHA', 'VAISHAKHA', 'MRIGASHIRSHA', 'WED', 0, 1),
(3197, 4, '05-05-2022', 'SUBHAKRTA', 'VAISH04', 'CHOWTHI', 'SHUDDHA', 'VAISHAKHA', 'MRIGASHIRSHA', 'THU', 0, 0),
(3198, 4, '06-05-2022', 'SUBHAKRTA', 'VAISH05', 'PANCHAMI', 'SHUDDHA', 'VAISHAKHA', 'ARDRA', 'FRI', 0, 0),
(3199, 4, '07-05-2022', 'SUBHAKRTA', 'VAISH06', 'SHASHTHI', 'SHUDDHA', 'VAISHAKHA', 'PUNARVASU', 'SAT', 0, 0),
(3200, 4, '08-05-2022', 'SUBHAKRTA', 'VAISH07', 'SAPTAMI', 'SHUDDHA', 'VAISHAKHA', 'PUSHYA', 'SUN', 0, 0),
(3201, 4, '09-05-2022', 'SUBHAKRTA', 'VAISH08', 'ASHTAMI', 'SHUDDHA', 'VAISHAKHA', 'PUSHYA', 'MON', 0, 0),
(3202, 4, '10-05-2022', 'SUBHAKRTA', 'VAISH09', 'NAVAMI', 'SHUDDHA', 'VAISHAKHA', 'MAGHA', 'TUE', 0, 0),
(3203, 4, '11-05-2022', 'SUBHAKRTA', 'VAISH10', 'DASHAMI', 'SHUDDHA', 'VAISHAKHA', 'HUBBA OR PURVA PHALGUNI', 'WED', 0, 0),
(3204, 4, '12-05-2022', 'SUBHAKRTA', 'VAISH11', 'EKADASHI', 'SHUDDHA', 'VAISHAKHA', 'UTTARA OR UTTARA PHALGUNI', 'THU', 0, 0),
(3205, 4, '13-05-2022', 'SUBHAKRTA', 'VAISH12', 'DWADASHI', 'SHUDDHA', 'VAISHAKHA', 'HASTA', 'FRI', 0, 0),
(3206, 4, '14-05-2022', 'SUBHAKRTA', 'VAISH13', 'TRAYODASHI', 'SHUDDHA', 'VAISHAKHA', 'CHITRA', 'SAT', 0, 0),
(3207, 4, '15-05-2022', 'SUBHAKRTA', 'VAISH14', 'CHATURDASHI', 'SHUDDHA', 'VAISHAKHA', 'SWATHI', 'SUN', 0, 0),
(3208, 4, '16-05-2022', 'SUBHAKRTA', 'VAISH15', 'HUNNIME', 'SHUDDHA', 'VAISHAKHA', 'VISAKHA', 'MON', 0, 0),
(3209, 4, '17-05-2022', 'SUBHAKRTA', 'VAIBH01', 'PADYA', 'BAHULA', 'VAISHAKHA', 'UTTARA ASADHA', 'TUE', 0, 0),
(3210, 4, '18-05-2022', 'SUBHAKRTA', 'VAIBH02', 'BIDIGE', 'BAHULA', 'VAISHAKHA', 'JYESHTHA', 'WED', -1, 0),
(3211, 4, '19-05-2022', 'SUBHAKRTA', 'VAIBH04', 'CHOWTHI', 'BAHULA', 'VAISHAKHA', 'PURVA ASHADHA', 'THU', 0, 0),
(3212, 4, '20-05-2022', 'SUBHAKRTA', 'VAIBH05', 'PANCHAMI', 'BAHULA', 'VAISHAKHA', 'UTTARA ASADHA', 'FRI', 0, 0),
(3213, 4, '21-05-2022', 'SUBHAKRTA', 'VAIBH06', 'SHASHTHI', 'BAHULA', 'VAISHAKHA', 'SHRAVANA', 'SAT', 0, 0),
(3214, 4, '22-05-2022', 'SUBHAKRTA', 'VAIBH07', 'SAPTAMI', 'BAHULA', 'VAISHAKHA', 'DHANISHTA OR SRAVISTHA', 'SUN', 0, 0),
(3215, 4, '23-05-2022', 'SUBHAKRTA', 'VAIBH08', 'ASHTAMI', 'BAHULA', 'VAISHAKHA', 'SHATABHISHA OR SATATARAKA', 'MON', 0, 0),
(3216, 4, '24-05-2022', 'SUBHAKRTA', 'VAIBH09', 'NAVAMI', 'BAHULA', 'VAISHAKHA', 'PURVA BHADRA', 'TUE', 0, 0),
(3217, 4, '25-05-2022', 'SUBHAKRTA', 'VAIBH10', 'DASHAMI', 'BAHULA', 'VAISHAKHA', 'ASHWINI', 'WED', 0, 0),
(3218, 4, '26-05-2022', 'SUBHAKRTA', 'VAIBH11', 'EKADASHI', 'BAHULA', 'VAISHAKHA', 'REVATI', 'THU', 0, 0),
(3219, 4, '27-05-2022', 'SUBHAKRTA', 'VAIBH12', 'DWADASHI', 'BAHULA', 'VAISHAKHA', 'ASHWINI', 'FRI', 0, 0),
(3220, 4, '28-05-2022', 'SUBHAKRTA', 'VAIBH13', 'TRAYODASHI', 'BAHULA', 'VAISHAKHA', 'BHARANI', 'SAT', 0, 0),
(3221, 4, '29-05-2022', 'SUBHAKRTA', 'VAIBH14', 'CHATURDASHI', 'BAHULA', 'VAISHAKHA', 'KRITIKA', 'SUN', 0, 0),
(3222, 4, '30-05-2022', 'SUBHAKRTA', 'VAIBH30', 'AMAVASYA', 'BAHULA', 'VAISHAKHA', 'KRITIKA', 'MON', 0, 0),
(3223, 4, '31-05-2022', 'SUBHAKRTA', 'JYESH01', 'PADYA', 'SHUDDHA', 'JYESTA', 'ROHINI', 'TUE', 0, 0),
(3224, 4, '01-06-2022', 'SUBHAKRTA', 'JYESH02', 'BIDIGE', 'SHUDDHA', 'JYESTA', 'MRIGASHIRSHA', 'WED', 0, 0),
(3225, 4, '02-06-2022', 'SUBHAKRTA', 'JYESH03', 'TADIGE', 'SHUDDHA', 'JYESTA', 'ARDRA', 'THU', 0, 0),
(3226, 4, '03-06-2022', 'SUBHAKRTA', 'JYESH04', 'CHOWTHI', 'SHUDDHA', 'JYESTA', 'PUNARVASU', 'FRI', 0, 0),
(3227, 4, '04-06-2022', 'SUBHAKRTA', 'JYESH05', 'PANCHAMI', 'SHUDDHA', 'JYESTA', 'PUSHYA', 'SAT', 0, 0),
(3228, 4, '05-06-2022', 'SUBHAKRTA', 'JYESH06', 'SHASHTHI', 'SHUDDHA', 'JYESTA', 'ASHLESHA', 'SUN', 0, 0),
(3229, 4, '06-06-2022', 'SUBHAKRTA', 'JYESH06', 'SHASHTHI', 'SHUDDHA', 'JYESTA', 'MAGHA', 'MON', 0, 1),
(3230, 4, '07-06-2022', 'SUBHAKRTA', 'JYESH07', 'SAPTAMI', 'SHUDDHA', 'JYESTA', 'HUBBA OR PURVA PHALGUNI', 'TUE', 0, 0),
(3231, 4, '08-06-2022', 'SUBHAKRTA', 'JYESH08', 'ASHTAMI', 'SHUDDHA', 'JYESTA', 'UTTARA OR UTTARA PHALGUNI', 'WED', 0, 0),
(3232, 4, '09-06-2022', 'SUBHAKRTA', 'JYESH09', 'NAVAMI', 'SHUDDHA', 'JYESTA', 'HASTA', 'THU', 0, 0),
(3233, 4, '10-06-2022', 'SUBHAKRTA', 'JYESH10', 'DASHAMI', 'SHUDDHA', 'JYESTA', 'CHITRA', 'FRI', 0, 0),
(3234, 4, '11-06-2022', 'SUBHAKRTA', 'JYESH11', 'EKADASHI', 'SHUDDHA', 'JYESTA', 'SWATHI', 'SAT', -1, 0),
(3235, 4, '12-06-2022', 'SUBHAKRTA', 'JYESH13', 'TRAYODASHI', 'SHUDDHA', 'JYESTA', 'VISAKHA', 'SUN', 0, 0),
(3236, 4, '13-06-2022', 'SUBHAKRTA', 'JYESH14', 'CHATURDASHI', 'SHUDDHA', 'JYESTA', 'ANURADHA', 'MON', 0, 0),
(3237, 4, '14-06-2022', 'SUBHAKRTA', 'JYESH15', 'HUNNIME', 'SHUDDHA', 'JYESTA', 'JYESHTHA', 'TUE', 0, 0),
(3238, 4, '15-06-2022', 'SUBHAKRTA', 'JYEBH01', 'PADYA', 'BAHULA', 'JYESTA', 'MULA', 'WED', 0, 0),
(3239, 4, '16-06-2022', 'SUBHAKRTA', 'JYEBH02', 'BIDIGE', 'BAHULA', 'JYESTA', 'PURVA ASHADHA', 'THU', 0, 0),
(3240, 4, '17-06-2022', 'SUBHAKRTA', 'JYEBH03', 'TADIGE', 'BAHULA', 'JYESTA', 'UTTARA ASADHA', 'FRI', -1, 0),
(3241, 4, '18-06-2022', 'SUBHAKRTA', 'JYEBH05', 'PANCHAMI', 'BAHULA', 'JYESTA', 'SHRAVANA', 'SAT', 0, 0),
(3242, 4, '19-06-2022', 'SUBHAKRTA', 'JYEBH06', 'SHASHTHI', 'BAHULA', 'JYESTA', 'SHATABHISHA OR SATATARAKA', 'SUN', 0, 0),
(3243, 4, '20-06-2022', 'SUBHAKRTA', 'JYEBH07', 'SAPTAMI', 'BAHULA', 'JYESTA', 'PURVA BHADRA', 'MON', 0, 0),
(3244, 4, '21-06-2022', 'SUBHAKRTA', 'JYEBH08', 'ASHTAMI', 'BAHULA', 'JYESTA', 'UTTARA BHADRA', 'TUE', 0, 0),
(3245, 4, '22-06-2022', 'SUBHAKRTA', 'JYEBH09', 'NAVAMI', 'BAHULA', 'JYESTA', 'REVATI', 'WED', 0, 0),
(3246, 4, '23-06-2022', 'SUBHAKRTA', 'JYEBH10', 'DASHAMI', 'BAHULA', 'JYESTA', 'REVATI', 'THU', 0, 0),
(3247, 4, '24-06-2022', 'SUBHAKRTA', 'JYEBH11', 'EKADASHI', 'BAHULA', 'JYESTA', 'ASHWINI', 'FRI', 0, 0),
(3248, 4, '25-06-2022', 'SUBHAKRTA', 'JYEBH12', 'DWADASHI', 'BAHULA', 'JYESTA', 'BHARANI', 'SAT', 0, 0),
(3249, 4, '26-06-2022', 'SUBHAKRTA', 'JYEBH13', 'TRAYODASHI', 'BAHULA', 'JYESTA', 'KRITIKA', 'SUN', 0, 0),
(3250, 4, '27-06-2022', 'SUBHAKRTA', 'JYEBH14', 'CHATURDASHI', 'BAHULA', 'JYESTA', 'ROHINI', 'MON', 0, 0),
(3251, 4, '28-06-2022', 'SUBHAKRTA', 'JYEBH30', 'AMAVASYA', 'BAHULA', 'JYESTA', 'MRIGASHIRSHA', 'TUE', 0, 0),
(3252, 4, '29-06-2022', 'SUBHAKRTA', 'JYEBH30', 'AMAVASYA', 'BAHULA', 'JYESTA', 'ARDRA', 'WED', 0, 1),
(3253, 4, '30-06-2022', 'SUBHAKRTA', 'ASDSH01', 'PADYA', 'SHUDDHA', 'ASHADA', 'PUNARVASU', 'THU', 0, 0),
(3254, 4, '01-07-2022', 'SUBHAKRTA', 'ASDSH02', 'BIDIGE', 'SHUDDHA', 'ASHADA', 'PUSHYA', 'FRI', 0, 0),
(3255, 4, '02-07-2022', 'SUBHAKRTA', 'ASDSH03', 'TADIGE', 'SHUDDHA', 'ASHADA', 'ASHLESHA', 'SAT', 0, 0),
(3256, 4, '03-07-2022', 'SUBHAKRTA', 'ASDSH04', 'CHOWTHI', 'SHUDDHA', 'ASHADA', 'ASHLESHA', 'SUN', 0, 0),
(3257, 4, '04-07-2022', 'SUBHAKRTA', 'ASDSH05', 'PANCHAMI', 'SHUDDHA', 'ASHADA', 'MAGHA', 'MON', 0, 0),
(3258, 4, '05-07-2022', 'SUBHAKRTA', 'ASDSH06', 'SHASHTHI', 'SHUDDHA', 'ASHADA', 'HUBBA OR PURVA PHALGUNI', 'TUE', 0, 0),
(3259, 4, '06-07-2022', 'SUBHAKRTA', 'ASDSH07', 'SAPTAMI', 'SHUDDHA', 'ASHADA', 'UTTARA OR UTTARA PHALGUNI', 'WED', 0, 0),
(3260, 4, '07-07-2022', 'SUBHAKRTA', 'ASDSH08', 'ASHTAMI', 'SHUDDHA', 'ASHADA', 'HASTA', 'THU', 0, 0),
(3261, 4, '08-07-2022', 'SUBHAKRTA', 'ASDSH09', 'NAVAMI', 'SHUDDHA', 'ASHADA', 'CHITRA', 'FRI', 0, 0),
(3262, 4, '09-07-2022', 'SUBHAKRTA', 'ASDSH10', 'DASHAMI', 'SHUDDHA', 'ASHADA', 'SWATHI', 'SAT', 0, 0),
(3263, 4, '10-07-2022', 'SUBHAKRTA', 'ASDSH11', 'EKADASHI', 'SHUDDHA', 'ASHADA', 'VISAKHA', 'SUN', 0, 0),
(3264, 4, '11-07-2022', 'SUBHAKRTA', 'ASDSH12', 'DWADASHI', 'SHUDDHA', 'ASHADA', 'ANURADHA', 'MON', 0, 0),
(3265, 4, '12-07-2022', 'SUBHAKRTA', 'ASDSH13', 'TRAYODASHI', 'SHUDDHA', 'ASHADA', 'UTTARA ASADHA', 'TUE', 0, 0),
(3266, 4, '13-07-2022', 'SUBHAKRTA', 'ASDSH15', 'HUNNIME', 'SHUDDHA', 'ASHADA', 'PURVA ASHADHA', 'WED', 0, 0),
(3267, 4, '14-07-2022', 'SUBHAKRTA', 'ASDBH01', 'PADYA', 'BAHULA', 'ASHADA', 'UTTARA ASADHA', 'THU', 0, 0),
(3268, 4, '15-07-2022', 'SUBHAKRTA', 'ASDBH02', 'BIDIGE', 'BAHULA', 'ASHADA', 'SHRAVANA', 'FRI', 0, 0),
(3269, 4, '16-07-2022', 'SUBHAKRTA', 'ASDBH03', 'TADIGE', 'BAHULA', 'ASHADA', 'DHANISHTA OR SRAVISTHA', 'SAT', 0, 0),
(3270, 4, '17-07-2022', 'SUBHAKRTA', 'ASDBH04', 'CHOWTHI', 'BAHULA', 'ASHADA', 'SHATABHISHA OR SATATARAKA', 'SUN', 0, 0),
(3271, 4, '18-07-2022', 'SUBHAKRTA', 'ASDBH05', 'PANCHAMI', 'BAHULA', 'ASHADA', 'PURVA BHADRA', 'MON', 0, 0),
(3272, 4, '19-07-2022', 'SUBHAKRTA', 'ASDBH06', 'SHASHTHI', 'BAHULA', 'ASHADA', 'UTTARA BHADRA', 'TUE', 0, 0),
(3273, 4, '20-07-2022', 'SUBHAKRTA', 'ASDBH07', 'SAPTAMI', 'BAHULA', 'ASHADA', 'REVATI', 'WED', 0, 0),
(3274, 4, '21-07-2022', 'SUBHAKRTA', 'ASDBH08', 'ASHTAMI', 'BAHULA', 'ASHADA', 'ASHWINI', 'THU', 0, 0),
(3275, 4, '22-07-2022', 'SUBHAKRTA', 'ASDBH09', 'NAVAMI', 'BAHULA', 'ASHADA', 'BHARANI', 'FRI', 0, 0),
(3276, 4, '23-07-2022', 'SUBHAKRTA', 'ASDBH10', 'DASHAMI', 'BAHULA', 'ASHADA', 'KRITIKA', 'SAT', 0, 0),
(3277, 4, '24-07-2022', 'SUBHAKRTA', 'ASDBH11', 'EKADASHI', 'BAHULA', 'ASHADA', 'ROHINI', 'SUN', 0, 0),
(3278, 4, '25-07-2022', 'SUBHAKRTA', 'ASDBH12', 'DWADASHI', 'BAHULA', 'ASHADA', 'MRIGASHIRSHA', 'MON', 0, 0),
(3279, 4, '26-07-2022', 'SUBHAKRTA', 'ASDBH13', 'TRAYODASHI', 'BAHULA', 'ASHADA', 'ARDRA', 'TUE', 0, 0),
(3280, 4, '27-07-2022', 'SUBHAKRTA', 'ASDBH14', 'CHATURDASHI', 'BAHULA', 'ASHADA', 'PUNARVASU', 'WED', 0, 0),
(3281, 4, '28-07-2022', 'SUBHAKRTA', 'ASDBH30', 'AMAVASYA', 'BAHULA', 'ASHADA', 'PUSHYA', 'THU', 0, 0),
(3282, 4, '29-07-2022', 'SUBHAKRTA', 'SHRSH01', 'PADYA', 'SHUDDHA', 'SHRAVANA', 'ASHLESHA', 'FRI', 0, 0),
(3283, 4, '30-07-2022', 'SUBHAKRTA', 'SHRSH02', 'BIDIGE', 'SHUDDHA', 'SHRAVANA', 'ASHLESHA', 'SAT', 0, 0),
(3284, 4, '31-07-2022', 'SUBHAKRTA', 'SHRSH03', 'TADIGE', 'SHUDDHA', 'SHRAVANA', 'MAGHA', 'SUN', 0, 0),
(3285, 4, '01-08-2022', 'SUBHAKRTA', 'SHRSH04', 'CHOWTHI', 'SHUDDHA', 'SHRAVANA', 'HUBBA OR PURVA PHALGUNI', 'MON', 0, 0),
(3286, 4, '02-08-2022', 'SUBHAKRTA', 'SHRSH05', 'PANCHAMI', 'SHUDDHA', 'SHRAVANA', 'UTTARA OR UTTARA PHALGUNI', 'TUE', 0, 0),
(3287, 4, '03-08-2022', 'SUBHAKRTA', 'SHRSH06', 'SHASHTHI', 'SHUDDHA', 'SHRAVANA', 'HASTA', 'WED', 0, 0),
(3288, 4, '04-08-2022', 'SUBHAKRTA', 'SHRSH07', 'SAPTAMI', 'SHUDDHA', 'SHRAVANA', 'CHITRA', 'THU', 0, 0),
(3289, 4, '05-08-2022', 'SUBHAKRTA', 'SHRSH08', 'ASHTAMI', 'SHUDDHA', 'SHRAVANA', 'SWATHI', 'FRI', 0, 0),
(3290, 4, '06-08-2022', 'SUBHAKRTA', 'SHRSH09', 'NAVAMI', 'SHUDDHA', 'SHRAVANA', 'VISAKHA', 'SAT', 0, 0),
(3291, 4, '07-08-2022', 'SUBHAKRTA', 'SHRSH10', 'DASHAMI', 'SHUDDHA', 'SHRAVANA', 'ANURADHA', 'SUN', 0, 0),
(3292, 4, '08-08-2022', 'SUBHAKRTA', 'SHRSH11', 'EKADASHI', 'SHUDDHA', 'SHRAVANA', 'JYESHTHA', 'MON', 0, 0),
(3293, 4, '09-08-2022', 'SUBHAKRTA', 'SHRSH12', 'DWADASHI', 'SHUDDHA', 'SHRAVANA', 'MULA', 'TUE', 0, 0),
(3294, 4, '10-08-2022', 'SUBHAKRTA', 'SHRSH13', 'TRAYODASHI', 'SHUDDHA', 'SHRAVANA', 'PURVA ASHADHA', 'WED', 0, 0),
(3295, 4, '11-08-2022', 'SUBHAKRTA', 'SHRSH14', 'CHATURDASHI', 'SHUDDHA', 'SHRAVANA', 'UTTARA ASADHA', 'THU', 0, 0),
(3296, 4, '12-08-2022', 'SUBHAKRTA', 'SHRSH15', 'HUNNIME', 'SHUDDHA', 'SHRAVANA', 'UTTARA ASADHA', 'FRI', 0, 0),
(3297, 4, '13-08-2022', 'SUBHAKRTA', 'SHRBH01', 'PADYA', 'BAHULA', 'SHRAVANA', 'SHATABHISHA OR SATATARAKA', 'SAT', -1, 0),
(3298, 4, '14-08-2022', 'SUBHAKRTA', 'SHRBH03', 'TADIGE', 'BAHULA', 'SHRAVANA', 'PURVA BHADRA', 'SUN', 0, 0),
(3299, 4, '15-08-2022', 'SUBHAKRTA', 'SHRBH04', 'CHOWTHI', 'BAHULA', 'SHRAVANA', 'UTTARA BHADRA', 'MON', 0, 0),
(3300, 4, '16-08-2022', 'SUBHAKRTA', 'SHRBH05', 'PANCHAMI', 'BAHULA', 'SHRAVANA', 'REVATI', 'TUE', 0, 0),
(3301, 4, '17-08-2022', 'SUBHAKRTA', 'SHRBH06', 'SHASHTHI', 'BAHULA', 'SHRAVANA', 'ASHWINI', 'WED', 0, 0),
(3302, 4, '18-08-2022', 'SUBHAKRTA', 'SHRBH07', 'SAPTAMI', 'BAHULA', 'SHRAVANA', 'BHARANI', 'THU', 0, 0),
(3303, 4, '19-08-2022', 'SUBHAKRTA', 'SHRBH08', 'ASHTAMI', 'BAHULA', 'SHRAVANA', 'KRITIKA', 'FRI', 0, 0),
(3304, 4, '20-08-2022', 'SUBHAKRTA', 'SHRBH09', 'NAVAMI', 'BAHULA', 'SHRAVANA', 'ROHINI', 'SAT', 0, 0),
(3305, 4, '21-08-2022', 'SUBHAKRTA', 'SHRBH10', 'DASHAMI', 'BAHULA', 'SHRAVANA', 'MRIGASHIRSHA', 'SUN', 0, 0),
(3306, 4, '22-08-2022', 'SUBHAKRTA', 'SHRBH11', 'EKADASHI', 'BAHULA', 'SHRAVANA', 'MRIGASHIRSHA', 'MON', 0, 0),
(3307, 4, '23-08-2022', 'SUBHAKRTA', 'SHRBH12', 'DWADASHI', 'BAHULA', 'SHRAVANA', 'ARDRA', 'TUE', 0, 0),
(3308, 4, '24-08-2022', 'SUBHAKRTA', 'SHRBH12', 'DWADASHI', 'BAHULA', 'SHRAVANA', 'PUNARVASU', 'WED', 0, 1),
(3309, 4, '25-08-2022', 'SUBHAKRTA', 'SHRBH13', 'TRAYODASHI', 'BAHULA', 'SHRAVANA', 'PUSHYA', 'THU', 0, 0),
(3310, 4, '26-08-2022', 'SUBHAKRTA', 'SHRBH14', 'CHATURDASHI', 'BAHULA', 'SHRAVANA', 'ASHLESHA', 'FRI', 0, 0),
(3311, 4, '27-08-2022', 'SUBHAKRTA', 'SHRBH30', 'AMAVASYA', 'BAHULA', 'SHRAVANA', 'MAGHA', 'SAT', 0, 0),
(3312, 4, '28-08-2022', 'SUBHAKRTA', 'BHASH01', 'PADYA', 'SHUDDHA', 'BHADRAPADA', 'HUBBA OR PURVA PHALGUNI', 'SUN', 0, 0),
(3313, 4, '29-08-2022', 'SUBHAKRTA', 'BHASH02', 'BIDIGE', 'SHUDDHA', 'BHADRAPADA', 'UTTARA OR UTTARA PHALGUNI', 'MON', 0, 0),
(3314, 4, '30-08-2022', 'SUBHAKRTA', 'BHASH03', 'TADIGE', 'SHUDDHA', 'BHADRAPADA', 'HASTA', 'TUE', 0, 0),
(3315, 4, '31-08-2022', 'SUBHAKRTA', 'BHASH04', 'CHOWTHI', 'SHUDDHA', 'BHADRAPADA', 'CHITRA', 'WED', 0, 0),
(3316, 4, '01-09-2022', 'SUBHAKRTA', 'BHASH05', 'PANCHAMI', 'SHUDDHA', 'BHADRAPADA', 'SWATHI', 'THU', 0, 0),
(3317, 4, '02-09-2022', 'SUBHAKRTA', 'BHASH06', 'SHASHTHI', 'SHUDDHA', 'BHADRAPADA', 'VISAKHA', 'FRI', 0, 0),
(3318, 4, '03-09-2022', 'SUBHAKRTA', 'BHASH07', 'SAPTAMI', 'SHUDDHA', 'BHADRAPADA', 'ANURADHA', 'SAT', 0, 0),
(3319, 4, '04-09-2022', 'SUBHAKRTA', 'BHASH08', 'ASHTAMI', 'SHUDDHA', 'BHADRAPADA', 'JYESHTHA', 'SUN', 0, 0),
(3320, 4, '05-09-2022', 'SUBHAKRTA', 'BHASH09', 'NAVAMI', 'SHUDDHA', 'BHADRAPADA', 'UTTARA ASADHA', 'MON', -1, 0),
(3321, 4, '06-09-2022', 'SUBHAKRTA', 'BHASH11', 'EKADASHI', 'SHUDDHA', 'BHADRAPADA', 'PURVA ASHADHA', 'TUE', 0, 0),
(3322, 4, '07-09-2022', 'SUBHAKRTA', 'BHASH12', 'DWADASHI', 'SHUDDHA', 'BHADRAPADA', 'UTTARA ASADHA', 'WED', 0, 0),
(3323, 4, '08-09-2022', 'SUBHAKRTA', 'BHASH13', 'TRAYODASHI', 'SHUDDHA', 'BHADRAPADA', 'SHRAVANA', 'THU', 0, 0),
(3324, 4, '09-09-2022', 'SUBHAKRTA', 'BHASH14', 'CHATURDASHI', 'SHUDDHA', 'BHADRAPADA', 'DHANISHTA OR SRAVISTHA', 'FRI', 0, 0),
(3325, 4, '10-09-2022', 'SUBHAKRTA', 'BHASH15', 'HUNNIME', 'SHUDDHA', 'BHADRAPADA', 'SHATABHISHA OR SATATARAKA', 'SAT', 0, 0),
(3326, 4, '11-09-2022', 'SUBHAKRTA', 'BHABH01', 'PADYA', 'BAHULA', 'BHADRAPADA', 'PURVA BHADRA', 'SUN', 0, 0),
(3327, 4, '12-09-2022', 'SUBHAKRTA', 'BHABH02', 'BIDIGE', 'BAHULA', 'BHADRAPADA', 'UTTARA BHADRA', 'MON', 0, 0),
(3328, 4, '13-09-2022', 'SUBHAKRTA', 'BHABH03', 'TADIGE', 'BAHULA', 'BHADRAPADA', 'REVATI', 'TUE', 0, 0),
(3329, 4, '14-09-2022', 'SUBHAKRTA', 'BHABH04', 'CHOWTHI', 'BAHULA', 'BHADRAPADA', 'ASHWINI', 'WED', 0, 0),
(3330, 4, '15-09-2022', 'SUBHAKRTA', 'BHABH05', 'PANCHAMI', 'BAHULA', 'BHADRAPADA', 'BHARANI', 'THU', 0, 0),
(3331, 4, '16-09-2022', 'SUBHAKRTA', 'BHABH06', 'SHASHTHI', 'BAHULA', 'BHADRAPADA', 'KRITIKA', 'FRI', 0, 0),
(3332, 4, '17-09-2022', 'SUBHAKRTA', 'BHABH07', 'SAPTAMI', 'BAHULA', 'BHADRAPADA', 'ROHINI', 'SAT', 0, 0),
(3333, 4, '18-09-2022', 'SUBHAKRTA', 'BHABH08', 'ASHTAMI', 'BAHULA', 'BHADRAPADA', 'MRIGASHIRSHA', 'SUN', 0, 0),
(3334, 4, '19-09-2022', 'SUBHAKRTA', 'BHABH09', 'NAVAMI', 'BAHULA', 'BHADRAPADA', 'ARDRA', 'MON', 0, 0),
(3335, 4, '20-09-2022', 'SUBHAKRTA', 'BHABH10', 'DASHAMI', 'BAHULA', 'BHADRAPADA', 'PUNARVASU', 'TUE', 0, 0),
(3336, 4, '21-09-2022', 'SUBHAKRTA', 'BHABH11', 'EKADASHI', 'BAHULA', 'BHADRAPADA', 'PUSHYA', 'WED', 0, 0),
(3337, 4, '22-09-2022', 'SUBHAKRTA', 'BHABH12', 'DWADASHI', 'BAHULA', 'BHADRAPADA', 'ASHLESHA', 'THU', 0, 0),
(3338, 4, '23-09-2022', 'SUBHAKRTA', 'BHABH13', 'TRAYODASHI', 'BAHULA', 'BHADRAPADA', 'MAGHA', 'FRI', 0, 0),
(3339, 4, '24-09-2022', 'SUBHAKRTA', 'BHABH14', 'CHATURDASHI', 'BAHULA', 'BHADRAPADA', 'HUBBA OR PURVA PHALGUNI', 'SAT', 0, 0),
(3340, 4, '25-09-2022', 'SUBHAKRTA', 'BHABH30', 'AMAVASYA', 'BAHULA', 'BHADRAPADA', 'UTTARA OR UTTARA PHALGUNI', 'SUN', 0, 0),
(3341, 4, '26-09-2022', 'SUBHAKRTA', 'ASWSH01', 'PADYA', 'SHUDDHA', 'ASHWIJA', 'HASTA', 'MON', 0, 0),
(3342, 4, '27-09-2022', 'SUBHAKRTA', 'ASWSH02', 'BIDIGE', 'SHUDDHA', 'ASHWIJA', 'CHITRA', 'TUE', 0, 0),
(3343, 4, '28-09-2022', 'SUBHAKRTA', 'ASWSH03', 'TADIGE', 'SHUDDHA', 'ASHWIJA', 'SWATHI', 'WED', 0, 0),
(3344, 4, '29-09-2022', 'SUBHAKRTA', 'ASWSH04', 'CHOWTHI', 'SHUDDHA', 'ASHWIJA', 'VISAKHA', 'THU', 0, 0),
(3345, 4, '30-09-2022', 'SUBHAKRTA', 'ASWSH05', 'PANCHAMI', 'SHUDDHA', 'ASHWIJA', 'ANURADHA', 'FRI', 0, 0),
(3346, 4, '01-10-2022', 'SUBHAKRTA', 'ASWSH06', 'SHASHTHI', 'SHUDDHA', 'ASHWIJA', 'JYESHTHA', 'SAT', 0, 0),
(3347, 4, '02-10-2022', 'SUBHAKRTA', 'ASWSH07', 'SAPTAMI', 'SHUDDHA', 'ASHWIJA', 'MULA', 'SUN', 0, 0),
(3348, 4, '03-10-2022', 'SUBHAKRTA', 'ASWSH08', 'ASHTAMI', 'SHUDDHA', 'ASHWIJA', 'PURVA ASHADHA', 'MON', 0, 0),
(3349, 4, '04-10-2022', 'SUBHAKRTA', 'ASWSH09', 'NAVAMI', 'SHUDDHA', 'ASHWIJA', 'UTTARA ASADHA', 'TUE', 0, 0),
(3350, 4, '05-10-2022', 'SUBHAKRTA', 'ASWSH10', 'DASHAMI', 'SHUDDHA', 'ASHWIJA', 'SHRAVANA', 'WED', 0, 0),
(3351, 4, '06-10-2022', 'SUBHAKRTA', 'ASWSH11', 'EKADASHI', 'SHUDDHA', 'ASHWIJA', 'DHANISHTA OR SRAVISTHA', 'THU', 0, 0),
(3352, 4, '07-10-2022', 'SUBHAKRTA', 'ASWSH12', 'DWADASHI', 'SHUDDHA', 'ASHWIJA', 'SHATABHISHA OR SATATARAKA', 'FRI', 0, 0),
(3353, 4, '08-10-2022', 'SUBHAKRTA', 'ASWSH14', 'CHATURDASHI', 'SHUDDHA', 'ASHWIJA', 'PURVA BHADRA', 'SAT', 0, 0),
(3354, 4, '09-10-2022', 'SUBHAKRTA', 'ASWSH15', 'HUNNIME', 'SHUDDHA', 'ASHWIJA', 'UTTARA BHADRA', 'SUN', 0, 0),
(3355, 4, '10-10-2022', 'SUBHAKRTA', 'ASWBH01', 'PADYA', 'BAHULA', 'ASHWIJA', 'REVATI', 'MON', 0, 0),
(3356, 4, '11-10-2022', 'SUBHAKRTA', 'ASWBH02', 'BIDIGE', 'BAHULA', 'ASHWIJA', 'ASHWINI', 'TUE', 0, 0),
(3357, 4, '12-10-2022', 'SUBHAKRTA', 'ASWBH03', 'TADIGE', 'BAHULA', 'ASHWIJA', 'BHARANI', 'WED', 0, 0),
(3358, 4, '13-10-2022', 'SUBHAKRTA', 'ASWBH04', 'CHOWTHI', 'BAHULA', 'ASHWIJA', 'KRITIKA', 'THU', 0, 0),
(3359, 4, '14-10-2022', 'SUBHAKRTA', 'ASWBH05', 'PANCHAMI', 'BAHULA', 'ASHWIJA', 'ROHINI', 'FRI', 0, 0),
(3360, 4, '15-10-2022', 'SUBHAKRTA', 'ASWBH06', 'SHASHTHI', 'BAHULA', 'ASHWIJA', 'MRIGASHIRSHA', 'SAT', 0, 0),
(3361, 4, '16-10-2022', 'SUBHAKRTA', 'ASWBH06', 'SHASHTHI', 'BAHULA', 'ASHWIJA', 'ARDRA', 'SUN', 0, 1),
(3362, 4, '17-10-2022', 'SUBHAKRTA', 'ASWBH07', 'SAPTAMI', 'BAHULA', 'ASHWIJA', 'PUNARVASU', 'MON', 0, 0),
(3363, 4, '18-10-2022', 'SUBHAKRTA', 'ASWBH08', 'ASHTAMI', 'BAHULA', 'ASHWIJA', 'PUSHYA', 'TUE', 0, 0),
(3364, 4, '19-10-2022', 'SUBHAKRTA', 'ASWBH09', 'NAVAMI', 'BAHULA', 'ASHWIJA', 'PUSHYA', 'WED', 0, 0),
(3365, 4, '20-10-2022', 'SUBHAKRTA', 'ASWBH10', 'DASHAMI', 'BAHULA', 'ASHWIJA', 'ASHLESHA', 'THU', 0, 0),
(3366, 4, '21-10-2022', 'SUBHAKRTA', 'ASWBH11', 'EKADASHI', 'BAHULA', 'ASHWIJA', 'MAGHA', 'FRI', 0, 0),
(3367, 4, '22-10-2022', 'SUBHAKRTA', 'ASWBH12', 'DWADASHI', 'BAHULA', 'ASHWIJA', 'HUBBA OR PURVA PHALGUNI', 'SAT', 0, 0),
(3368, 4, '23-10-2022', 'SUBHAKRTA', 'ASWBH13', 'TRAYODASHI', 'BAHULA', 'ASHWIJA', 'UTTARA OR UTTARA PHALGUNI', 'SUN', 0, 0),
(3369, 4, '24-10-2022', 'SUBHAKRTA', 'ASWBH14', 'CHATURDASHI', 'BAHULA', 'ASHWIJA', 'HASTA', 'MON', 0, 0),
(3370, 4, '25-10-2022', 'SUBHAKRTA', 'ASWBH30', 'AMAVASYA', 'BAHULA', 'ASHWIJA', 'CHITRA', 'TUE', 0, 0),
(3371, 4, '26-10-2022', 'SUBHAKRTA', 'KARSH01', 'PADYA', 'SHUDDHA', 'KARTHIKA', 'SWATHI', 'WED', 0, 0),
(3372, 4, '27-10-2022', 'SUBHAKRTA', 'KARSH02', 'BIDIGE', 'SHUDDHA', 'KARTHIKA', 'VISAKHA', 'THU', 0, 0),
(3373, 4, '28-10-2022', 'SUBHAKRTA', 'KARSH03', 'TADIGE', 'SHUDDHA', 'KARTHIKA', 'ANURADHA', 'FRI', 0, 0),
(3374, 4, '29-10-2022', 'SUBHAKRTA', 'KARSH04', 'CHOWTHI', 'SHUDDHA', 'KARTHIKA', 'JYESHTHA', 'SAT', -1, 0),
(3375, 4, '30-10-2022', 'SUBHAKRTA', 'KARSH06', 'SHASHTHI', 'SHUDDHA', 'KARTHIKA', 'MULA', 'SUN', 0, 0),
(3376, 4, '31-10-2022', 'SUBHAKRTA', 'KARSH07', 'SAPTAMI', 'SHUDDHA', 'KARTHIKA', 'MULA', 'MON', 0, 0),
(3377, 4, '01-11-2022', 'SUBHAKRTA', 'KARSH08', 'ASHTAMI', 'SHUDDHA', 'KARTHIKA', 'SHRAVANA', 'TUE', 0, 0),
(3378, 4, '02-11-2022', 'SUBHAKRTA', 'KARSH09', 'NAVAMI', 'SHUDDHA', 'KARTHIKA', 'DHANISHTA OR SRAVISTHA', 'WED', 0, 0),
(3379, 4, '03-11-2022', 'SUBHAKRTA', 'KARSH10', 'DASHAMI', 'SHUDDHA', 'KARTHIKA', 'SHATABHISHA OR SATATARAKA', 'THU', 0, 0),
(3380, 4, '04-11-2022', 'SUBHAKRTA', 'KARSH11', 'EKADASHI', 'SHUDDHA', 'KARTHIKA', 'PURVA BHADRA', 'FRI', 0, 0),
(3381, 4, '05-11-2022', 'SUBHAKRTA', 'KARSH12', 'DWADASHI', 'SHUDDHA', 'KARTHIKA', 'UTTARA BHADRA', 'SAT', 0, 0),
(3382, 4, '06-11-2022', 'SUBHAKRTA', 'KARSH13', 'TRAYODASHI', 'SHUDDHA', 'KARTHIKA', 'REVATI', 'SUN', 0, 0),
(3383, 4, '07-11-2022', 'SUBHAKRTA', 'KARSH14', 'CHATURDASHI', 'SHUDDHA', 'KARTHIKA', 'ASHWINI', 'MON', 0, 0),
(3384, 4, '08-11-2022', 'SUBHAKRTA', 'KARSH15', 'HUNNIME', 'SHUDDHA', 'KARTHIKA', 'BHARANI', 'TUE', 0, 0),
(3385, 4, '09-11-2022', 'SUBHAKRTA', 'KARBH01', 'PADYA', 'BAHULA', 'KARTHIKA', 'KRITIKA', 'WED', 0, 0),
(3386, 4, '10-11-2022', 'SUBHAKRTA', 'KARBH02', 'BIDIGE', 'BAHULA', 'KARTHIKA', 'ROHINI', 'THU', 0, 0),
(3387, 4, '11-11-2022', 'SUBHAKRTA', 'KARBH03', 'TADIGE', 'BAHULA', 'KARTHIKA', 'MRIGASHIRSHA', 'FRI', 0, 0),
(3388, 4, '12-11-2022', 'SUBHAKRTA', 'KARBH04', 'CHOWTHI', 'BAHULA', 'KARTHIKA', 'MRIGASHIRSHA', 'SAT', 0, 0),
(3389, 4, '13-11-2022', 'SUBHAKRTA', 'KARBH05', 'PANCHAMI', 'BAHULA', 'KARTHIKA', 'ARDRA', 'SUN', 0, 0),
(3390, 4, '14-11-2022', 'SUBHAKRTA', 'KARBH06', 'SHASHTHI', 'BAHULA', 'KARTHIKA', 'PUNARVASU', 'MON', 0, 0),
(3391, 4, '15-11-2022', 'SUBHAKRTA', 'KARBH07', 'SAPTAMI', 'BAHULA', 'KARTHIKA', 'PUSHYA', 'TUE', 0, 0),
(3392, 4, '16-11-2022', 'SUBHAKRTA', 'KARBH08', 'ASHTAMI', 'BAHULA', 'KARTHIKA', 'ASHLESHA', 'WED', 0, 0),
(3393, 4, '17-11-2022', 'SUBHAKRTA', 'KARBH08', 'ASHTAMI', 'BAHULA', 'KARTHIKA', 'MAGHA', 'THU', 0, 1),
(3394, 4, '18-11-2022', 'SUBHAKRTA', 'KARBH09', 'NAVAMI', 'BAHULA', 'KARTHIKA', 'HUBBA OR PURVA PHALGUNI', 'FRI', 0, 0),
(3395, 4, '19-11-2022', 'SUBHAKRTA', 'KARBH10', 'DASHAMI', 'BAHULA', 'KARTHIKA', 'UTTARA OR UTTARA PHALGUNI', 'SAT', 0, 0),
(3396, 4, '20-11-2022', 'SUBHAKRTA', 'KARBH11', 'EKADASHI', 'BAHULA', 'KARTHIKA', 'HASTA', 'SUN', 0, 0),
(3397, 4, '21-11-2022', 'SUBHAKRTA', 'KARBH12', 'DWADASHI', 'BAHULA', 'KARTHIKA', 'CHITRA', 'MON', 0, 0),
(3398, 4, '22-11-2022', 'SUBHAKRTA', 'KARBH13', 'TRAYODASHI', 'BAHULA', 'KARTHIKA', 'SWATHI', 'TUE', 0, 0),
(3399, 4, '23-11-2022', 'SUBHAKRTA', 'KARBH14', 'CHATURDASHI', 'BAHULA', 'KARTHIKA', 'VISAKHA', 'WED', -1, 0),
(3400, 4, '24-11-2022', 'SUBHAKRTA', 'MARSH01', 'PADYA', 'SHUDDHA', 'MARGASHEERA', 'ANURADHA', 'THU', 0, 0),
(3401, 4, '25-11-2022', 'SUBHAKRTA', 'MARSH02', 'BIDIGE', 'SHUDDHA', 'MARGASHEERA', 'JYESHTHA', 'FRI', 0, 0),
(3402, 4, '26-11-2022', 'SUBHAKRTA', 'MARSH03', 'TADIGE', 'SHUDDHA', 'MARGASHEERA', 'MULA', 'SAT', 0, 0),
(3403, 4, '27-11-2022', 'SUBHAKRTA', 'MARSH04', 'CHOWTHI', 'SHUDDHA', 'MARGASHEERA', 'PURVA ASHADHA', 'SUN', 0, 0),
(3404, 4, '28-11-2022', 'SUBHAKRTA', 'MARSH05', 'PANCHAMI', 'SHUDDHA', 'MARGASHEERA', 'UTTARA ASADHA', 'MON', 0, 0),
(3405, 4, '29-11-2022', 'SUBHAKRTA', 'MARSH06', 'SHASHTHI', 'SHUDDHA', 'MARGASHEERA', 'SHRAVANA', 'TUE', 0, 0),
(3406, 4, '30-11-2022', 'SUBHAKRTA', 'MARSH07', 'SAPTAMI', 'SHUDDHA', 'MARGASHEERA', 'DHANISHTA OR SRAVISTHA', 'WED', 0, 0),
(3407, 4, '01-12-2022', 'SUBHAKRTA', 'MARSH08', 'ASHTAMI', 'SHUDDHA', 'MARGASHEERA', 'UTTARA BHADRA', 'THU', -1, 0),
(3408, 4, '02-12-2022', 'SUBHAKRTA', 'MARSH10', 'DASHAMI', 'SHUDDHA', 'MARGASHEERA', 'UTTARA BHADRA', 'FRI', 0, 0),
(3409, 4, '03-12-2022', 'SUBHAKRTA', 'MARSH11', 'EKADASHI', 'SHUDDHA', 'MARGASHEERA', 'REVATI', 'SAT', 0, 0),
(3410, 4, '04-12-2022', 'SUBHAKRTA', 'MARSH12', 'DWADASHI', 'SHUDDHA', 'MARGASHEERA', 'ASHWINI', 'SUN', 0, 0),
(3411, 4, '05-12-2022', 'SUBHAKRTA', 'MARSH13', 'TRAYODASHI', 'SHUDDHA', 'MARGASHEERA', 'ASHWINI', 'MON', 0, 0),
(3412, 4, '06-12-2022', 'SUBHAKRTA', 'MARSH13', 'TRAYODASHI', 'SHUDDHA', 'MARGASHEERA', 'BHARANI', 'TUE', 0, 1),
(3413, 4, '07-12-2022', 'SUBHAKRTA', 'MARSH14', 'CHATURDASHI', 'SHUDDHA', 'MARGASHEERA', 'KRITIKA', 'WED', 0, 0),
(3414, 4, '08-12-2022', 'SUBHAKRTA', 'MARSH15', 'HUNNIME', 'SHUDDHA', 'MARGASHEERA', 'ROHINI', 'THU', 0, 0),
(3415, 4, '09-12-2022', 'SUBHAKRTA', 'MARBH01', 'PADYA', 'BAHULA', 'MARGASHEERA', 'MRIGASHIRSHA', 'FRI', 0, 0),
(3416, 4, '10-12-2022', 'SUBHAKRTA', 'MARBH02', 'BIDIGE', 'BAHULA', 'MARGASHEERA', 'ARDRA', 'SAT', 0, 0),
(3417, 4, '11-12-2022', 'SUBHAKRTA', 'MARBH03', 'TADIGE', 'BAHULA', 'MARGASHEERA', 'PUNARVASU', 'SUN', 0, 0),
(3418, 4, '12-12-2022', 'SUBHAKRTA', 'MARBH04', 'CHOWTHI', 'BAHULA', 'MARGASHEERA', 'PUSHYA', 'MON', 0, 0),
(3419, 4, '13-12-2022', 'SUBHAKRTA', 'MARBH05', 'PANCHAMI', 'BAHULA', 'MARGASHEERA', 'ASHLESHA', 'TUE', 0, 0),
(3420, 4, '14-12-2022', 'SUBHAKRTA', 'MARBH06', 'SHASHTHI', 'BAHULA', 'MARGASHEERA', 'MAGHA', 'WED', 0, 0),
(3421, 4, '15-12-2022', 'SUBHAKRTA', 'MARBH07', 'SAPTAMI', 'BAHULA', 'MARGASHEERA', 'HUBBA OR PURVA PHALGUNI', 'THU', 0, 0),
(3422, 4, '16-12-2022', 'SUBHAKRTA', 'MARBH08', 'ASHTAMI', 'BAHULA', 'MARGASHEERA', 'HUBBA OR PURVA PHALGUNI', 'FRI', 0, 0),
(3423, 4, '17-12-2022', 'SUBHAKRTA', 'MARBH09', 'NAVAMI', 'BAHULA', 'MARGASHEERA', 'UTTARA OR UTTARA PHALGUNI', 'SAT', 0, 0),
(3424, 4, '18-12-2022', 'SUBHAKRTA', 'MARBH10', 'DASHAMI', 'BAHULA', 'MARGASHEERA', 'HASTA', 'SUN', 0, 0),
(3425, 4, '19-12-2022', 'SUBHAKRTA', 'MARBH11', 'EKADASHI', 'BAHULA', 'MARGASHEERA', 'CHITRA', 'MON', 0, 0),
(3426, 4, '20-12-2022', 'SUBHAKRTA', 'MARBH12', 'DWADASHI', 'BAHULA', 'MARGASHEERA', 'SWATHI', 'TUE', 0, 0),
(3427, 4, '21-12-2022', 'SUBHAKRTA', 'MARBH13', 'TRAYODASHI', 'BAHULA', 'MARGASHEERA', 'VISAKHA', 'WED', 0, 0),
(3428, 4, '22-12-2022', 'SUBHAKRTA', 'MARBH14', 'CHATURDASHI', 'BAHULA', 'MARGASHEERA', 'JYESHTHA', 'THU', 0, 0),
(3429, 4, '23-12-2022', 'SUBHAKRTA', 'MARBH30', 'AMAVASYA', 'BAHULA', 'MARGASHEERA', 'MULA', 'FRI', 0, 0),
(3430, 4, '24-12-2022', 'SUBHAKRTA', 'PUSSH01', 'PADYA', 'SHUDDHA', 'PUSHYA', 'PURVA ASHADHA', 'SAT', 0, 0),
(3431, 4, '25-12-2022', 'SUBHAKRTA', 'PUSSH02', 'BIDIGE', 'SHUDDHA', 'PUSHYA', 'UTTARA ASADHA', 'SUN', -1, 0),
(3432, 4, '26-12-2022', 'SUBHAKRTA', 'PUSSH04', 'CHOWTHI', 'SHUDDHA', 'PUSHYA', 'SHRAVANA', 'MON', 0, 0),
(3433, 4, '27-12-2022', 'SUBHAKRTA', 'PUSSH05', 'PANCHAMI', 'SHUDDHA', 'PUSHYA', 'DHANISHTA OR SRAVISTHA', 'TUE', 0, 0),
(3434, 4, '28-12-2022', 'SUBHAKRTA', 'PUSSH06', 'SHASHTHI', 'SHUDDHA', 'PUSHYA', 'SHATABHISHA OR SATATARAKA', 'WED', 0, 0),
(3435, 4, '29-12-2022', 'SUBHAKRTA', 'PUSSH07', 'SAPTAMI', 'SHUDDHA', 'PUSHYA', 'PURVA BHADRA', 'THU', 0, 0),
(3436, 4, '30-12-2022', 'SUBHAKRTA', 'PUSSH08', 'ASHTAMI', 'SHUDDHA', 'PUSHYA', 'UTTARA BHADRA', 'FRI', 0, 0),
(3437, 4, '31-12-2022', 'SUBHAKRTA', 'PUSSH09', 'NAVAMI', 'SHUDDHA', 'PUSHYA', 'REVATI', 'SAT', 0, 0);
INSERT INTO `calendar_year_breakup` (`CAL_YEAR_ID`, `CAL_ID`, `ENG_DATE`, `SAMVATSARA`, `THITHI_SHORT_CODE`, `THITHI_NAME`, `BASED_ON_MOON`, `MASA`, `STAR`, `DAY`, `DUPLICATE`, `DEACTIVE_STATUS`) VALUES
(3438, 4, '01-01-2023', 'SUBHAKRTA', 'PUSSH10', 'DASHAMI', 'SHUDDHA', 'PUSHYA', 'ASHWINI', 'SUN', 0, 0),
(3439, 4, '02-01-2023', 'SUBHAKRTA', 'PUSSH11', 'EKADASHI', 'SHUDDHA', 'PUSHYA', 'BHARANI', 'MON', 0, 0),
(3440, 4, '03-01-2023', 'SUBHAKRTA', 'PUSSH12', 'DWADASHI', 'SHUDDHA', 'PUSHYA', 'KRITIKA', 'TUE', 0, 0),
(3441, 4, '04-01-2023', 'SUBHAKRTA', 'PUSSH13', 'TRAYODASHI', 'SHUDDHA', 'PUSHYA', 'ROHINI', 'WED', 0, 0),
(3442, 4, '05-01-2023', 'SUBHAKRTA', 'PUSSH14', 'CHATURDASHI', 'SHUDDHA', 'PUSHYA', 'MRIGASHIRSHA', 'THU', 0, 0),
(3443, 4, '06-01-2023', 'SUBHAKRTA', 'PUSSH15', 'HUNNIME', 'SHUDDHA', 'PUSHYA', 'ARDRA', 'FRI', 0, 0),
(3444, 4, '07-01-2023', 'SUBHAKRTA', 'PUSBH01', 'PADYA', 'BAHULA', 'PUSHYA', 'PUNARVASU', 'SAT', 0, 0),
(3445, 4, '08-01-2023', 'SUBHAKRTA', 'PUSBH01', 'PADYA', 'BAHULA', 'PUSHYA', 'PUSHYA', 'SUN', 0, 1),
(3446, 4, '09-01-2023', 'SUBHAKRTA', 'PUSBH02', 'BIDIGE', 'BAHULA', 'PUSHYA', 'PUSHYA', 'MON', 0, 0),
(3447, 4, '10-01-2023', 'SUBHAKRTA', 'PUSBH03', 'TADIGE', 'BAHULA', 'PUSHYA', 'ASHLESHA', 'TUE', 0, 0),
(3448, 4, '11-01-2023', 'SUBHAKRTA', 'PUSBH04', 'CHOWTHI', 'BAHULA', 'PUSHYA', 'MAGHA', 'WED', 0, 0),
(3449, 4, '12-01-2023', 'SUBHAKRTA', 'PUSBH05', 'PANCHAMI', 'BAHULA', 'PUSHYA', 'HUBBA OR PURVA PHALGUNI', 'THU', 0, 0),
(3450, 4, '13-01-2023', 'SUBHAKRTA', 'PUSBH06', 'SHASHTHI', 'BAHULA', 'PUSHYA', 'UTTARA OR UTTARA PHALGUNI', 'FRI', 0, 0),
(3451, 4, '14-01-2023', 'SUBHAKRTA', 'PUSBH07', 'SAPTAMI', 'BAHULA', 'PUSHYA', 'HASTA', 'SAT', 0, 0),
(3452, 4, '15-01-2023', 'SUBHAKRTA', 'PUSBH08', 'ASHTAMI', 'BAHULA', 'PUSHYA', 'CHITRA', 'SUN', 0, 0),
(3453, 4, '16-01-2023', 'SUBHAKRTA', 'PUSBH09', 'NAVAMI', 'BAHULA', 'PUSHYA', 'SWATHI', 'MON', 0, 0),
(3454, 4, '17-01-2023', 'SUBHAKRTA', 'PUSBH10', 'DASHAMI', 'BAHULA', 'PUSHYA', 'VISAKHA', 'TUE', 0, 0),
(3455, 4, '18-01-2023', 'SUBHAKRTA', 'PUSBH11', 'EKADASHI', 'BAHULA', 'PUSHYA', 'ANURADHA', 'WED', 0, 0),
(3456, 4, '19-01-2023', 'SUBHAKRTA', 'PUSBH12', 'DWADASHI', 'BAHULA', 'PUSHYA', 'JYESHTHA', 'THU', 0, 0),
(3457, 4, '20-01-2023', 'SUBHAKRTA', 'PUSBH13', 'TRAYODASHI', 'BAHULA', 'PUSHYA', 'MULA', 'FRI', -1, 0),
(3458, 4, '21-01-2023', 'SUBHAKRTA', 'PUSBH30', 'AMAVASYA', 'BAHULA', 'PUSHYA', 'PURVA ASHADHA', 'SAT', 0, 0),
(3459, 4, '22-01-2023', 'SUBHAKRTA', 'MAGSH01', 'PADYA', 'SHUDDHA', 'MAGHA', 'SHRAVANA', 'SUN', 0, 0),
(3460, 4, '23-01-2023', 'SUBHAKRTA', 'MAGSH02', 'BIDIGE', 'SHUDDHA', 'MAGHA', 'DHANISHTA OR SRAVISTHA', 'MON', 0, 0),
(3461, 4, '24-01-2023', 'SUBHAKRTA', 'MAGSH03', 'TADIGE', 'SHUDDHA', 'MAGHA', 'SHATABHISHA OR SATATARAKA', 'TUE', 0, 0),
(3462, 4, '25-01-2023', 'SUBHAKRTA', 'MAGSH04', 'CHOWTHI', 'SHUDDHA', 'MAGHA', 'PURVA BHADRA', 'WED', 0, 0),
(3463, 4, '26-01-2023', 'SUBHAKRTA', 'MAGSH05', 'PANCHAMI', 'SHUDDHA', 'MAGHA', 'UTTARA BHADRA', 'THU', 0, 0),
(3464, 4, '27-01-2023', 'SUBHAKRTA', 'MAGSH06', 'SHASHTHI', 'SHUDDHA', 'MAGHA', 'REVATI', 'FRI', 0, 0),
(3465, 4, '28-01-2023', 'SUBHAKRTA', 'MAGSH07', 'SAPTAMI', 'SHUDDHA', 'MAGHA', 'ASHWINI', 'SAT', 0, 0),
(3466, 4, '29-01-2023', 'SUBHAKRTA', 'MAGSH08', 'ASHTAMI', 'SHUDDHA', 'MAGHA', 'BHARANI', 'SUN', 0, 0),
(3467, 4, '30-01-2023', 'SUBHAKRTA', 'MAGSH09', 'NAVAMI', 'SHUDDHA', 'MAGHA', 'KRITIKA', 'MON', 0, 0),
(3468, 4, '31-01-2023', 'SUBHAKRTA', 'MAGSH10', 'DASHAMI', 'SHUDDHA', 'MAGHA', 'ROHINI', 'TUE', 0, 0),
(3469, 4, '01-02-2023', 'SUBHAKRTA', 'MAGSH11', 'EKADASHI', 'SHUDDHA', 'MAGHA', 'MRIGASHIRSHA', 'WED', 0, 0),
(3470, 4, '02-02-2023', 'SUBHAKRTA', 'MAGSH12', 'DWADASHI', 'SHUDDHA', 'MAGHA', 'ARDRA', 'THU', 0, 0),
(3471, 4, '03-02-2023', 'SUBHAKRTA', 'MAGSH13', 'TRAYODASHI', 'SHUDDHA', 'MAGHA', 'PUNARVASU', 'FRI', 0, 0),
(3472, 4, '04-02-2023', 'SUBHAKRTA', 'MAGSH14', 'CHATURDASHI', 'SHUDDHA', 'MAGHA', 'PUSHYA', 'SAT', 0, 0),
(3473, 4, '05-02-2023', 'SUBHAKRTA', 'MAGSH15', 'HUNNIME', 'SHUDDHA', 'MAGHA', 'PUSHYA', 'SUN', 0, 0),
(3474, 4, '06-02-2023', 'SUBHAKRTA', 'MAGBH01', 'PADYA', 'BAHULA', 'MAGHA', 'ASHLESHA', 'MON', 0, 0),
(3475, 4, '07-02-2023', 'SUBHAKRTA', 'MAGBH02', 'BIDIGE', 'BAHULA', 'MAGHA', 'MAGHA', 'TUE', 0, 0),
(3476, 4, '08-02-2023', 'SUBHAKRTA', 'MAGBH03', 'TADIGE', 'BAHULA', 'MAGHA', 'HUBBA OR PURVA PHALGUNI', 'WED', 0, 0),
(3477, 4, '09-02-2023', 'SUBHAKRTA', 'MAGBH04', 'CHOWTHI', 'BAHULA', 'MAGHA', 'UTTARA OR UTTARA PHALGUNI', 'THU', 0, 0),
(3478, 4, '10-02-2023', 'SUBHAKRTA', 'MAGBH04', 'CHOWTHI', 'BAHULA', 'MAGHA', 'HASTA', 'FRI', 0, 1),
(3479, 4, '11-02-2023', 'SUBHAKRTA', 'MAGBH05', 'PANCHAMI', 'BAHULA', 'MAGHA', 'CHITRA', 'SAT', 0, 0),
(3480, 4, '12-02-2023', 'SUBHAKRTA', 'MAGBH06', 'SHASHTHI', 'BAHULA', 'MAGHA', 'SWATHI', 'SUN', 0, 0),
(3481, 4, '13-02-2023', 'SUBHAKRTA', 'MAGBH07', 'SAPTAMI', 'BAHULA', 'MAGHA', 'VISAKHA', 'MON', 0, 0),
(3482, 4, '14-02-2023', 'SUBHAKRTA', 'MAGBH08', 'ASHTAMI', 'BAHULA', 'MAGHA', 'ANURADHA', 'TUE', 0, 0),
(3483, 4, '15-02-2023', 'SUBHAKRTA', 'MAGBH09', 'NAVAMI', 'BAHULA', 'MAGHA', 'JYESHTHA', 'WED', -1, 0),
(3484, 4, '16-02-2023', 'SUBHAKRTA', 'MAGBH11', 'EKADASHI', 'BAHULA', 'MAGHA', 'MULA', 'THU', 0, 0),
(3485, 4, '17-02-2023', 'SUBHAKRTA', 'MAGBH12', 'DWADASHI', 'BAHULA', 'MAGHA', 'PURVA ASHADHA', 'FRI', 0, 0),
(3486, 4, '18-02-2023', 'SUBHAKRTA', 'MAGBH13', 'TRAYODASHI', 'BAHULA', 'MAGHA', 'UTTARA ASADHA', 'SAT', 0, 0),
(3487, 4, '19-02-2023', 'SUBHAKRTA', 'MAGBH14', 'CHATURDASHI', 'BAHULA', 'MAGHA', 'SHRAVANA', 'SUN', 0, 0),
(3488, 4, '20-02-2023', 'SUBHAKRTA', 'MAGBH30', 'AMAVASYA', 'BAHULA', 'MAGHA', 'DHANISHTA OR SRAVISTHA', 'MON', 0, 0),
(3489, 4, '21-02-2023', 'SUBHAKRTA', 'PHASH01', 'PADYA', 'SHUDDHA', 'PHALGUNA', 'SHATABHISHA OR SATATARAKA', 'TUE', -1, 0),
(3490, 4, '22-02-2023', 'SUBHAKRTA', 'PHASH03', 'TADIGE', 'SHUDDHA', 'PHALGUNA', 'REVATI', 'WED', 0, 0),
(3491, 4, '23-02-2023', 'SUBHAKRTA', 'PHASH04', 'CHOWTHI', 'SHUDDHA', 'PHALGUNA', 'ASHWINI', 'THU', 0, 0),
(3492, 4, '24-02-2023', 'SUBHAKRTA', 'PHASH05', 'PANCHAMI', 'SHUDDHA', 'PHALGUNA', 'BHARANI', 'FRI', 0, 0),
(3493, 4, '25-02-2023', 'SUBHAKRTA', 'PHASH06', 'SHASHTHI', 'SHUDDHA', 'PHALGUNA', 'KRITIKA', 'SAT', 0, 0),
(3494, 4, '26-02-2023', 'SUBHAKRTA', 'PHASH07', 'SAPTAMI', 'SHUDDHA', 'PHALGUNA', 'ROHINI', 'SUN', 0, 0),
(3495, 4, '27-02-2023', 'SUBHAKRTA', 'PHASH08', 'ASHTAMI', 'SHUDDHA', 'PHALGUNA', 'ROHINI', 'MON', 0, 0),
(3496, 4, '28-02-2023', 'SUBHAKRTA', 'PHASH09', 'NAVAMI', 'SHUDDHA', 'PHALGUNA', 'MRIGASHIRSHA', 'TUE', 0, 0),
(3497, 4, '01-03-2023', 'SUBHAKRTA', 'PHASH10', 'DASHAMI', 'SHUDDHA', 'PHALGUNA', 'ARDRA', 'WED', 0, 0),
(3498, 4, '02-03-2023', 'SUBHAKRTA', 'PHASH11', 'EKADASHI', 'SHUDDHA', 'PHALGUNA', 'PUNARVASU', 'THU', 0, 0),
(3499, 4, '03-03-2023', 'SUBHAKRTA', 'PHASH11', 'EKADASHI', 'SHUDDHA', 'PHALGUNA', 'PUSHYA', 'FRI', 0, 1),
(3500, 4, '04-03-2023', 'SUBHAKRTA', 'PHASH12', 'DWADASHI', 'SHUDDHA', 'PHALGUNA', 'ASHLESHA', 'SAT', 0, 0),
(3501, 4, '05-03-2023', 'SUBHAKRTA', 'PHASH13', 'TRAYODASHI', 'SHUDDHA', 'PHALGUNA', 'MAGHA', 'SUN', 0, 0),
(3502, 4, '06-03-2023', 'SUBHAKRTA', 'PHASH14', 'CHATURDASHI', 'SHUDDHA', 'PHALGUNA', 'HUBBA OR PURVA PHALGUNI', 'MON', 0, 0),
(3503, 4, '07-03-2023', 'SUBHAKRTA', 'PHASH15', 'HUNNIME', 'SHUDDHA', 'PHALGUNA', 'UTTARA OR UTTARA PHALGUNI', 'TUE', 0, 0),
(3504, 4, '08-03-2023', 'SUBHAKRTA', 'PHABH01', 'PADYA', 'BAHULA', 'PHALGUNA', 'HASTA', 'WED', 0, 0),
(3505, 4, '09-03-2023', 'SUBHAKRTA', 'PHABH02', 'BIDIGE', 'BAHULA', 'PHALGUNA', 'CHITRA', 'THU', 0, 0),
(3506, 4, '10-03-2023', 'SUBHAKRTA', 'PHABH03', 'TADIGE', 'BAHULA', 'PHALGUNA', 'SWATHI', 'FRI', 0, 0),
(3507, 4, '11-03-2023', 'SUBHAKRTA', 'PHABH04', 'CHOWTHI', 'BAHULA', 'PHALGUNA', 'VISAKHA', 'SAT', 0, 0),
(3508, 4, '12-03-2023', 'SUBHAKRTA', 'PHABH05', 'PANCHAMI', 'BAHULA', 'PHALGUNA', 'ANURADHA', 'SUN', 0, 0),
(3509, 4, '13-03-2023', 'SUBHAKRTA', 'PHABH06', 'SHASHTHI', 'BAHULA', 'PHALGUNA', 'JYESHTHA', 'MON', 0, 0),
(3510, 4, '14-03-2023', 'SUBHAKRTA', 'PHABH07', 'SAPTAMI', 'BAHULA', 'PHALGUNA', 'MULA', 'TUE', 0, 0),
(3511, 4, '15-03-2023', 'SUBHAKRTA', 'PHABH08', 'ASHTAMI', 'BAHULA', 'PHALGUNA', 'PURVA ASHADHA', 'WED', 0, 0),
(3512, 4, '16-03-2023', 'SUBHAKRTA', 'PHABH09', 'NAVAMI', 'BAHULA', 'PHALGUNA', 'UTTARA ASADHA', 'THU', 0, 0),
(3513, 4, '17-03-2023', 'SUBHAKRTA', 'PHABH10', 'DASHAMI', 'BAHULA', 'PHALGUNA', 'SHRAVANA', 'FRI', 0, 0),
(3514, 4, '18-03-2023', 'SUBHAKRTA', 'PHABH11', 'EKADASHI', 'BAHULA', 'PHALGUNA', 'DHANISHTA OR SRAVISTHA', 'SAT', 0, 0),
(3515, 4, '19-03-2023', 'SUBHAKRTA', 'PHABH12', 'DWADASHI', 'BAHULA', 'PHALGUNA', 'SHATABHISHA OR SATATARAKA', 'SUN', -1, 0),
(3516, 4, '20-03-2023', 'SUBHAKRTA', 'PHASH14', 'CHATURDASHI', 'SHUDDHA', 'PHALGUNA', 'ASHWINI', 'MON', 0, 0),
(3517, 4, '21-03-2023', 'SUBHAKRTA', 'PHABH30', 'AMAVASYA', 'BAHULA', 'PHALGUNA', 'ASHWINI', 'TUE', 0, 0),
(3518, 4, '22-03-2023', '', '', '', '', '', '', 'WED', 0, 0),
(3519, 4, '23-03-2023', '', '', '', '', '', '', 'THU', 0, 0),
(3520, 4, '24-03-2023', '', '', '', '', '', '', 'FRI', 0, 0),
(3521, 4, '25-03-2023', '', '', '', '', '', '', 'SAT', 0, 0),
(3522, 4, '26-03-2023', '', '', '', '', '', '', 'SUN', 0, 0),
(3523, 4, '27-03-2023', '', '', '', '', '', '', 'MON', 0, 0),
(3524, 4, '28-03-2023', '', '', '', '', '', '', 'TUE', 0, 0),
(3525, 4, '29-03-2023', '', '', '', '', '', '', 'WED', 0, 0),
(3526, 4, '30-03-2023', '', '', '', '', '', '', 'THU', 0, 0),
(3527, 4, '31-03-2023', '', '', '', '', '', '', 'FRI', 0, 0),
(3528, 4, '21-02-2023', 'SUBHAKRTA', 'PHASH02', 'BIDIGE', 'SHUDDHA', 'PHALGUNA', 'SHATABHISHA OR SATATARAKA', 'TUE', 3102, 0),
(3529, 4, '24-04-2022', 'SUBHAKRTA', 'CHABH09', 'NAVAMI', 'BAHULA', 'CHAITRA', 'SHRAVANA', 'SUN', 2799, 0),
(3530, 4, '18-05-2022', 'SUBHAKRTA', 'VAIBH03', 'TADIGE', 'BAHULA', 'VAISHAKHA', 'JYESHTHA', 'WED', 2823, 0),
(3531, 4, '11-06-2022', 'SUBHAKRTA', 'JYESH12', 'DWADASHI', 'SHUDDHA', 'JYESTA', 'SWATHI', 'SAT', 2847, 0),
(3532, 4, '17-06-2022', 'SUBHAKRTA', 'JYEBH04', 'CHOWTHI', 'BAHULA', 'JYESTA', 'UTTARA ASADHA', 'FRI', 2853, 0),
(3533, 4, '13-08-2022', 'SUBHAKRTA', 'SHRBH02', 'BIDIGE', 'BAHULA', 'SHRAVANA', 'SHATABHISHA OR SATATARAKA', 'SAT', 2910, 0),
(3534, 4, '05-09-2022', 'SUBHAKRTA', 'BHASH10', 'DASHAMI', 'SHUDDHA', 'BHADRAPADA', 'UTTARA ASADHA', 'MON', 2933, 0),
(3535, 4, '29-10-2022', 'SUBHAKRTA', 'KARSH05', 'PANCHAMI', 'SHUDDHA', 'KARTHIKA', 'JYESHTHA', 'SAT', 2987, 0),
(3536, 4, '23-11-2022', 'SUBHAKRTA', 'KARBH30', 'AMAVASYA', 'BAHULA', 'KARTHIKA', 'VISAKHA', 'WED', 3012, 0),
(3537, 4, '01-12-2022', 'SUBHAKRTA', 'MARSH09', 'NAVAMI', 'SHUDDHA', 'MARGASHEERA', 'UTTARA BHADRA', 'THU', 3020, 0),
(3538, 4, '25-12-2022', 'SUBHAKRTA', 'PUSSH03', 'TADIGE', 'SHUDDHA', 'PUSHYA', 'UTTARA ASADHA', 'SUN', 3044, 0),
(3539, 4, '20-01-2023', 'SUBHAKRTA', 'PUSBH14', 'CHATURDASHI', 'BAHULA', 'PUSHYA', 'MULA', 'FRI', 3070, 0),
(3540, 4, '15-02-2023', 'SUBHAKRTA', 'MAGBH10', 'DASHAMI', 'BAHULA', 'MAGHA', 'JYESHTHA', 'WED', 3096, 0),
(3541, 4, '19-03-2023', 'SUBHAKRTA', 'PHABH13', 'TRAYODASHI', 'BAHULA', 'PHALGUNA', 'SHATABHISHA OR SATATARAKA', 'SUN', 3128, 0),
(3908, 5, '01-04-2023', 'PLAVA', 'PHABH30', 'AMAVASYA', 'BAHULA', 'PHALGUNA', 'UTTARA BHADRA', 'FRI', 0, 0),
(3909, 5, '02-04-2023', 'SUBHAKRTA', 'CHASH01', 'PADYA', 'SHUDDHA', 'CHAITRA', 'REVATI', 'SAT', 0, 0),
(3910, 5, '03-04-2023', 'SUBHAKRTA', 'CHASH02', 'BIDIGE', 'SHUDDHA', 'CHAITRA', 'ASHWINI', 'SUN', 0, 0),
(3911, 5, '04-04-2024', 'SUBHAKRTA', 'CHASH03', 'TADIGE', 'SHUDDHA', 'CHAITRA', 'BHARANI', 'MON', 0, 0),
(3912, 5, '05-04-2023', 'SUBHAKRTA', 'CHASH04', 'CHOWTHI', 'SHUDDHA', 'CHAITRA', 'KRITIKA', 'TUE', 0, 0),
(3913, 5, '06-04-2023', 'SUBHAKRTA', 'CHASH05', 'PANCHAMI', 'SHUDDHA', 'CHAITRA', 'ROHINI', 'WED', 0, 0),
(3914, 5, '07-04-2023', 'SUBHAKRTA', 'CHASH06', 'SHASHTHI', 'SHUDDHA', 'CHAITRA', 'MRIGASHIRSHA', 'THU', 0, 0),
(3915, 5, '08-04-2023', 'SUBHAKRTA', 'CHASH07', 'SAPTAMI', 'SHUDDHA', 'CHAITRA', 'ARDRA', 'FRI', 0, 0),
(3916, 5, '09-04-2023', 'SUBHAKRTA', 'CHASH08', 'ASHTAMI', 'SHUDDHA', 'CHAITRA', 'PUNARVASU', 'SAT', 0, 0),
(3917, 5, '10-04-2023', 'SUBHAKRTA', 'CHASH09', 'NAVAMI', 'SHUDDHA', 'CHAITRA', 'PUSHYA', 'SUN', 0, 0),
(3918, 5, '11-04-2023', 'SUBHAKRTA', 'CHASH10', 'DASHAMI', 'SHUDDHA', 'CHAITRA', 'PUSHYA', 'MON', 0, 0),
(3919, 5, '12-04-2023', 'SUBHAKRTA', 'CHASH11', 'EKADASHI', 'SHUDDHA', 'CHAITRA', 'ASHLESHA', 'TUE', 0, 0),
(3920, 5, '13-04-2023', 'SUBHAKRTA', 'CHASH12', 'DWADASHI', 'SHUDDHA', 'CHAITRA', 'MAGHA', 'WED', 0, 0),
(3921, 5, '14-04-2023', 'SUBHAKRTA', 'CHASH13', 'TRAYODASHI', 'SHUDDHA', 'CHAITRA', 'HUBBA OR PURVA PHALGUNI', 'THU', 0, 0),
(3922, 5, '15-04-2023', 'SUBHAKRTA', 'CHASH14', 'CHATURDASHI', 'SHUDDHA', 'CHAITRA', 'UTTARA OR UTTARA PHALGUNI', 'FRI', 0, 0),
(3923, 5, '16-04-2023', 'SUBHAKRTA', 'CHASH15', 'HUNNIME', 'SHUDDHA', 'CHAITRA', 'HASTA', 'SAT', 0, 0),
(3924, 5, '17-04-2023', 'SUBHAKRTA', 'CHABH01', 'PADYA', 'BAHULA', 'CHAITRA', 'CHITRA', 'SUN', 0, 0),
(3925, 5, '18-04-2023', 'SUBHAKRTA', 'CHABH02', 'BIDIGE', 'BAHULA', 'CHAITRA', 'VISAKHA', 'MON', 0, 0),
(3926, 5, '19-04-2023', 'SUBHAKRTA', 'CHABH03', 'TADIGE', 'BAHULA', 'CHAITRA', 'ANURADHA', 'TUE', 0, 0),
(3927, 5, '20-04-2023', 'SUBHAKRTA', 'CHABH04', 'CHOWTHI', 'BAHULA', 'CHAITRA', 'JYESHTHA', 'WED', 0, 0),
(3928, 5, '21-04-2023', 'SUBHAKRTA', 'CHABH05', 'PANCHAMI', 'BAHULA', 'CHAITRA', 'MULA', 'THU', 0, 0),
(3929, 5, '22-04-2023', 'SUBHAKRTA', 'CHABH06', 'SHASHTHI', 'BAHULA', 'CHAITRA', 'PURVA ASHADHA', 'FRI', 0, 0),
(3930, 5, '23-04-2023', 'SUBHAKRTA', 'CHABH07', 'SAPTAMI', 'BAHULA', 'CHAITRA', 'UTTARA ASADHA', 'SAT', 0, 0),
(3931, 5, '24-04-2023', 'SUBHAKRTA', 'CHABH08', 'ASHTAMI', 'BAHULA', 'CHAITRA', 'SHRAVANA', 'SUN', -1, 0),
(3932, 5, '25-04-2023', 'SUBHAKRTA', 'CHABH10', 'DASHAMI', 'BAHULA', 'CHAITRA', 'DHANISHTA OR SRAVISTHA', 'MON', 0, 0),
(3933, 5, '26-04-2023', 'SUBHAKRTA', 'CHABH11', 'EKADASHI', 'BAHULA', 'CHAITRA', 'SHATABHISHA OR SATATARAKA', 'TUE', 0, 0),
(3934, 5, '27-04-2023', 'SUBHAKRTA', 'CHABH12', 'DWADASHI', 'BAHULA', 'CHAITRA', 'PURVA BHADRA', 'WED', 0, 0),
(3935, 5, '28-04-2023', 'SUBHAKRTA', 'CHABH13', 'TRAYODASHI', 'BAHULA', 'CHAITRA', 'UTTARA BHADRA', 'THU', 0, 0),
(3936, 5, '29-04-2023', 'SUBHAKRTA', 'CHABH14', 'CHATURDASHI', 'BAHULA', 'CHAITRA', 'REVATI', 'FRI', 0, 0),
(3937, 5, '30-04-2023', 'SUBHAKRTA', 'CHABH30', 'AMAVASYA', 'BAHULA', 'CHAITRA', 'ASHWINI', 'SAT', 0, 0),
(3938, 5, '01-05-2023', 'SUBHAKRTA', 'VAISH01', 'PADYA', 'SHUDDHA', 'VAISHAKHA', 'BHARANI', 'SUN', 0, 0),
(3939, 5, '02-05-2023', 'SUBHAKRTA', 'VAISH02', 'BIDIGE', 'SHUDDHA', 'VAISHAKHA', 'KRITIKA', 'MON', 0, 0),
(3940, 5, '03-05-2023', 'SUBHAKRTA', 'VAISH03', 'TADIGE', 'SHUDDHA', 'VAISHAKHA', 'ROHINI', 'TUE', 0, 0),
(3941, 5, '04-05-2023', 'SUBHAKRTA', 'VAISH03', 'TADIGE', 'SHUDDHA', 'VAISHAKHA', 'MRIGASHIRSHA', 'WED', 0, 1),
(3942, 5, '05-05-2023', 'SUBHAKRTA', 'VAISH04', 'CHOWTHI', 'SHUDDHA', 'VAISHAKHA', 'MRIGASHIRSHA', 'THU', 0, 0),
(3943, 5, '06-05-2023', 'SUBHAKRTA', 'VAISH05', 'PANCHAMI', 'SHUDDHA', 'VAISHAKHA', 'ARDRA', 'FRI', 0, 0),
(3944, 5, '07-05-2023', 'SUBHAKRTA', 'VAISH06', 'SHASHTHI', 'SHUDDHA', 'VAISHAKHA', 'PUNARVASU', 'SAT', 0, 0),
(3945, 5, '08-05-2023', 'SUBHAKRTA', 'VAISH07', 'SAPTAMI', 'SHUDDHA', 'VAISHAKHA', 'PUSHYA', 'SUN', 0, 0),
(3946, 5, '09-05-2023', 'SUBHAKRTA', 'VAISH08', 'ASHTAMI', 'SHUDDHA', 'VAISHAKHA', 'PUSHYA', 'MON', 0, 0),
(3947, 5, '10-05-2023', 'SUBHAKRTA', 'VAISH09', 'NAVAMI', 'SHUDDHA', 'VAISHAKHA', 'MAGHA', 'TUE', 0, 0),
(3948, 5, '11-05-2023', 'SUBHAKRTA', 'VAISH10', 'DASHAMI', 'SHUDDHA', 'VAISHAKHA', 'HUBBA OR PURVA PHALGUNI', 'WED', 0, 0),
(3949, 5, '12-05-2023', 'SUBHAKRTA', 'VAISH11', 'EKADASHI', 'SHUDDHA', 'VAISHAKHA', 'UTTARA OR UTTARA PHALGUNI', 'THU', 0, 0),
(3950, 5, '13-05-2023', 'SUBHAKRTA', 'VAISH12', 'DWADASHI', 'SHUDDHA', 'VAISHAKHA', 'HASTA', 'FRI', 0, 0),
(3951, 5, '14-05-2023', 'SUBHAKRTA', 'VAISH13', 'TRAYODASHI', 'SHUDDHA', 'VAISHAKHA', 'CHITRA', 'SAT', 0, 0),
(3952, 5, '15-05-2023', 'SUBHAKRTA', 'VAISH14', 'CHATURDASHI', 'SHUDDHA', 'VAISHAKHA', 'SWATHI', 'SUN', 0, 0),
(3953, 5, '16-05-2023', 'SUBHAKRTA', 'VAISH15', 'HUNNIME', 'SHUDDHA', 'VAISHAKHA', 'VISAKHA', 'MON', 0, 0),
(3954, 5, '17-05-2023', 'SUBHAKRTA', 'VAIBH01', 'PADYA', 'BAHULA', 'VAISHAKHA', 'UTTARA ASADHA', 'TUE', 0, 0),
(3955, 5, '18-05-2023', 'SUBHAKRTA', 'VAIBH02', 'BIDIGE', 'BAHULA', 'VAISHAKHA', 'JYESHTHA', 'WED', -1, 0),
(3956, 5, '19-05-2023', 'SUBHAKRTA', 'VAIBH04', 'CHOWTHI', 'BAHULA', 'VAISHAKHA', 'PURVA ASHADHA', 'THU', 0, 0),
(3957, 5, '20-05-2023', 'SUBHAKRTA', 'VAIBH05', 'PANCHAMI', 'BAHULA', 'VAISHAKHA', 'UTTARA ASADHA', 'FRI', 0, 0),
(3958, 5, '21-05-2023', 'SUBHAKRTA', 'VAIBH06', 'SHASHTHI', 'BAHULA', 'VAISHAKHA', 'SHRAVANA', 'SAT', 0, 0),
(3959, 5, '22-05-2023', 'SUBHAKRTA', 'VAIBH07', 'SAPTAMI', 'BAHULA', 'VAISHAKHA', 'DHANISHTA OR SRAVISTHA', 'SUN', 0, 0),
(3960, 5, '23-05-2023', 'SUBHAKRTA', 'VAIBH08', 'ASHTAMI', 'BAHULA', 'VAISHAKHA', 'SHATABHISHA OR SATATARAKA', 'MON', 0, 0),
(3961, 5, '24-05-2023', 'SUBHAKRTA', 'VAIBH09', 'NAVAMI', 'BAHULA', 'VAISHAKHA', 'PURVA BHADRA', 'TUE', 0, 0),
(3962, 5, '25-05-2023', 'SUBHAKRTA', 'VAIBH10', 'DASHAMI', 'BAHULA', 'VAISHAKHA', 'ASHWINI', 'WED', 0, 0),
(3963, 5, '26-05-2023', 'SUBHAKRTA', 'VAIBH11', 'EKADASHI', 'BAHULA', 'VAISHAKHA', 'REVATI', 'THU', 0, 0),
(3964, 5, '27-05-2023', 'SUBHAKRTA', 'VAIBH12', 'DWADASHI', 'BAHULA', 'VAISHAKHA', 'ASHWINI', 'FRI', 0, 0),
(3965, 5, '28-05-2023', 'SUBHAKRTA', 'VAIBH13', 'TRAYODASHI', 'BAHULA', 'VAISHAKHA', 'BHARANI', 'SAT', 0, 0),
(3966, 5, '29-05-2023', 'SUBHAKRTA', 'VAIBH14', 'CHATURDASHI', 'BAHULA', 'VAISHAKHA', 'KRITIKA', 'SUN', 0, 0),
(3967, 5, '30-05-2023', 'SUBHAKRTA', 'VAIBH30', 'AMAVASYA', 'BAHULA', 'VAISHAKHA', 'KRITIKA', 'MON', 0, 0),
(3968, 5, '31-05-2023', 'SUBHAKRTA', 'JYESH01', 'PADYA', 'SHUDDHA', 'JYESTA', 'ROHINI', 'TUE', 0, 0),
(3969, 5, '01-06-2023', 'SUBHAKRTA', 'JYESH02', 'BIDIGE', 'SHUDDHA', 'JYESTA', 'MRIGASHIRSHA', 'WED', 0, 0),
(3970, 5, '02-06-2023', 'SUBHAKRTA', 'JYESH03', 'TADIGE', 'SHUDDHA', 'JYESTA', 'ARDRA', 'THU', 0, 0),
(3971, 5, '03-06-2023', 'SUBHAKRTA', 'JYESH04', 'CHOWTHI', 'SHUDDHA', 'JYESTA', 'PUNARVASU', 'FRI', 0, 0),
(3972, 5, '04-06-2023', 'SUBHAKRTA', 'JYESH05', 'PANCHAMI', 'SHUDDHA', 'JYESTA', 'PUSHYA', 'SAT', 0, 0),
(3973, 5, '05-06-2023', 'SUBHAKRTA', 'JYESH06', 'SHASHTHI', 'SHUDDHA', 'JYESTA', 'ASHLESHA', 'SUN', 0, 0),
(3974, 5, '06-06-2023', 'SUBHAKRTA', 'JYESH06', 'SHASHTHI', 'SHUDDHA', 'JYESTA', 'MAGHA', 'MON', 0, 1),
(3975, 5, '07-06-2023', 'SUBHAKRTA', 'JYESH07', 'SAPTAMI', 'SHUDDHA', 'JYESTA', 'HUBBA OR PURVA PHALGUNI', 'TUE', 0, 0),
(3976, 5, '08-06-2023', 'SUBHAKRTA', 'JYESH08', 'ASHTAMI', 'SHUDDHA', 'JYESTA', 'UTTARA OR UTTARA PHALGUNI', 'WED', 0, 0),
(3977, 5, '09-06-2023', 'SUBHAKRTA', 'JYESH09', 'NAVAMI', 'SHUDDHA', 'JYESTA', 'HASTA', 'THU', 0, 0),
(3978, 5, '10-06-2023', 'SUBHAKRTA', 'JYESH10', 'DASHAMI', 'SHUDDHA', 'JYESTA', 'CHITRA', 'FRI', 0, 0),
(3979, 5, '11-06-2023', 'SUBHAKRTA', 'JYESH11', 'EKADASHI', 'SHUDDHA', 'JYESTA', 'SWATHI', 'SAT', -1, 0),
(3980, 5, '12-06-2023', 'SUBHAKRTA', 'JYESH13', 'TRAYODASHI', 'SHUDDHA', 'JYESTA', 'VISAKHA', 'SUN', 0, 0),
(3981, 5, '13-06-2023', 'SUBHAKRTA', 'JYESH14', 'CHATURDASHI', 'SHUDDHA', 'JYESTA', 'ANURADHA', 'MON', 0, 0),
(3982, 5, '14-06-2023', 'SUBHAKRTA', 'JYESH15', 'HUNNIME', 'SHUDDHA', 'JYESTA', 'JYESHTHA', 'TUE', 0, 0),
(3983, 5, '15-06-2023', 'SUBHAKRTA', 'JYEBH01', 'PADYA', 'BAHULA', 'JYESTA', 'MULA', 'WED', 0, 0),
(3984, 5, '16-06-2023', 'SUBHAKRTA', 'JYEBH02', 'BIDIGE', 'BAHULA', 'JYESTA', 'PURVA ASHADHA', 'THU', 0, 0),
(3985, 5, '17-06-2023', 'SUBHAKRTA', 'JYEBH03', 'TADIGE', 'BAHULA', 'JYESTA', 'UTTARA ASADHA', 'FRI', -1, 0),
(3986, 5, '18-06-2023', 'SUBHAKRTA', 'JYEBH05', 'PANCHAMI', 'BAHULA', 'JYESTA', 'SHRAVANA', 'SAT', 0, 0),
(3987, 5, '19-06-2023', 'SUBHAKRTA', 'JYEBH06', 'SHASHTHI', 'BAHULA', 'JYESTA', 'SHATABHISHA OR SATATARAKA', 'SUN', 0, 0),
(3988, 5, '20-06-2023', 'SUBHAKRTA', 'JYEBH07', 'SAPTAMI', 'BAHULA', 'JYESTA', 'PURVA BHADRA', 'MON', 0, 0),
(3989, 5, '21-06-2023', 'SUBHAKRTA', 'JYEBH08', 'ASHTAMI', 'BAHULA', 'JYESTA', 'UTTARA BHADRA', 'TUE', 0, 0),
(3990, 5, '22-06-2023', 'SUBHAKRTA', 'JYEBH09', 'NAVAMI', 'BAHULA', 'JYESTA', 'REVATI', 'WED', 0, 0),
(3991, 5, '23-06-2023', 'SUBHAKRTA', 'JYEBH10', 'DASHAMI', 'BAHULA', 'JYESTA', 'REVATI', 'THU', 0, 0),
(3992, 5, '24-06-2023', 'SUBHAKRTA', 'JYEBH11', 'EKADASHI', 'BAHULA', 'JYESTA', 'ASHWINI', 'FRI', 0, 0),
(3993, 5, '25-06-2023', 'SUBHAKRTA', 'JYEBH12', 'DWADASHI', 'BAHULA', 'JYESTA', 'BHARANI', 'SAT', 0, 0),
(3994, 5, '26-06-2023', 'SUBHAKRTA', 'JYEBH13', 'TRAYODASHI', 'BAHULA', 'JYESTA', 'KRITIKA', 'SUN', 0, 0),
(3995, 5, '27-06-2023', 'SUBHAKRTA', 'JYEBH14', 'CHATURDASHI', 'BAHULA', 'JYESTA', 'ROHINI', 'MON', 0, 0),
(3996, 5, '28-06-2023', 'SUBHAKRTA', 'JYEBH30', 'AMAVASYA', 'BAHULA', 'JYESTA', 'MRIGASHIRSHA', 'TUE', 0, 0),
(3997, 5, '29-06-2023', 'SUBHAKRTA', 'JYEBH30', 'AMAVASYA', 'BAHULA', 'JYESTA', 'ARDRA', 'WED', 0, 1),
(3998, 5, '30-06-2023', 'SUBHAKRTA', 'ASDSH01', 'PADYA', 'SHUDDHA', 'ASHADA', 'PUNARVASU', 'THU', 0, 0),
(3999, 5, '01-07-2023', 'SUBHAKRTA', 'ASDSH02', 'BIDIGE', 'SHUDDHA', 'ASHADA', 'PUSHYA', 'FRI', 0, 0),
(4000, 5, '02-07-2023', 'SUBHAKRTA', 'ASDSH03', 'TADIGE', 'SHUDDHA', 'ASHADA', 'ASHLESHA', 'SAT', 0, 0),
(4001, 5, '03-07-2023', 'SUBHAKRTA', 'ASDSH04', 'CHOWTHI', 'SHUDDHA', 'ASHADA', 'ASHLESHA', 'SUN', 0, 0),
(4002, 5, '04-07-2023', 'SUBHAKRTA', 'ASDSH05', 'PANCHAMI', 'SHUDDHA', 'ASHADA', 'MAGHA', 'MON', 0, 0),
(4003, 5, '05-07-2023', 'SUBHAKRTA', 'ASDSH06', 'SHASHTHI', 'SHUDDHA', 'ASHADA', 'HUBBA OR PURVA PHALGUNI', 'TUE', 0, 0),
(4004, 5, '06-07-2023', 'SUBHAKRTA', 'ASDSH07', 'SAPTAMI', 'SHUDDHA', 'ASHADA', 'UTTARA OR UTTARA PHALGUNI', 'WED', 0, 0),
(4005, 5, '07-07-2023', 'SUBHAKRTA', 'ASDSH08', 'ASHTAMI', 'SHUDDHA', 'ASHADA', 'HASTA', 'THU', 0, 0),
(4006, 5, '08-07-2023', 'SUBHAKRTA', 'ASDSH09', 'NAVAMI', 'SHUDDHA', 'ASHADA', 'CHITRA', 'FRI', 0, 0),
(4007, 5, '09-07-2023', 'SUBHAKRTA', 'ASDSH10', 'DASHAMI', 'SHUDDHA', 'ASHADA', 'SWATHI', 'SAT', 0, 0),
(4008, 5, '10-07-2023', 'SUBHAKRTA', 'ASDSH11', 'EKADASHI', 'SHUDDHA', 'ASHADA', 'VISAKHA', 'SUN', 0, 0),
(4009, 5, '11-07-2023', 'SUBHAKRTA', 'ASDSH12', 'DWADASHI', 'SHUDDHA', 'ASHADA', 'ANURADHA', 'MON', 0, 0),
(4010, 5, '12-07-2023', 'SUBHAKRTA', 'ASDSH13', 'TRAYODASHI', 'SHUDDHA', 'ASHADA', 'UTTARA ASADHA', 'TUE', 0, 0),
(4011, 5, '13-07-2023', 'SUBHAKRTA', 'ASDSH15', 'HUNNIME', 'SHUDDHA', 'ASHADA', 'PURVA ASHADHA', 'WED', 0, 0),
(4012, 5, '14-07-2023', 'SUBHAKRTA', 'ASDBH01', 'PADYA', 'BAHULA', 'ASHADA', 'UTTARA ASADHA', 'THU', 0, 0),
(4013, 5, '15-07-2023', 'SUBHAKRTA', 'ASDBH02', 'BIDIGE', 'BAHULA', 'ASHADA', 'SHRAVANA', 'FRI', 0, 0),
(4014, 5, '16-07-2023', 'SUBHAKRTA', 'ASDBH03', 'TADIGE', 'BAHULA', 'ASHADA', 'DHANISHTA OR SRAVISTHA', 'SAT', 0, 0),
(4015, 5, '17-07-2023', 'SUBHAKRTA', 'ASDBH04', 'CHOWTHI', 'BAHULA', 'ASHADA', 'SHATABHISHA OR SATATARAKA', 'SUN', 0, 0),
(4016, 5, '18-07-2023', 'SUBHAKRTA', 'ASDBH05', 'PANCHAMI', 'BAHULA', 'ASHADA', 'PURVA BHADRA', 'MON', 0, 0),
(4017, 5, '19-07-2023', 'SUBHAKRTA', 'ASDBH06', 'SHASHTHI', 'BAHULA', 'ASHADA', 'UTTARA BHADRA', 'TUE', 0, 0),
(4018, 5, '20-07-2023', 'SUBHAKRTA', 'ASDBH07', 'SAPTAMI', 'BAHULA', 'ASHADA', 'REVATI', 'WED', 0, 0),
(4019, 5, '21-07-2023', 'SUBHAKRTA', 'ASDBH08', 'ASHTAMI', 'BAHULA', 'ASHADA', 'ASHWINI', 'THU', 0, 0),
(4020, 5, '22-07-2023', 'SUBHAKRTA', 'ASDBH09', 'NAVAMI', 'BAHULA', 'ASHADA', 'BHARANI', 'FRI', 0, 0),
(4021, 5, '23-07-2023', 'SUBHAKRTA', 'ASDBH10', 'DASHAMI', 'BAHULA', 'ASHADA', 'KRITIKA', 'SAT', 0, 0),
(4022, 5, '24-07-2023', 'SUBHAKRTA', 'ASDBH11', 'EKADASHI', 'BAHULA', 'ASHADA', 'ROHINI', 'SUN', 0, 0),
(4023, 5, '25-07-2023', 'SUBHAKRTA', 'ASDBH12', 'DWADASHI', 'BAHULA', 'ASHADA', 'MRIGASHIRSHA', 'MON', 0, 0),
(4024, 5, '26-07-2023', 'SUBHAKRTA', 'ASDBH13', 'TRAYODASHI', 'BAHULA', 'ASHADA', 'ARDRA', 'TUE', 0, 0),
(4025, 5, '27-07-2023', 'SUBHAKRTA', 'ASDBH14', 'CHATURDASHI', 'BAHULA', 'ASHADA', 'PUNARVASU', 'WED', 0, 0),
(4026, 5, '28-07-2023', 'SUBHAKRTA', 'ASDBH30', 'AMAVASYA', 'BAHULA', 'ASHADA', 'PUSHYA', 'THU', 0, 0),
(4027, 5, '29-07-2023', 'SUBHAKRTA', 'SHRSH01', 'PADYA', 'SHUDDHA', 'SHRAVANA', 'ASHLESHA', 'FRI', 0, 0),
(4028, 5, '30-07-2023', 'SUBHAKRTA', 'SHRSH02', 'BIDIGE', 'SHUDDHA', 'SHRAVANA', 'ASHLESHA', 'SAT', 0, 0),
(4029, 5, '31-07-2023', 'SUBHAKRTA', 'SHRSH03', 'TADIGE', 'SHUDDHA', 'SHRAVANA', 'MAGHA', 'SUN', 0, 0),
(4030, 5, '01-08-2023', 'SUBHAKRTA', 'SHRSH04', 'CHOWTHI', 'SHUDDHA', 'SHRAVANA', 'HUBBA OR PURVA PHALGUNI', 'MON', 0, 0),
(4031, 5, '02-08-2023', 'SUBHAKRTA', 'SHRSH05', 'PANCHAMI', 'SHUDDHA', 'SHRAVANA', 'UTTARA OR UTTARA PHALGUNI', 'TUE', 0, 0),
(4032, 5, '03-08-2023', 'SUBHAKRTA', 'SHRSH06', 'SHASHTHI', 'SHUDDHA', 'SHRAVANA', 'HASTA', 'WED', 0, 0),
(4033, 5, '04-08-2023', 'SUBHAKRTA', 'SHRSH07', 'SAPTAMI', 'SHUDDHA', 'SHRAVANA', 'CHITRA', 'THU', 0, 0),
(4034, 5, '05-08-2023', 'SUBHAKRTA', 'SHRSH08', 'ASHTAMI', 'SHUDDHA', 'SHRAVANA', 'SWATHI', 'FRI', 0, 0),
(4035, 5, '06-08-2023', 'SUBHAKRTA', 'SHRSH09', 'NAVAMI', 'SHUDDHA', 'SHRAVANA', 'VISAKHA', 'SAT', 0, 0),
(4036, 5, '07-08-2023', 'SUBHAKRTA', 'SHRSH10', 'DASHAMI', 'SHUDDHA', 'SHRAVANA', 'ANURADHA', 'SUN', 0, 0),
(4037, 5, '08-08-2023', 'SUBHAKRTA', 'SHRSH11', 'EKADASHI', 'SHUDDHA', 'SHRAVANA', 'JYESHTHA', 'MON', 0, 0),
(4038, 5, '09-08-2023', 'SUBHAKRTA', 'SHRSH12', 'DWADASHI', 'SHUDDHA', 'SHRAVANA', 'MULA', 'TUE', 0, 0),
(4039, 5, '10-08-2023', 'SUBHAKRTA', 'SHRSH13', 'TRAYODASHI', 'SHUDDHA', 'SHRAVANA', 'PURVA ASHADHA', 'WED', 0, 0),
(4040, 5, '11-08-2023', 'SUBHAKRTA', 'SHRSH14', 'CHATURDASHI', 'SHUDDHA', 'SHRAVANA', 'UTTARA ASADHA', 'THU', 0, 0),
(4041, 5, '12-08-2023', 'SUBHAKRTA', 'SHRSH15', 'HUNNIME', 'SHUDDHA', 'SHRAVANA', 'UTTARA ASADHA', 'FRI', 0, 0),
(4042, 5, '13-08-2023', 'SUBHAKRTA', 'SHRBH01', 'PADYA', 'BAHULA', 'SHRAVANA', 'SHATABHISHA OR SATATARAKA', 'SAT', -1, 0),
(4043, 5, '14-08-2023', 'SUBHAKRTA', 'SHRBH03', 'TADIGE', 'BAHULA', 'SHRAVANA', 'PURVA BHADRA', 'SUN', 0, 0),
(4044, 5, '15-08-2023', 'SUBHAKRTA', 'SHRBH04', 'CHOWTHI', 'BAHULA', 'SHRAVANA', 'UTTARA BHADRA', 'MON', 0, 0),
(4045, 5, '16-08-2023', 'SUBHAKRTA', 'SHRBH05', 'PANCHAMI', 'BAHULA', 'SHRAVANA', 'REVATI', 'TUE', 0, 0),
(4046, 5, '17-08-2023', 'SUBHAKRTA', 'SHRBH06', 'SHASHTHI', 'BAHULA', 'SHRAVANA', 'ASHWINI', 'WED', 0, 0),
(4047, 5, '18-08-2023', 'SUBHAKRTA', 'SHRBH07', 'SAPTAMI', 'BAHULA', 'SHRAVANA', 'BHARANI', 'THU', 0, 0),
(4048, 5, '19-08-2023', 'SUBHAKRTA', 'SHRBH08', 'ASHTAMI', 'BAHULA', 'SHRAVANA', 'KRITIKA', 'FRI', 0, 0),
(4049, 5, '20-08-2023', 'SUBHAKRTA', 'SHRBH09', 'NAVAMI', 'BAHULA', 'SHRAVANA', 'ROHINI', 'SAT', 0, 0),
(4050, 5, '21-08-2023', 'SUBHAKRTA', 'SHRBH10', 'DASHAMI', 'BAHULA', 'SHRAVANA', 'MRIGASHIRSHA', 'SUN', 0, 0),
(4051, 5, '22-08-2023', 'SUBHAKRTA', 'SHRBH11', 'EKADASHI', 'BAHULA', 'SHRAVANA', 'MRIGASHIRSHA', 'MON', 0, 0),
(4052, 5, '23-08-2023', 'SUBHAKRTA', 'SHRBH12', 'DWADASHI', 'BAHULA', 'SHRAVANA', 'ARDRA', 'TUE', 0, 0),
(4053, 5, '24-08-2023', 'SUBHAKRTA', 'SHRBH12', 'DWADASHI', 'BAHULA', 'SHRAVANA', 'PUNARVASU', 'WED', 0, 1),
(4054, 5, '25-08-2023', 'SUBHAKRTA', 'SHRBH13', 'TRAYODASHI', 'BAHULA', 'SHRAVANA', 'PUSHYA', 'THU', 0, 0),
(4055, 5, '26-08-2023', 'SUBHAKRTA', 'SHRBH14', 'CHATURDASHI', 'BAHULA', 'SHRAVANA', 'ASHLESHA', 'FRI', 0, 0),
(4056, 5, '27-08-2023', 'SUBHAKRTA', 'SHRBH30', 'AMAVASYA', 'BAHULA', 'SHRAVANA', 'MAGHA', 'SAT', 0, 0),
(4057, 5, '28-08-2023', 'SUBHAKRTA', 'BHASH01', 'PADYA', 'SHUDDHA', 'BHADRAPADA', 'HUBBA OR PURVA PHALGUNI', 'SUN', 0, 0),
(4058, 5, '29-08-2023', 'SUBHAKRTA', 'BHASH02', 'BIDIGE', 'SHUDDHA', 'BHADRAPADA', 'UTTARA OR UTTARA PHALGUNI', 'MON', 0, 0),
(4059, 5, '30-08-2023', 'SUBHAKRTA', 'BHASH03', 'TADIGE', 'SHUDDHA', 'BHADRAPADA', 'HASTA', 'TUE', 0, 0),
(4060, 5, '31-08-2023', 'SUBHAKRTA', 'BHASH04', 'CHOWTHI', 'SHUDDHA', 'BHADRAPADA', 'CHITRA', 'WED', 0, 0),
(4061, 5, '01-09-2023', 'SUBHAKRTA', 'BHASH05', 'PANCHAMI', 'SHUDDHA', 'BHADRAPADA', 'SWATHI', 'THU', 0, 0),
(4062, 5, '02-09-2023', 'SUBHAKRTA', 'BHASH06', 'SHASHTHI', 'SHUDDHA', 'BHADRAPADA', 'VISAKHA', 'FRI', 0, 0),
(4063, 5, '03-09-2023', 'SUBHAKRTA', 'BHASH07', 'SAPTAMI', 'SHUDDHA', 'BHADRAPADA', 'ANURADHA', 'SAT', 0, 0),
(4064, 5, '04-09-2023', 'SUBHAKRTA', 'BHASH08', 'ASHTAMI', 'SHUDDHA', 'BHADRAPADA', 'JYESHTHA', 'SUN', 0, 0),
(4065, 5, '05-09-2023', 'SUBHAKRTA', 'BHASH09', 'NAVAMI', 'SHUDDHA', 'BHADRAPADA', 'UTTARA ASADHA', 'MON', -1, 0),
(4066, 5, '06-09-2023', 'SUBHAKRTA', 'BHASH11', 'EKADASHI', 'SHUDDHA', 'BHADRAPADA', 'PURVA ASHADHA', 'TUE', 0, 0),
(4067, 5, '07-09-2023', 'SUBHAKRTA', 'BHASH12', 'DWADASHI', 'SHUDDHA', 'BHADRAPADA', 'UTTARA ASADHA', 'WED', 0, 0),
(4068, 5, '08-09-2023', 'SUBHAKRTA', 'BHASH13', 'TRAYODASHI', 'SHUDDHA', 'BHADRAPADA', 'SHRAVANA', 'THU', 0, 0),
(4069, 5, '09-09-2023', 'SUBHAKRTA', 'BHASH14', 'CHATURDASHI', 'SHUDDHA', 'BHADRAPADA', 'DHANISHTA OR SRAVISTHA', 'FRI', 0, 0),
(4070, 5, '10-09-2023', 'SUBHAKRTA', 'BHASH15', 'HUNNIME', 'SHUDDHA', 'BHADRAPADA', 'SHATABHISHA OR SATATARAKA', 'SAT', 0, 0),
(4071, 5, '11-09-2023', 'SUBHAKRTA', 'BHABH01', 'PADYA', 'BAHULA', 'BHADRAPADA', 'PURVA BHADRA', 'SUN', 0, 0),
(4072, 5, '12-09-2023', 'SUBHAKRTA', 'BHABH02', 'BIDIGE', 'BAHULA', 'BHADRAPADA', 'UTTARA BHADRA', 'MON', 0, 0),
(4073, 5, '13-09-2023', 'SUBHAKRTA', 'BHABH03', 'TADIGE', 'BAHULA', 'BHADRAPADA', 'REVATI', 'TUE', 0, 0),
(4074, 5, '14-09-2023', 'SUBHAKRTA', 'BHABH04', 'CHOWTHI', 'BAHULA', 'BHADRAPADA', 'ASHWINI', 'WED', 0, 0),
(4075, 5, '15-09-2023', 'SUBHAKRTA', 'BHABH05', 'PANCHAMI', 'BAHULA', 'BHADRAPADA', 'BHARANI', 'THU', 0, 0),
(4076, 5, '16-09-2023', 'SUBHAKRTA', 'BHABH06', 'SHASHTHI', 'BAHULA', 'BHADRAPADA', 'KRITIKA', 'FRI', 0, 0),
(4077, 5, '17-09-2023', 'SUBHAKRTA', 'BHABH07', 'SAPTAMI', 'BAHULA', 'BHADRAPADA', 'ROHINI', 'SAT', 0, 0),
(4078, 5, '18-09-2023', 'SUBHAKRTA', 'BHABH08', 'ASHTAMI', 'BAHULA', 'BHADRAPADA', 'MRIGASHIRSHA', 'SUN', 0, 0),
(4079, 5, '19-09-2023', 'SUBHAKRTA', 'BHABH09', 'NAVAMI', 'BAHULA', 'BHADRAPADA', 'ARDRA', 'MON', 0, 0),
(4080, 5, '20-09-2023', 'SUBHAKRTA', 'BHABH10', 'DASHAMI', 'BAHULA', 'BHADRAPADA', 'PUNARVASU', 'TUE', 0, 0),
(4081, 5, '21-09-2023', 'SUBHAKRTA', 'BHABH11', 'EKADASHI', 'BAHULA', 'BHADRAPADA', 'PUSHYA', 'WED', 0, 0),
(4082, 5, '22-09-2023', 'SUBHAKRTA', 'BHABH12', 'DWADASHI', 'BAHULA', 'BHADRAPADA', 'ASHLESHA', 'THU', 0, 0),
(4083, 5, '23-09-2023', 'SUBHAKRTA', 'BHABH13', 'TRAYODASHI', 'BAHULA', 'BHADRAPADA', 'MAGHA', 'FRI', 0, 0),
(4084, 5, '24-09-2023', 'SUBHAKRTA', 'BHABH14', 'CHATURDASHI', 'BAHULA', 'BHADRAPADA', 'HUBBA OR PURVA PHALGUNI', 'SAT', 0, 0),
(4085, 5, '25-09-2023', 'SUBHAKRTA', 'BHABH30', 'AMAVASYA', 'BAHULA', 'BHADRAPADA', 'UTTARA OR UTTARA PHALGUNI', 'SUN', 0, 0),
(4086, 5, '26-09-2023', 'SUBHAKRTA', 'ASWSH01', 'PADYA', 'SHUDDHA', 'ASHWIJA', 'HASTA', 'MON', 0, 0),
(4087, 5, '27-09-2023', 'SUBHAKRTA', 'ASWSH02', 'BIDIGE', 'SHUDDHA', 'ASHWIJA', 'CHITRA', 'TUE', 0, 0),
(4088, 5, '28-09-2023', 'SUBHAKRTA', 'ASWSH03', 'TADIGE', 'SHUDDHA', 'ASHWIJA', 'SWATHI', 'WED', 0, 0),
(4089, 5, '29-09-2023', 'SUBHAKRTA', 'ASWSH04', 'CHOWTHI', 'SHUDDHA', 'ASHWIJA', 'VISAKHA', 'THU', 0, 0),
(4090, 5, '30-09-2023', 'SUBHAKRTA', 'ASWSH05', 'PANCHAMI', 'SHUDDHA', 'ASHWIJA', 'ANURADHA', 'FRI', 0, 0),
(4091, 5, '01-10-2023', 'SUBHAKRTA', 'ASWSH06', 'SHASHTHI', 'SHUDDHA', 'ASHWIJA', 'JYESHTHA', 'SAT', 0, 0),
(4092, 5, '02-10-2023', 'SUBHAKRTA', 'ASWSH07', 'SAPTAMI', 'SHUDDHA', 'ASHWIJA', 'MULA', 'SUN', 0, 0),
(4093, 5, '03-10-2023', 'SUBHAKRTA', 'ASWSH08', 'ASHTAMI', 'SHUDDHA', 'ASHWIJA', 'PURVA ASHADHA', 'MON', 0, 0),
(4094, 5, '04-10-2023', 'SUBHAKRTA', 'ASWSH09', 'NAVAMI', 'SHUDDHA', 'ASHWIJA', 'UTTARA ASADHA', 'TUE', 0, 0),
(4095, 5, '05-10-2023', 'SUBHAKRTA', 'ASWSH10', 'DASHAMI', 'SHUDDHA', 'ASHWIJA', 'SHRAVANA', 'WED', 0, 0),
(4096, 5, '06-10-2023', 'SUBHAKRTA', 'ASWSH11', 'EKADASHI', 'SHUDDHA', 'ASHWIJA', 'DHANISHTA OR SRAVISTHA', 'THU', 0, 0),
(4097, 5, '07-10-2023', 'SUBHAKRTA', 'ASWSH12', 'DWADASHI', 'SHUDDHA', 'ASHWIJA', 'SHATABHISHA OR SATATARAKA', 'FRI', 0, 0),
(4098, 5, '08-10-2023', 'SUBHAKRTA', 'ASWSH14', 'CHATURDASHI', 'SHUDDHA', 'ASHWIJA', 'PURVA BHADRA', 'SAT', 0, 0),
(4099, 5, '09-10-2023', 'SUBHAKRTA', 'ASWSH15', 'HUNNIME', 'SHUDDHA', 'ASHWIJA', 'UTTARA BHADRA', 'SUN', 0, 0),
(4100, 5, '10-10-2023', 'SUBHAKRTA', 'ASWBH01', 'PADYA', 'BAHULA', 'ASHWIJA', 'REVATI', 'MON', 0, 0),
(4101, 5, '11-10-2023', 'SUBHAKRTA', 'ASWBH02', 'BIDIGE', 'BAHULA', 'ASHWIJA', 'ASHWINI', 'TUE', 0, 0),
(4102, 5, '12-10-2023', 'SUBHAKRTA', 'ASWBH03', 'TADIGE', 'BAHULA', 'ASHWIJA', 'BHARANI', 'WED', 0, 0),
(4103, 5, '13-10-2023', 'SUBHAKRTA', 'ASWBH04', 'CHOWTHI', 'BAHULA', 'ASHWIJA', 'KRITIKA', 'THU', 0, 0),
(4104, 5, '14-10-2023', 'SUBHAKRTA', 'ASWBH05', 'PANCHAMI', 'BAHULA', 'ASHWIJA', 'ROHINI', 'FRI', 0, 0),
(4105, 5, '15-10-2023', 'SUBHAKRTA', 'ASWBH06', 'SHASHTHI', 'BAHULA', 'ASHWIJA', 'MRIGASHIRSHA', 'SAT', 0, 0),
(4106, 5, '16-10-2023', 'SUBHAKRTA', 'ASWBH06', 'SHASHTHI', 'BAHULA', 'ASHWIJA', 'ARDRA', 'SUN', 0, 1),
(4107, 5, '17-10-2023', 'SUBHAKRTA', 'ASWBH07', 'SAPTAMI', 'BAHULA', 'ASHWIJA', 'PUNARVASU', 'MON', 0, 0),
(4108, 5, '18-10-2023', 'SUBHAKRTA', 'ASWBH08', 'ASHTAMI', 'BAHULA', 'ASHWIJA', 'PUSHYA', 'TUE', 0, 0),
(4109, 5, '19-10-2023', 'SUBHAKRTA', 'ASWBH09', 'NAVAMI', 'BAHULA', 'ASHWIJA', 'PUSHYA', 'WED', 0, 0),
(4110, 5, '20-10-2023', 'SUBHAKRTA', 'ASWBH10', 'DASHAMI', 'BAHULA', 'ASHWIJA', 'ASHLESHA', 'THU', 0, 0),
(4111, 5, '21-10-2023', 'SUBHAKRTA', 'ASWBH11', 'EKADASHI', 'BAHULA', 'ASHWIJA', 'MAGHA', 'FRI', 0, 0),
(4112, 5, '22-10-2023', 'SUBHAKRTA', 'ASWBH12', 'DWADASHI', 'BAHULA', 'ASHWIJA', 'HUBBA OR PURVA PHALGUNI', 'SAT', 0, 0),
(4113, 5, '23-10-2023', 'SUBHAKRTA', 'ASWBH13', 'TRAYODASHI', 'BAHULA', 'ASHWIJA', 'UTTARA OR UTTARA PHALGUNI', 'SUN', 0, 0),
(4114, 5, '24-10-2023', 'SUBHAKRTA', 'ASWBH14', 'CHATURDASHI', 'BAHULA', 'ASHWIJA', 'HASTA', 'MON', 0, 0),
(4115, 5, '25-10-2023', 'SUBHAKRTA', 'ASWBH30', 'AMAVASYA', 'BAHULA', 'ASHWIJA', 'CHITRA', 'TUE', 0, 0),
(4116, 5, '26-10-2023', 'SUBHAKRTA', 'KARSH01', 'PADYA', 'SHUDDHA', 'KARTHIKA', 'SWATHI', 'WED', 0, 0),
(4117, 5, '27-10-2023', 'SUBHAKRTA', 'KARSH02', 'BIDIGE', 'SHUDDHA', 'KARTHIKA', 'VISAKHA', 'THU', 0, 0),
(4118, 5, '28-10-2023', 'SUBHAKRTA', 'KARSH03', 'TADIGE', 'SHUDDHA', 'KARTHIKA', 'ANURADHA', 'FRI', 0, 0),
(4119, 5, '29-10-2023', 'SUBHAKRTA', 'KARSH04', 'CHOWTHI', 'SHUDDHA', 'KARTHIKA', 'JYESHTHA', 'SAT', -1, 0),
(4120, 5, '30-10-2023', 'SUBHAKRTA', 'KARSH06', 'SHASHTHI', 'SHUDDHA', 'KARTHIKA', 'MULA', 'SUN', 0, 0),
(4121, 5, '31-10-2023', 'SUBHAKRTA', 'KARSH07', 'SAPTAMI', 'SHUDDHA', 'KARTHIKA', 'MULA', 'MON', 0, 0),
(4122, 5, '01-11-2023', 'SUBHAKRTA', 'KARSH08', 'ASHTAMI', 'SHUDDHA', 'KARTHIKA', 'SHRAVANA', 'TUE', 0, 0),
(4123, 5, '02-11-2023', 'SUBHAKRTA', 'KARSH09', 'NAVAMI', 'SHUDDHA', 'KARTHIKA', 'DHANISHTA OR SRAVISTHA', 'WED', 0, 0),
(4124, 5, '03-11-2023', 'SUBHAKRTA', 'KARSH10', 'DASHAMI', 'SHUDDHA', 'KARTHIKA', 'SHATABHISHA OR SATATARAKA', 'THU', 0, 0),
(4125, 5, '04-11-2023', 'SUBHAKRTA', 'KARSH11', 'EKADASHI', 'SHUDDHA', 'KARTHIKA', 'PURVA BHADRA', 'FRI', 0, 0),
(4126, 5, '05-11-2023', 'SUBHAKRTA', 'KARSH12', 'DWADASHI', 'SHUDDHA', 'KARTHIKA', 'UTTARA BHADRA', 'SAT', 0, 0),
(4127, 5, '06-11-2023', 'SUBHAKRTA', 'KARSH13', 'TRAYODASHI', 'SHUDDHA', 'KARTHIKA', 'REVATI', 'SUN', 0, 0),
(4128, 5, '07-11-2023', 'SUBHAKRTA', 'KARSH14', 'CHATURDASHI', 'SHUDDHA', 'KARTHIKA', 'ASHWINI', 'MON', 0, 0),
(4129, 5, '08-11-2023', 'SUBHAKRTA', 'KARSH15', 'HUNNIME', 'SHUDDHA', 'KARTHIKA', 'BHARANI', 'TUE', 0, 0),
(4130, 5, '09-11-2023', 'SUBHAKRTA', 'KARBH01', 'PADYA', 'BAHULA', 'KARTHIKA', 'KRITIKA', 'WED', 0, 0),
(4131, 5, '10-11-2023', 'SUBHAKRTA', 'KARBH02', 'BIDIGE', 'BAHULA', 'KARTHIKA', 'ROHINI', 'THU', 0, 0),
(4132, 5, '11-11-2023', 'SUBHAKRTA', 'KARBH03', 'TADIGE', 'BAHULA', 'KARTHIKA', 'MRIGASHIRSHA', 'FRI', 0, 0),
(4133, 5, '12-11-2023', 'SUBHAKRTA', 'KARBH04', 'CHOWTHI', 'BAHULA', 'KARTHIKA', 'MRIGASHIRSHA', 'SAT', 0, 0),
(4134, 5, '13-11-2023', 'SUBHAKRTA', 'KARBH05', 'PANCHAMI', 'BAHULA', 'KARTHIKA', 'ARDRA', 'SUN', 0, 0),
(4135, 5, '14-11-2023', 'SUBHAKRTA', 'KARBH06', 'SHASHTHI', 'BAHULA', 'KARTHIKA', 'PUNARVASU', 'MON', 0, 0),
(4136, 5, '15-11-2023', 'SUBHAKRTA', 'KARBH07', 'SAPTAMI', 'BAHULA', 'KARTHIKA', 'PUSHYA', 'TUE', 0, 0),
(4137, 5, '16-11-2023', 'SUBHAKRTA', 'KARBH08', 'ASHTAMI', 'BAHULA', 'KARTHIKA', 'ASHLESHA', 'WED', 0, 0),
(4138, 5, '17-11-2023', 'SUBHAKRTA', 'KARBH08', 'ASHTAMI', 'BAHULA', 'KARTHIKA', 'MAGHA', 'THU', 0, 1),
(4139, 5, '18-11-2023', 'SUBHAKRTA', 'KARBH09', 'NAVAMI', 'BAHULA', 'KARTHIKA', 'HUBBA OR PURVA PHALGUNI', 'FRI', 0, 0),
(4140, 5, '19-11-2023', 'SUBHAKRTA', 'KARBH10', 'DASHAMI', 'BAHULA', 'KARTHIKA', 'UTTARA OR UTTARA PHALGUNI', 'SAT', 0, 0),
(4141, 5, '20-11-2023', 'SUBHAKRTA', 'KARBH11', 'EKADASHI', 'BAHULA', 'KARTHIKA', 'HASTA', 'SUN', 0, 0),
(4142, 5, '21-11-2023', 'SUBHAKRTA', 'KARBH12', 'DWADASHI', 'BAHULA', 'KARTHIKA', 'CHITRA', 'MON', 0, 0),
(4143, 5, '22-11-2023', 'SUBHAKRTA', 'KARBH13', 'TRAYODASHI', 'BAHULA', 'KARTHIKA', 'SWATHI', 'TUE', 0, 0),
(4144, 5, '23-11-2023', 'SUBHAKRTA', 'KARBH14', 'CHATURDASHI', 'BAHULA', 'KARTHIKA', 'VISAKHA', 'WED', -1, 0),
(4145, 5, '24-11-2023', 'SUBHAKRTA', 'MARSH01', 'PADYA', 'SHUDDHA', 'MARGASHEERA', 'ANURADHA', 'THU', 0, 0),
(4146, 5, '25-11-2023', 'SUBHAKRTA', 'MARSH02', 'BIDIGE', 'SHUDDHA', 'MARGASHEERA', 'JYESHTHA', 'FRI', 0, 0),
(4147, 5, '26-11-2023', 'SUBHAKRTA', 'MARSH03', 'TADIGE', 'SHUDDHA', 'MARGASHEERA', 'MULA', 'SAT', 0, 0),
(4148, 5, '27-11-2023', 'SUBHAKRTA', 'MARSH04', 'CHOWTHI', 'SHUDDHA', 'MARGASHEERA', 'PURVA ASHADHA', 'SUN', 0, 0),
(4149, 5, '28-11-2023', 'SUBHAKRTA', 'MARSH05', 'PANCHAMI', 'SHUDDHA', 'MARGASHEERA', 'UTTARA ASADHA', 'MON', 0, 0),
(4150, 5, '29-11-2023', 'SUBHAKRTA', 'MARSH06', 'SHASHTHI', 'SHUDDHA', 'MARGASHEERA', 'SHRAVANA', 'TUE', 0, 0),
(4151, 5, '30-11-2023', 'SUBHAKRTA', 'MARSH07', 'SAPTAMI', 'SHUDDHA', 'MARGASHEERA', 'DHANISHTA OR SRAVISTHA', 'WED', 0, 0),
(4152, 5, '01-12-2023', 'SUBHAKRTA', 'MARSH08', 'ASHTAMI', 'SHUDDHA', 'MARGASHEERA', 'UTTARA BHADRA', 'THU', -1, 0),
(4153, 5, '02-12-2023', 'SUBHAKRTA', 'MARSH10', 'DASHAMI', 'SHUDDHA', 'MARGASHEERA', 'UTTARA BHADRA', 'FRI', 0, 0),
(4154, 5, '03-12-2023', 'SUBHAKRTA', 'MARSH11', 'EKADASHI', 'SHUDDHA', 'MARGASHEERA', 'REVATI', 'SAT', 0, 0),
(4155, 5, '04-12-2023', 'SUBHAKRTA', 'MARSH12', 'DWADASHI', 'SHUDDHA', 'MARGASHEERA', 'ASHWINI', 'SUN', 0, 0),
(4156, 5, '05-12-2023', 'SUBHAKRTA', 'MARSH13', 'TRAYODASHI', 'SHUDDHA', 'MARGASHEERA', 'ASHWINI', 'MON', 0, 0),
(4157, 5, '06-12-2023', 'SUBHAKRTA', 'MARSH13', 'TRAYODASHI', 'SHUDDHA', 'MARGASHEERA', 'BHARANI', 'TUE', 0, 1),
(4158, 5, '07-12-2023', 'SUBHAKRTA', 'MARSH14', 'CHATURDASHI', 'SHUDDHA', 'MARGASHEERA', 'KRITIKA', 'WED', 0, 0),
(4159, 5, '08-12-2023', 'SUBHAKRTA', 'MARSH15', 'HUNNIME', 'SHUDDHA', 'MARGASHEERA', 'ROHINI', 'THU', 0, 0),
(4160, 5, '09-12-2023', 'SUBHAKRTA', 'MARBH01', 'PADYA', 'BAHULA', 'MARGASHEERA', 'MRIGASHIRSHA', 'FRI', 0, 0),
(4161, 5, '10-12-2023', 'SUBHAKRTA', 'MARBH02', 'BIDIGE', 'BAHULA', 'MARGASHEERA', 'ARDRA', 'SAT', 0, 0),
(4162, 5, '11-12-2023', 'SUBHAKRTA', 'MARBH03', 'TADIGE', 'BAHULA', 'MARGASHEERA', 'PUNARVASU', 'SUN', 0, 0),
(4163, 5, '12-12-2023', 'SUBHAKRTA', 'MARBH04', 'CHOWTHI', 'BAHULA', 'MARGASHEERA', 'PUSHYA', 'MON', 0, 0),
(4164, 5, '13-12-2023', 'SUBHAKRTA', 'MARBH05', 'PANCHAMI', 'BAHULA', 'MARGASHEERA', 'ASHLESHA', 'TUE', 0, 0),
(4165, 5, '14-12-2023', 'SUBHAKRTA', 'MARBH06', 'SHASHTHI', 'BAHULA', 'MARGASHEERA', 'MAGHA', 'WED', 0, 0),
(4166, 5, '15-12-2023', 'SUBHAKRTA', 'MARBH07', 'SAPTAMI', 'BAHULA', 'MARGASHEERA', 'HUBBA OR PURVA PHALGUNI', 'THU', 0, 0),
(4167, 5, '16-12-2023', 'SUBHAKRTA', 'MARBH08', 'ASHTAMI', 'BAHULA', 'MARGASHEERA', 'HUBBA OR PURVA PHALGUNI', 'FRI', 0, 0),
(4168, 5, '17-12-2023', 'SUBHAKRTA', 'MARBH09', 'NAVAMI', 'BAHULA', 'MARGASHEERA', 'UTTARA OR UTTARA PHALGUNI', 'SAT', 0, 0),
(4169, 5, '18-12-2023', 'SUBHAKRTA', 'MARBH10', 'DASHAMI', 'BAHULA', 'MARGASHEERA', 'HASTA', 'SUN', 0, 0),
(4170, 5, '19-12-2023', 'SUBHAKRTA', 'MARBH11', 'EKADASHI', 'BAHULA', 'MARGASHEERA', 'CHITRA', 'MON', 0, 0),
(4171, 5, '20-12-2023', 'SUBHAKRTA', 'MARBH12', 'DWADASHI', 'BAHULA', 'MARGASHEERA', 'SWATHI', 'TUE', 0, 0),
(4172, 5, '21-12-2023', 'SUBHAKRTA', 'MARBH13', 'TRAYODASHI', 'BAHULA', 'MARGASHEERA', 'VISAKHA', 'WED', 0, 0),
(4173, 5, '22-12-2023', 'SUBHAKRTA', 'MARBH14', 'CHATURDASHI', 'BAHULA', 'MARGASHEERA', 'JYESHTHA', 'THU', 0, 0),
(4174, 5, '23-12-2023', 'SUBHAKRTA', 'MARBH30', 'AMAVASYA', 'BAHULA', 'MARGASHEERA', 'MULA', 'FRI', 0, 0),
(4175, 5, '24-12-2023', 'SUBHAKRTA', 'PUSSH01', 'PADYA', 'SHUDDHA', 'PUSHYA', 'PURVA ASHADHA', 'SAT', 0, 0),
(4176, 5, '25-12-2023', 'SUBHAKRTA', 'PUSSH02', 'BIDIGE', 'SHUDDHA', 'PUSHYA', 'UTTARA ASADHA', 'SUN', -1, 0),
(4177, 5, '26-12-2023', 'SUBHAKRTA', 'PUSSH04', 'CHOWTHI', 'SHUDDHA', 'PUSHYA', 'SHRAVANA', 'MON', 0, 0),
(4178, 5, '27-12-2023', 'SUBHAKRTA', 'PUSSH05', 'PANCHAMI', 'SHUDDHA', 'PUSHYA', 'DHANISHTA OR SRAVISTHA', 'TUE', 0, 0),
(4179, 5, '28-12-2023', 'SUBHAKRTA', 'PUSSH06', 'SHASHTHI', 'SHUDDHA', 'PUSHYA', 'SHATABHISHA OR SATATARAKA', 'WED', 0, 0),
(4180, 5, '29-12-2023', 'SUBHAKRTA', 'PUSSH07', 'SAPTAMI', 'SHUDDHA', 'PUSHYA', 'PURVA BHADRA', 'THU', 0, 0),
(4181, 5, '30-12-2023', 'SUBHAKRTA', 'PUSSH08', 'ASHTAMI', 'SHUDDHA', 'PUSHYA', 'UTTARA BHADRA', 'FRI', 0, 0),
(4182, 5, '31-12-2023', 'SUBHAKRTA', 'PUSSH09', 'NAVAMI', 'SHUDDHA', 'PUSHYA', 'REVATI', 'SAT', 0, 0),
(4183, 5, '01-01-2024', 'SUBHAKRTA', 'PUSSH10', 'DASHAMI', 'SHUDDHA', 'PUSHYA', 'ASHWINI', 'SUN', 0, 0),
(4184, 5, '02-01-2024', 'SUBHAKRTA', 'PUSSH11', 'EKADASHI', 'SHUDDHA', 'PUSHYA', 'BHARANI', 'MON', 0, 0),
(4185, 5, '03-01-2024', 'SUBHAKRTA', 'PUSSH12', 'DWADASHI', 'SHUDDHA', 'PUSHYA', 'KRITIKA', 'TUE', 0, 0),
(4186, 5, '04-01-2024', 'SUBHAKRTA', 'PUSSH13', 'TRAYODASHI', 'SHUDDHA', 'PUSHYA', 'ROHINI', 'WED', 0, 0),
(4187, 5, '05-01-2024', 'SUBHAKRTA', 'PUSSH14', 'CHATURDASHI', 'SHUDDHA', 'PUSHYA', 'MRIGASHIRSHA', 'THU', 0, 0),
(4188, 5, '06-01-2024', 'SUBHAKRTA', 'PUSSH15', 'HUNNIME', 'SHUDDHA', 'PUSHYA', 'ARDRA', 'FRI', 0, 0),
(4189, 5, '07-01-2024', 'SUBHAKRTA', 'PUSBH01', 'PADYA', 'BAHULA', 'PUSHYA', 'PUNARVASU', 'SAT', 0, 0),
(4190, 5, '08-01-2024', 'SUBHAKRTA', 'PUSBH01', 'PADYA', 'BAHULA', 'PUSHYA', 'PUSHYA', 'SUN', 0, 1),
(4191, 5, '09-01-2024', 'SUBHAKRTA', 'PUSBH02', 'BIDIGE', 'BAHULA', 'PUSHYA', 'PUSHYA', 'MON', 0, 0),
(4192, 5, '10-01-2024', 'SUBHAKRTA', 'PUSBH03', 'TADIGE', 'BAHULA', 'PUSHYA', 'ASHLESHA', 'TUE', 0, 0),
(4193, 5, '11-01-2024', 'SUBHAKRTA', 'PUSBH04', 'CHOWTHI', 'BAHULA', 'PUSHYA', 'MAGHA', 'WED', 0, 0),
(4194, 5, '12-01-2024', 'SUBHAKRTA', 'PUSBH05', 'PANCHAMI', 'BAHULA', 'PUSHYA', 'HUBBA OR PURVA PHALGUNI', 'THU', 0, 0),
(4195, 5, '13-01-2024', 'SUBHAKRTA', 'PUSBH06', 'SHASHTHI', 'BAHULA', 'PUSHYA', 'UTTARA OR UTTARA PHALGUNI', 'FRI', 0, 0),
(4196, 5, '14-01-2024', 'SUBHAKRTA', 'PUSBH07', 'SAPTAMI', 'BAHULA', 'PUSHYA', 'HASTA', 'SAT', 0, 0),
(4197, 5, '15-01-2024', 'SUBHAKRTA', 'PUSBH08', 'ASHTAMI', 'BAHULA', 'PUSHYA', 'CHITRA', 'SUN', 0, 0),
(4198, 5, '16-01-2024', 'SUBHAKRTA', 'PUSBH09', 'NAVAMI', 'BAHULA', 'PUSHYA', 'SWATHI', 'MON', 0, 0),
(4199, 5, '17-01-2024', 'SUBHAKRTA', 'PUSBH10', 'DASHAMI', 'BAHULA', 'PUSHYA', 'VISAKHA', 'TUE', 0, 0),
(4200, 5, '18-01-2024', 'SUBHAKRTA', 'PUSBH11', 'EKADASHI', 'BAHULA', 'PUSHYA', 'ANURADHA', 'WED', 0, 0),
(4201, 5, '19-01-2024', 'SUBHAKRTA', 'PUSBH12', 'DWADASHI', 'BAHULA', 'PUSHYA', 'JYESHTHA', 'THU', 0, 0),
(4202, 5, '20-01-2024', 'SUBHAKRTA', 'PUSBH13', 'TRAYODASHI', 'BAHULA', 'PUSHYA', 'MULA', 'FRI', -1, 0),
(4203, 5, '21-01-2024', 'SUBHAKRTA', 'PUSBH30', 'AMAVASYA', 'BAHULA', 'PUSHYA', 'PURVA ASHADHA', 'SAT', 0, 0),
(4204, 5, '22-01-2024', 'SUBHAKRTA', 'MAGSH01', 'PADYA', 'SHUDDHA', 'MAGHA', 'SHRAVANA', 'SUN', 0, 0),
(4205, 5, '23-01-2024', 'SUBHAKRTA', 'MAGSH02', 'BIDIGE', 'SHUDDHA', 'MAGHA', 'DHANISHTA OR SRAVISTHA', 'MON', 0, 0),
(4206, 5, '24-01-2024', 'SUBHAKRTA', 'MAGSH03', 'TADIGE', 'SHUDDHA', 'MAGHA', 'SHATABHISHA OR SATATARAKA', 'TUE', 0, 0),
(4207, 5, '25-01-2024', 'SUBHAKRTA', 'MAGSH04', 'CHOWTHI', 'SHUDDHA', 'MAGHA', 'PURVA BHADRA', 'WED', 0, 0),
(4208, 5, '26-01-2024', 'SUBHAKRTA', 'MAGSH05', 'PANCHAMI', 'SHUDDHA', 'MAGHA', 'UTTARA BHADRA', 'THU', 0, 0),
(4209, 5, '27-01-2024', 'SUBHAKRTA', 'MAGSH06', 'SHASHTHI', 'SHUDDHA', 'MAGHA', 'REVATI', 'FRI', 0, 0),
(4210, 5, '28-01-2024', 'SUBHAKRTA', 'MAGSH07', 'SAPTAMI', 'SHUDDHA', 'MAGHA', 'ASHWINI', 'SAT', 0, 0),
(4211, 5, '29-01-2024', 'SUBHAKRTA', 'MAGSH08', 'ASHTAMI', 'SHUDDHA', 'MAGHA', 'BHARANI', 'SUN', 0, 0),
(4212, 5, '30-01-2024', 'SUBHAKRTA', 'MAGSH09', 'NAVAMI', 'SHUDDHA', 'MAGHA', 'KRITIKA', 'MON', 0, 0),
(4213, 5, '31-01-2024', 'SUBHAKRTA', 'MAGSH10', 'DASHAMI', 'SHUDDHA', 'MAGHA', 'ROHINI', 'TUE', 0, 0),
(4214, 5, '01-02-2024', 'SUBHAKRTA', 'MAGSH11', 'EKADASHI', 'SHUDDHA', 'MAGHA', 'MRIGASHIRSHA', 'WED', 0, 0),
(4215, 5, '02-02-2024', 'SUBHAKRTA', 'MAGSH12', 'DWADASHI', 'SHUDDHA', 'MAGHA', 'ARDRA', 'THU', 0, 0),
(4216, 5, '03-02-2024', 'SUBHAKRTA', 'MAGSH13', 'TRAYODASHI', 'SHUDDHA', 'MAGHA', 'PUNARVASU', 'FRI', 0, 0),
(4217, 5, '04-02-2024', 'SUBHAKRTA', 'MAGSH14', 'CHATURDASHI', 'SHUDDHA', 'MAGHA', 'PUSHYA', 'SAT', 0, 0),
(4218, 5, '05-02-2024', 'SUBHAKRTA', 'MAGSH15', 'HUNNIME', 'SHUDDHA', 'MAGHA', 'PUSHYA', 'SUN', 0, 0),
(4219, 5, '06-02-2024', 'SUBHAKRTA', 'MAGBH01', 'PADYA', 'BAHULA', 'MAGHA', 'ASHLESHA', 'MON', 0, 0),
(4220, 5, '07-02-2024', 'SUBHAKRTA', 'MAGBH02', 'BIDIGE', 'BAHULA', 'MAGHA', 'MAGHA', 'TUE', 0, 0),
(4221, 5, '08-02-2024', 'SUBHAKRTA', 'MAGBH03', 'TADIGE', 'BAHULA', 'MAGHA', 'HUBBA OR PURVA PHALGUNI', 'WED', 0, 0),
(4222, 5, '09-02-2024', 'SUBHAKRTA', 'MAGBH04', 'CHOWTHI', 'BAHULA', 'MAGHA', 'UTTARA OR UTTARA PHALGUNI', 'THU', 0, 0),
(4223, 5, '10-02-2024', 'SUBHAKRTA', 'MAGBH04', 'CHOWTHI', 'BAHULA', 'MAGHA', 'HASTA', 'FRI', 0, 1),
(4224, 5, '11-02-2024', 'SUBHAKRTA', 'MAGBH05', 'PANCHAMI', 'BAHULA', 'MAGHA', 'CHITRA', 'SAT', 0, 0),
(4225, 5, '12-02-2024', 'SUBHAKRTA', 'MAGBH06', 'SHASHTHI', 'BAHULA', 'MAGHA', 'SWATHI', 'SUN', 0, 0),
(4226, 5, '13-02-2024', 'SUBHAKRTA', 'MAGBH07', 'SAPTAMI', 'BAHULA', 'MAGHA', 'VISAKHA', 'MON', 0, 0),
(4227, 5, '14-02-2024', 'SUBHAKRTA', 'MAGBH08', 'ASHTAMI', 'BAHULA', 'MAGHA', 'ANURADHA', 'TUE', 0, 0),
(4228, 5, '15-02-2024', 'SUBHAKRTA', 'MAGBH09', 'NAVAMI', 'BAHULA', 'MAGHA', 'JYESHTHA', 'WED', -1, 0),
(4229, 5, '16-02-2024', 'SUBHAKRTA', 'MAGBH11', 'EKADASHI', 'BAHULA', 'MAGHA', 'MULA', 'THU', 0, 0),
(4230, 5, '17-02-2024', 'SUBHAKRTA', 'MAGBH12', 'DWADASHI', 'BAHULA', 'MAGHA', 'PURVA ASHADHA', 'FRI', 0, 0),
(4231, 5, '18-02-2024', 'SUBHAKRTA', 'MAGBH13', 'TRAYODASHI', 'BAHULA', 'MAGHA', 'UTTARA ASADHA', 'SAT', 0, 0),
(4232, 5, '19-02-2024', 'SUBHAKRTA', 'MAGBH14', 'CHATURDASHI', 'BAHULA', 'MAGHA', 'SHRAVANA', 'SUN', 0, 0),
(4233, 5, '20-02-2024', 'SUBHAKRTA', 'MAGBH30', 'AMAVASYA', 'BAHULA', 'MAGHA', 'DHANISHTA OR SRAVISTHA', 'MON', 0, 0),
(4234, 5, '21-02-2024', 'SUBHAKRTA', 'PHASH01', 'PADYA', 'SHUDDHA', 'PHALGUNA', 'SHATABHISHA OR SATATARAKA', 'TUE', -1, 0),
(4235, 5, '22-02-2024', 'SUBHAKRTA', 'PHASH03', 'TADIGE', 'SHUDDHA', 'PHALGUNA', 'REVATI', 'WED', 0, 0),
(4236, 5, '23-02-2024', 'SUBHAKRTA', 'PHASH04', 'CHOWTHI', 'SHUDDHA', 'PHALGUNA', 'ASHWINI', 'THU', 0, 0),
(4237, 5, '24-02-2024', 'SUBHAKRTA', 'PHASH05', 'PANCHAMI', 'SHUDDHA', 'PHALGUNA', 'BHARANI', 'FRI', 0, 0),
(4238, 5, '25-02-2024', 'SUBHAKRTA', 'PHASH06', 'SHASHTHI', 'SHUDDHA', 'PHALGUNA', 'KRITIKA', 'SAT', 0, 0),
(4239, 5, '26-02-2024', 'SUBHAKRTA', 'PHASH07', 'SAPTAMI', 'SHUDDHA', 'PHALGUNA', 'ROHINI', 'SUN', 0, 0),
(4240, 5, '27-02-2024', 'SUBHAKRTA', 'PHASH08', 'ASHTAMI', 'SHUDDHA', 'PHALGUNA', 'ROHINI', 'MON', 0, 0),
(4241, 5, '28-02-2024', 'SUBHAKRTA', 'PHASH09', 'NAVAMI', 'SHUDDHA', 'PHALGUNA', 'MRIGASHIRSHA', 'TUE', 0, 0),
(4242, 5, '01-03-2024', 'SUBHAKRTA', 'PHASH10', 'DASHAMI', 'SHUDDHA', 'PHALGUNA', 'ARDRA', 'WED', 0, 0),
(4243, 5, '02-03-2024', 'SUBHAKRTA', 'PHASH11', 'EKADASHI', 'SHUDDHA', 'PHALGUNA', 'PUNARVASU', 'THU', 0, 0),
(4244, 5, '03-03-2024', 'SUBHAKRTA', 'PHASH11', 'EKADASHI', 'SHUDDHA', 'PHALGUNA', 'PUSHYA', 'FRI', 0, 1),
(4245, 5, '04-03-2024', 'SUBHAKRTA', 'PHASH12', 'DWADASHI', 'SHUDDHA', 'PHALGUNA', 'ASHLESHA', 'SAT', 0, 0),
(4246, 5, '05-03-2024', 'SUBHAKRTA', 'PHASH13', 'TRAYODASHI', 'SHUDDHA', 'PHALGUNA', 'MAGHA', 'SUN', 0, 0),
(4247, 5, '06-03-2024', 'SUBHAKRTA', 'PHASH14', 'CHATURDASHI', 'SHUDDHA', 'PHALGUNA', 'HUBBA OR PURVA PHALGUNI', 'MON', 0, 0),
(4248, 5, '07-03-2024', 'SUBHAKRTA', 'PHASH15', 'HUNNIME', 'SHUDDHA', 'PHALGUNA', 'UTTARA OR UTTARA PHALGUNI', 'TUE', 0, 0),
(4249, 5, '08-03-2024', 'SUBHAKRTA', 'PHABH01', 'PADYA', 'BAHULA', 'PHALGUNA', 'HASTA', 'WED', 0, 0),
(4250, 5, '09-03-2024', 'SUBHAKRTA', 'PHABH02', 'BIDIGE', 'BAHULA', 'PHALGUNA', 'CHITRA', 'THU', 0, 0),
(4251, 5, '10-03-2024', 'SUBHAKRTA', 'PHABH03', 'TADIGE', 'BAHULA', 'PHALGUNA', 'SWATHI', 'FRI', 0, 0),
(4252, 5, '11-03-2024', 'SUBHAKRTA', 'PHABH04', 'CHOWTHI', 'BAHULA', 'PHALGUNA', 'VISAKHA', 'SAT', 0, 0),
(4253, 5, '12-03-2024', 'SUBHAKRTA', 'PHABH05', 'PANCHAMI', 'BAHULA', 'PHALGUNA', 'ANURADHA', 'SUN', 0, 0),
(4254, 5, '13-03-2024', 'SUBHAKRTA', 'PHABH06', 'SHASHTHI', 'BAHULA', 'PHALGUNA', 'JYESHTHA', 'MON', 0, 0),
(4255, 5, '14-03-2024', 'SUBHAKRTA', 'PHABH07', 'SAPTAMI', 'BAHULA', 'PHALGUNA', 'MULA', 'TUE', 0, 0),
(4256, 5, '15-03-2024', 'SUBHAKRTA', 'PHABH08', 'ASHTAMI', 'BAHULA', 'PHALGUNA', 'PURVA ASHADHA', 'WED', 0, 0),
(4257, 5, '16-03-2024', 'SUBHAKRTA', 'PHABH09', 'NAVAMI', 'BAHULA', 'PHALGUNA', 'UTTARA ASADHA', 'THU', 0, 0),
(4258, 5, '17-03-2024', 'SUBHAKRTA', 'PHABH10', 'DASHAMI', 'BAHULA', 'PHALGUNA', 'SHRAVANA', 'FRI', 0, 0),
(4259, 5, '18-03-2024', 'SUBHAKRTA', 'PHABH11', 'EKADASHI', 'BAHULA', 'PHALGUNA', 'DHANISHTA OR SRAVISTHA', 'SAT', 0, 0),
(4260, 5, '19-03-2024', 'SUBHAKRTA', 'PHABH12', 'DWADASHI', 'BAHULA', 'PHALGUNA', 'SHATABHISHA OR SATATARAKA', 'SUN', -1, 0),
(4261, 5, '20-03-2024', 'SUBHAKRTA', 'PHASH14', 'CHATURDASHI', 'SHUDDHA', 'PHALGUNA', 'ASHWINI', 'MON', 0, 0),
(4262, 5, '21-03-2024', 'SUBHAKRTA', 'PHABH30', 'AMAVASYA', 'BAHULA', 'PHALGUNA', 'ASHWINI', 'TUE', 0, 0),
(4263, 5, '22-03-2024', '', '', '', '', '', '', 'WED', 0, 0),
(4264, 5, '23-03-2024', '', '', '', '', '', '', 'THU', 0, 0),
(4265, 5, '24-03-2024', '', '', '', '', '', '', 'FRI', 0, 0),
(4266, 5, '25-03-2024', '', '', '', '', '', '', 'SAT', 0, 0),
(4267, 5, '26-03-2024', '', '', '', '', '', '', 'SUN', 0, 0),
(4268, 5, '27-03-2024', '', '', '', '', '', '', 'MON', 0, 0),
(4269, 5, '28-03-2024', '', '', '', '', '', '', 'TUE', 0, 0),
(4270, 5, '29-03-2024', '', '', '', '', '', '', 'WED', 0, 0),
(4271, 5, '30-03-2024', '', '', '', '', '', '', 'THU', 0, 0),
(4272, 5, '31-03-2024', '', '', '', '', '', '', 'FRI', 0, 0),
(4273, 5, '21-02-2024', 'SUBHAKRTA', 'PHASH02', 'BIDIGE', 'SHUDDHA', 'PHALGUNA', 'SHATABHISHA OR SATATARAKA', 'TUE', 3102, 0),
(4274, 5, '24-04-2023', 'SUBHAKRTA', 'CHABH09', 'NAVAMI', 'BAHULA', 'CHAITRA', 'SHRAVANA', 'SUN', 2799, 0);
INSERT INTO `calendar_year_breakup` (`CAL_YEAR_ID`, `CAL_ID`, `ENG_DATE`, `SAMVATSARA`, `THITHI_SHORT_CODE`, `THITHI_NAME`, `BASED_ON_MOON`, `MASA`, `STAR`, `DAY`, `DUPLICATE`, `DEACTIVE_STATUS`) VALUES
(4275, 5, '18-05-2023', 'SUBHAKRTA', 'VAIBH03', 'TADIGE', 'BAHULA', 'VAISHAKHA', 'JYESHTHA', 'WED', 2823, 0),
(4276, 5, '11-06-2023', 'SUBHAKRTA', 'JYESH12', 'DWADASHI', 'SHUDDHA', 'JYESTA', 'SWATHI', 'SAT', 2847, 0),
(4277, 5, '17-06-2023', 'SUBHAKRTA', 'JYEBH04', 'CHOWTHI', 'BAHULA', 'JYESTA', 'UTTARA ASADHA', 'FRI', 2853, 0),
(4278, 5, '13-08-2023', 'SUBHAKRTA', 'SHRBH02', 'BIDIGE', 'BAHULA', 'SHRAVANA', 'SHATABHISHA OR SATATARAKA', 'SAT', 2910, 0),
(4279, 5, '05-09-2023', 'SUBHAKRTA', 'BHASH10', 'DASHAMI', 'SHUDDHA', 'BHADRAPADA', 'UTTARA ASADHA', 'MON', 2933, 0),
(4280, 5, '29-10-2023', 'SUBHAKRTA', 'KARSH05', 'PANCHAMI', 'SHUDDHA', 'KARTHIKA', 'JYESHTHA', 'SAT', 2987, 0),
(4281, 5, '23-11-2023', 'SUBHAKRTA', 'KARBH30', 'AMAVASYA', 'BAHULA', 'KARTHIKA', 'VISAKHA', 'WED', 3012, 0),
(4282, 5, '01-12-2023', 'SUBHAKRTA', 'MARSH09', 'NAVAMI', 'SHUDDHA', 'MARGASHEERA', 'UTTARA BHADRA', 'THU', 3020, 0),
(4283, 5, '25-12-2023', 'SUBHAKRTA', 'PUSSH03', 'TADIGE', 'SHUDDHA', 'PUSHYA', 'UTTARA ASADHA', 'SUN', 3044, 0),
(4284, 5, '20-01-2024', 'SUBHAKRTA', 'PUSBH14', 'CHATURDASHI', 'BAHULA', 'PUSHYA', 'MULA', 'FRI', 3070, 0),
(4285, 5, '15-02-2024', 'SUBHAKRTA', 'MAGBH10', 'DASHAMI', 'BAHULA', 'MAGHA', 'JYESHTHA', 'WED', 3096, 0),
(4286, 5, '19-03-2024', 'SUBHAKRTA', 'PHABH13', 'TRAYODASHI', 'BAHULA', 'PHALGUNA', 'SHATABHISHA OR SATATARAKA', 'SUN', 3128, 0),
(4287, 6, '01-04-2024', '', '', '', '', '', '', 'MON', 0, 0),
(4288, 6, '02-04-2024', '', '', '', '', '', '', 'TUE', 0, 0),
(4289, 6, '03-04-2024', '', '', '', '', '', '', 'WED', 0, 0),
(4290, 6, '04-04-2024', '', '', '', '', '', '', 'THU', 0, 0),
(4291, 6, '05-04-2024', '', '', '', '', '', '', 'FRI', 0, 0),
(4292, 6, '06-04-2024', '', '', '', '', '', '', 'SAT', 0, 0),
(4293, 6, '07-04-2024', '', '', '', '', '', '', 'SUN', 0, 0),
(4294, 6, '08-04-2024', '', '', '', '', '', '', 'MON', 0, 0),
(4295, 6, '09-04-2024', '', '', '', '', '', '', 'TUE', 0, 0),
(4296, 6, '10-04-2024', '', '', '', '', '', '', 'WED', 0, 0),
(4297, 6, '11-04-2024', '', '', '', '', '', '', 'THU', 0, 0),
(4298, 6, '12-04-2024', '', '', '', '', '', '', 'FRI', 0, 0),
(4299, 6, '13-04-2024', '', '', '', '', '', '', 'SAT', 0, 0),
(4300, 6, '14-04-2024', '', '', '', '', '', '', 'SUN', 0, 0),
(4301, 6, '15-04-2024', '', '', '', '', '', '', 'MON', 0, 0),
(4302, 6, '16-04-2024', '', '', '', '', '', '', 'TUE', 0, 0),
(4303, 6, '17-04-2024', '', '', '', '', '', '', 'WED', 0, 0),
(4304, 6, '18-04-2024', '', '', '', '', '', '', 'THU', 0, 0),
(4305, 6, '19-04-2024', '', '', '', '', '', '', 'FRI', 0, 0),
(4306, 6, '20-04-2024', '', '', '', '', '', '', 'SAT', 0, 0),
(4307, 6, '21-04-2024', '', '', '', '', '', '', 'SUN', 0, 0),
(4308, 6, '22-04-2024', '', '', '', '', '', '', 'MON', 0, 0),
(4309, 6, '23-04-2024', '', '', '', '', '', '', 'TUE', 0, 0),
(4310, 6, '24-04-2024', '', '', '', '', '', '', 'WED', 0, 0),
(4311, 6, '25-04-2024', '', '', '', '', '', '', 'THU', 0, 0),
(4312, 6, '26-04-2024', '', '', '', '', '', '', 'FRI', 0, 0),
(4313, 6, '27-04-2024', '', '', '', '', '', '', 'SAT', 0, 0),
(4314, 6, '28-04-2024', '', '', '', '', '', '', 'SUN', 0, 0),
(4315, 6, '29-04-2024', '', '', '', '', '', '', 'MON', 0, 0),
(4316, 6, '30-04-2024', '', '', '', '', '', '', 'TUE', 0, 0),
(4317, 6, '01-05-2024', '', '', '', '', '', '', 'WED', 0, 0),
(4318, 6, '02-05-2024', '', '', '', '', '', '', 'THU', 0, 0),
(4319, 6, '03-05-2024', '', '', '', '', '', '', 'FRI', 0, 0),
(4320, 6, '04-05-2024', '', '', '', '', '', '', 'SAT', 0, 0),
(4321, 6, '05-05-2024', '', '', '', '', '', '', 'SUN', 0, 0),
(4322, 6, '06-05-2024', '', '', '', '', '', '', 'MON', 0, 0),
(4323, 6, '07-05-2024', '', '', '', '', '', '', 'TUE', 0, 0),
(4324, 6, '08-05-2024', '', '', '', '', '', '', 'WED', 0, 0),
(4325, 6, '09-05-2024', '', '', '', '', '', '', 'THU', 0, 0),
(4326, 6, '10-05-2024', '', '', '', '', '', '', 'FRI', 0, 0),
(4327, 6, '11-05-2024', '', '', '', '', '', '', 'SAT', 0, 0),
(4328, 6, '12-05-2024', '', '', '', '', '', '', 'SUN', 0, 0),
(4329, 6, '13-05-2024', '', '', '', '', '', '', 'MON', 0, 0),
(4330, 6, '14-05-2024', '', '', '', '', '', '', 'TUE', 0, 0),
(4331, 6, '15-05-2024', '', '', '', '', '', '', 'WED', 0, 0),
(4332, 6, '16-05-2024', '', '', '', '', '', '', 'THU', 0, 0),
(4333, 6, '17-05-2024', '', '', '', '', '', '', 'FRI', 0, 0),
(4334, 6, '18-05-2024', '', '', '', '', '', '', 'SAT', 0, 0),
(4335, 6, '19-05-2024', '', '', '', '', '', '', 'SUN', 0, 0),
(4336, 6, '20-05-2024', '', '', '', '', '', '', 'MON', 0, 0),
(4337, 6, '21-05-2024', '', '', '', '', '', '', 'TUE', 0, 0),
(4338, 6, '22-05-2024', '', '', '', '', '', '', 'WED', 0, 0),
(4339, 6, '23-05-2024', '', '', '', '', '', '', 'THU', 0, 0),
(4340, 6, '24-05-2024', '', '', '', '', '', '', 'FRI', 0, 0),
(4341, 6, '25-05-2024', '', '', '', '', '', '', 'SAT', 0, 0),
(4342, 6, '26-05-2024', '', '', '', '', '', '', 'SUN', 0, 0),
(4343, 6, '27-05-2024', '', '', '', '', '', '', 'MON', 0, 0),
(4344, 6, '28-05-2024', '', '', '', '', '', '', 'TUE', 0, 0),
(4345, 6, '29-05-2024', '', '', '', '', '', '', 'WED', 0, 0),
(4346, 6, '30-05-2024', '', '', '', '', '', '', 'THU', 0, 0),
(4347, 6, '31-05-2024', '', '', '', '', '', '', 'FRI', 0, 0),
(4348, 6, '01-06-2024', '', '', '', '', '', '', 'SAT', 0, 0),
(4349, 6, '02-06-2024', '', '', '', '', '', '', 'SUN', 0, 0),
(4350, 6, '03-06-2024', '', '', '', '', '', '', 'MON', 0, 0),
(4351, 6, '04-06-2024', '', '', '', '', '', '', 'TUE', 0, 0),
(4352, 6, '05-06-2024', '', '', '', '', '', '', 'WED', 0, 0),
(4353, 6, '06-06-2024', '', '', '', '', '', '', 'THU', 0, 0),
(4354, 6, '07-06-2024', '', '', '', '', '', '', 'FRI', 0, 0),
(4355, 6, '08-06-2024', '', '', '', '', '', '', 'SAT', 0, 0),
(4356, 6, '09-06-2024', '', '', '', '', '', '', 'SUN', 0, 0),
(4357, 6, '10-06-2024', '', '', '', '', '', '', 'MON', 0, 0),
(4358, 6, '11-06-2024', '', '', '', '', '', '', 'TUE', 0, 0),
(4359, 6, '12-06-2024', '', '', '', '', '', '', 'WED', 0, 0),
(4360, 6, '13-06-2024', '', '', '', '', '', '', 'THU', 0, 0),
(4361, 6, '14-06-2024', '', '', '', '', '', '', 'FRI', 0, 0),
(4362, 6, '15-06-2024', '', '', '', '', '', '', 'SAT', 0, 0),
(4363, 6, '16-06-2024', '', '', '', '', '', '', 'SUN', 0, 0),
(4364, 6, '17-06-2024', '', '', '', '', '', '', 'MON', 0, 0),
(4365, 6, '18-06-2024', '', '', '', '', '', '', 'TUE', 0, 0),
(4366, 6, '19-06-2024', '', '', '', '', '', '', 'WED', 0, 0),
(4367, 6, '20-06-2024', '', '', '', '', '', '', 'THU', 0, 0),
(4368, 6, '21-06-2024', '', '', '', '', '', '', 'FRI', 0, 0),
(4369, 6, '22-06-2024', '', '', '', '', '', '', 'SAT', 0, 0),
(4370, 6, '23-06-2024', '', '', '', '', '', '', 'SUN', 0, 0),
(4371, 6, '24-06-2024', '', '', '', '', '', '', 'MON', 0, 0),
(4372, 6, '25-06-2024', '', '', '', '', '', '', 'TUE', 0, 0),
(4373, 6, '26-06-2024', '', '', '', '', '', '', 'WED', 0, 0),
(4374, 6, '27-06-2024', '', '', '', '', '', '', 'THU', 0, 0),
(4375, 6, '28-06-2024', '', '', '', '', '', '', 'FRI', 0, 0),
(4376, 6, '29-06-2024', '', '', '', '', '', '', 'SAT', 0, 0),
(4377, 6, '30-06-2024', '', '', '', '', '', '', 'SUN', 0, 0),
(4378, 6, '01-07-2024', '', '', '', '', '', '', 'MON', 0, 0),
(4379, 6, '02-07-2024', '', '', '', '', '', '', 'TUE', 0, 0),
(4380, 6, '03-07-2024', '', '', '', '', '', '', 'WED', 0, 0),
(4381, 6, '04-07-2024', '', '', '', '', '', '', 'THU', 0, 0),
(4382, 6, '05-07-2024', '', '', '', '', '', '', 'FRI', 0, 0),
(4383, 6, '06-07-2024', '', '', '', '', '', '', 'SAT', 0, 0),
(4384, 6, '07-07-2024', '', '', '', '', '', '', 'SUN', 0, 0),
(4385, 6, '08-07-2024', '', '', '', '', '', '', 'MON', 0, 0),
(4386, 6, '09-07-2024', '', '', '', '', '', '', 'TUE', 0, 0),
(4387, 6, '10-07-2024', '', '', '', '', '', '', 'WED', 0, 0),
(4388, 6, '11-07-2024', '', '', '', '', '', '', 'THU', 0, 0),
(4389, 6, '12-07-2024', '', '', '', '', '', '', 'FRI', 0, 0),
(4390, 6, '13-07-2024', '', '', '', '', '', '', 'SAT', 0, 0),
(4391, 6, '14-07-2024', '', '', '', '', '', '', 'SUN', 0, 0),
(4392, 6, '15-07-2024', '', '', '', '', '', '', 'MON', 0, 0),
(4393, 6, '16-07-2024', '', '', '', '', '', '', 'TUE', 0, 0),
(4394, 6, '17-07-2024', '', '', '', '', '', '', 'WED', 0, 0),
(4395, 6, '18-07-2024', '', '', '', '', '', '', 'THU', 0, 0),
(4396, 6, '19-07-2024', '', '', '', '', '', '', 'FRI', 0, 0),
(4397, 6, '20-07-2024', '', '', '', '', '', '', 'SAT', 0, 0),
(4398, 6, '21-07-2024', '', '', '', '', '', '', 'SUN', 0, 0),
(4399, 6, '22-07-2024', '', '', '', '', '', '', 'MON', 0, 0),
(4400, 6, '23-07-2024', '', '', '', '', '', '', 'TUE', 0, 0),
(4401, 6, '24-07-2024', '', '', '', '', '', '', 'WED', 0, 0),
(4402, 6, '25-07-2024', '', '', '', '', '', '', 'THU', 0, 0),
(4403, 6, '26-07-2024', '', '', '', '', '', '', 'FRI', 0, 0),
(4404, 6, '27-07-2024', '', '', '', '', '', '', 'SAT', 0, 0),
(4405, 6, '28-07-2024', '', '', '', '', '', '', 'SUN', 0, 0),
(4406, 6, '29-07-2024', '', '', '', '', '', '', 'MON', 0, 0),
(4407, 6, '30-07-2024', '', '', '', '', '', '', 'TUE', 0, 0),
(4408, 6, '31-07-2024', '', '', '', '', '', '', 'WED', 0, 0),
(4409, 6, '01-08-2024', '', '', '', '', '', '', 'THU', 0, 0),
(4410, 6, '02-08-2024', '', '', '', '', '', '', 'FRI', 0, 0),
(4411, 6, '03-08-2024', '', '', '', '', '', '', 'SAT', 0, 0),
(4412, 6, '04-08-2024', '', '', '', '', '', '', 'SUN', 0, 0),
(4413, 6, '05-08-2024', '', '', '', '', '', '', 'MON', 0, 0),
(4414, 6, '06-08-2024', '', '', '', '', '', '', 'TUE', 0, 0),
(4415, 6, '07-08-2024', '', '', '', '', '', '', 'WED', 0, 0),
(4416, 6, '08-08-2024', '', '', '', '', '', '', 'THU', 0, 0),
(4417, 6, '09-08-2024', '', '', '', '', '', '', 'FRI', 0, 0),
(4418, 6, '10-08-2024', '', '', '', '', '', '', 'SAT', 0, 0),
(4419, 6, '11-08-2024', '', '', '', '', '', '', 'SUN', 0, 0),
(4420, 6, '12-08-2024', '', '', '', '', '', '', 'MON', 0, 0),
(4421, 6, '13-08-2024', '', '', '', '', '', '', 'TUE', 0, 0),
(4422, 6, '14-08-2024', '', '', '', '', '', '', 'WED', 0, 0),
(4423, 6, '15-08-2024', '', '', '', '', '', '', 'THU', 0, 0),
(4424, 6, '16-08-2024', '', '', '', '', '', '', 'FRI', 0, 0),
(4425, 6, '17-08-2024', '', '', '', '', '', '', 'SAT', 0, 0),
(4426, 6, '18-08-2024', '', '', '', '', '', '', 'SUN', 0, 0),
(4427, 6, '19-08-2024', '', '', '', '', '', '', 'MON', 0, 0),
(4428, 6, '20-08-2024', '', '', '', '', '', '', 'TUE', 0, 0),
(4429, 6, '21-08-2024', '', '', '', '', '', '', 'WED', 0, 0),
(4430, 6, '22-08-2024', '', '', '', '', '', '', 'THU', 0, 0),
(4431, 6, '23-08-2024', '', '', '', '', '', '', 'FRI', 0, 0),
(4432, 6, '24-08-2024', '', '', '', '', '', '', 'SAT', 0, 0),
(4433, 6, '25-08-2024', '', '', '', '', '', '', 'SUN', 0, 0),
(4434, 6, '26-08-2024', '', '', '', '', '', '', 'MON', 0, 0),
(4435, 6, '27-08-2024', '', '', '', '', '', '', 'TUE', 0, 0),
(4436, 6, '28-08-2024', '', '', '', '', '', '', 'WED', 0, 0),
(4437, 6, '29-08-2024', '', '', '', '', '', '', 'THU', 0, 0),
(4438, 6, '30-08-2024', '', '', '', '', '', '', 'FRI', 0, 0),
(4439, 6, '31-08-2024', '', '', '', '', '', '', 'SAT', 0, 0),
(4440, 6, '01-09-2024', '', '', '', '', '', '', 'SUN', 0, 0),
(4441, 6, '02-09-2024', '', '', '', '', '', '', 'MON', 0, 0),
(4442, 6, '03-09-2024', '', '', '', '', '', '', 'TUE', 0, 0),
(4443, 6, '04-09-2024', '', '', '', '', '', '', 'WED', 0, 0),
(4444, 6, '05-09-2024', '', '', '', '', '', '', 'THU', 0, 0),
(4445, 6, '06-09-2024', '', '', '', '', '', '', 'FRI', 0, 0),
(4446, 6, '07-09-2024', '', '', '', '', '', '', 'SAT', 0, 0),
(4447, 6, '08-09-2024', '', '', '', '', '', '', 'SUN', 0, 0),
(4448, 6, '09-09-2024', '', '', '', '', '', '', 'MON', 0, 0),
(4449, 6, '10-09-2024', '', '', '', '', '', '', 'TUE', 0, 0),
(4450, 6, '11-09-2024', '', '', '', '', '', '', 'WED', 0, 0),
(4451, 6, '12-09-2024', '', '', '', '', '', '', 'THU', 0, 0),
(4452, 6, '13-09-2024', '', '', '', '', '', '', 'FRI', 0, 0),
(4453, 6, '14-09-2024', '', '', '', '', '', '', 'SAT', 0, 0),
(4454, 6, '15-09-2024', '', '', '', '', '', '', 'SUN', 0, 0),
(4455, 6, '16-09-2024', '', '', '', '', '', '', 'MON', 0, 0),
(4456, 6, '17-09-2024', '', '', '', '', '', '', 'TUE', 0, 0),
(4457, 6, '18-09-2024', '', '', '', '', '', '', 'WED', 0, 0),
(4458, 6, '19-09-2024', '', '', '', '', '', '', 'THU', 0, 0),
(4459, 6, '20-09-2024', '', '', '', '', '', '', 'FRI', 0, 0),
(4460, 6, '21-09-2024', '', '', '', '', '', '', 'SAT', 0, 0),
(4461, 6, '22-09-2024', '', '', '', '', '', '', 'SUN', 0, 0),
(4462, 6, '23-09-2024', '', '', '', '', '', '', 'MON', 0, 0),
(4463, 6, '24-09-2024', '', '', '', '', '', '', 'TUE', 0, 0),
(4464, 6, '25-09-2024', '', '', '', '', '', '', 'WED', 0, 0),
(4465, 6, '26-09-2024', '', '', '', '', '', '', 'THU', 0, 0),
(4466, 6, '27-09-2024', '', '', '', '', '', '', 'FRI', 0, 0),
(4467, 6, '28-09-2024', '', '', '', '', '', '', 'SAT', 0, 0),
(4468, 6, '29-09-2024', '', '', '', '', '', '', 'SUN', 0, 0),
(4469, 6, '30-09-2024', '', '', '', '', '', '', 'MON', 0, 0),
(4470, 6, '01-10-2024', '', '', '', '', '', '', 'TUE', 0, 0),
(4471, 6, '02-10-2024', '', '', '', '', '', '', 'WED', 0, 0),
(4472, 6, '03-10-2024', '', '', '', '', '', '', 'THU', 0, 0),
(4473, 6, '04-10-2024', '', '', '', '', '', '', 'FRI', 0, 0),
(4474, 6, '05-10-2024', '', '', '', '', '', '', 'SAT', 0, 0),
(4475, 6, '06-10-2024', '', '', '', '', '', '', 'SUN', 0, 0),
(4476, 6, '07-10-2024', '', '', '', '', '', '', 'MON', 0, 0),
(4477, 6, '08-10-2024', '', '', '', '', '', '', 'TUE', 0, 0),
(4478, 6, '09-10-2024', '', '', '', '', '', '', 'WED', 0, 0),
(4479, 6, '10-10-2024', '', '', '', '', '', '', 'THU', 0, 0),
(4480, 6, '11-10-2024', '', '', '', '', '', '', 'FRI', 0, 0),
(4481, 6, '12-10-2024', '', '', '', '', '', '', 'SAT', 0, 0),
(4482, 6, '13-10-2024', '', '', '', '', '', '', 'SUN', 0, 0),
(4483, 6, '14-10-2024', '', '', '', '', '', '', 'MON', 0, 0),
(4484, 6, '15-10-2024', '', '', '', '', '', '', 'TUE', 0, 0),
(4485, 6, '16-10-2024', '', '', '', '', '', '', 'WED', 0, 0),
(4486, 6, '17-10-2024', '', '', '', '', '', '', 'THU', 0, 0),
(4487, 6, '18-10-2024', '', '', '', '', '', '', 'FRI', 0, 0),
(4488, 6, '19-10-2024', '', '', '', '', '', '', 'SAT', 0, 0),
(4489, 6, '20-10-2024', '', '', '', '', '', '', 'SUN', 0, 0),
(4490, 6, '21-10-2024', '', '', '', '', '', '', 'MON', 0, 0),
(4491, 6, '22-10-2024', '', '', '', '', '', '', 'TUE', 0, 0),
(4492, 6, '23-10-2024', '', '', '', '', '', '', 'WED', 0, 0),
(4493, 6, '24-10-2024', '', '', '', '', '', '', 'THU', 0, 0),
(4494, 6, '25-10-2024', '', '', '', '', '', '', 'FRI', 0, 0),
(4495, 6, '26-10-2024', '', '', '', '', '', '', 'SAT', 0, 0),
(4496, 6, '27-10-2024', '', '', '', '', '', '', 'SUN', 0, 0),
(4497, 6, '28-10-2024', '', '', '', '', '', '', 'MON', 0, 0),
(4498, 6, '29-10-2024', '', '', '', '', '', '', 'TUE', 0, 0),
(4499, 6, '30-10-2024', '', '', '', '', '', '', 'WED', 0, 0),
(4500, 6, '31-10-2024', '', '', '', '', '', '', 'THU', 0, 0),
(4501, 6, '01-11-2024', '', '', '', '', '', '', 'FRI', 0, 0),
(4502, 6, '02-11-2024', '', '', '', '', '', '', 'SAT', 0, 0),
(4503, 6, '03-11-2024', '', '', '', '', '', '', 'SUN', 0, 0),
(4504, 6, '04-11-2024', '', '', '', '', '', '', 'MON', 0, 0),
(4505, 6, '05-11-2024', '', '', '', '', '', '', 'TUE', 0, 0),
(4506, 6, '06-11-2024', '', '', '', '', '', '', 'WED', 0, 0),
(4507, 6, '07-11-2024', '', '', '', '', '', '', 'THU', 0, 0),
(4508, 6, '08-11-2024', '', '', '', '', '', '', 'FRI', 0, 0),
(4509, 6, '09-11-2024', '', '', '', '', '', '', 'SAT', 0, 0),
(4510, 6, '10-11-2024', '', '', '', '', '', '', 'SUN', 0, 0),
(4511, 6, '11-11-2024', '', '', '', '', '', '', 'MON', 0, 0),
(4512, 6, '12-11-2024', '', '', '', '', '', '', 'TUE', 0, 0),
(4513, 6, '13-11-2024', '', '', '', '', '', '', 'WED', 0, 0),
(4514, 6, '14-11-2024', '', '', '', '', '', '', 'THU', 0, 0),
(4515, 6, '15-11-2024', '', '', '', '', '', '', 'FRI', 0, 0),
(4516, 6, '16-11-2024', '', '', '', '', '', '', 'SAT', 0, 0),
(4517, 6, '17-11-2024', '', '', '', '', '', '', 'SUN', 0, 0),
(4518, 6, '18-11-2024', '', '', '', '', '', '', 'MON', 0, 0),
(4519, 6, '19-11-2024', '', '', '', '', '', '', 'TUE', 0, 0),
(4520, 6, '20-11-2024', '', '', '', '', '', '', 'WED', 0, 0),
(4521, 6, '21-11-2024', '', '', '', '', '', '', 'THU', 0, 0),
(4522, 6, '22-11-2024', '', '', '', '', '', '', 'FRI', 0, 0),
(4523, 6, '23-11-2024', '', '', '', '', '', '', 'SAT', 0, 0),
(4524, 6, '24-11-2024', '', '', '', '', '', '', 'SUN', 0, 0),
(4525, 6, '25-11-2024', '', '', '', '', '', '', 'MON', 0, 0),
(4526, 6, '26-11-2024', '', '', '', '', '', '', 'TUE', 0, 0),
(4527, 6, '27-11-2024', '', '', '', '', '', '', 'WED', 0, 0),
(4528, 6, '28-11-2024', '', '', '', '', '', '', 'THU', 0, 0),
(4529, 6, '29-11-2024', '', '', '', '', '', '', 'FRI', 0, 0),
(4530, 6, '30-11-2024', '', '', '', '', '', '', 'SAT', 0, 0),
(4531, 6, '01-12-2024', '', '', '', '', '', '', 'SUN', 0, 0),
(4532, 6, '02-12-2024', '', '', '', '', '', '', 'MON', 0, 0),
(4533, 6, '03-12-2024', '', '', '', '', '', '', 'TUE', 0, 0),
(4534, 6, '04-12-2024', '', '', '', '', '', '', 'WED', 0, 0),
(4535, 6, '05-12-2024', '', '', '', '', '', '', 'THU', 0, 0),
(4536, 6, '06-12-2024', '', '', '', '', '', '', 'FRI', 0, 0),
(4537, 6, '07-12-2024', '', '', '', '', '', '', 'SAT', 0, 0),
(4538, 6, '08-12-2024', '', '', '', '', '', '', 'SUN', 0, 0),
(4539, 6, '09-12-2024', '', '', '', '', '', '', 'MON', 0, 0),
(4540, 6, '10-12-2024', '', '', '', '', '', '', 'TUE', 0, 0),
(4541, 6, '11-12-2024', '', '', '', '', '', '', 'WED', 0, 0),
(4542, 6, '12-12-2024', '', '', '', '', '', '', 'THU', 0, 0),
(4543, 6, '13-12-2024', '', '', '', '', '', '', 'FRI', 0, 0),
(4544, 6, '14-12-2024', '', '', '', '', '', '', 'SAT', 0, 0),
(4545, 6, '15-12-2024', '', '', '', '', '', '', 'SUN', 0, 0),
(4546, 6, '16-12-2024', '', '', '', '', '', '', 'MON', 0, 0),
(4547, 6, '17-12-2024', '', '', '', '', '', '', 'TUE', 0, 0),
(4548, 6, '18-12-2024', '', '', '', '', '', '', 'WED', 0, 0),
(4549, 6, '19-12-2024', '', '', '', '', '', '', 'THU', 0, 0),
(4550, 6, '20-12-2024', '', '', '', '', '', '', 'FRI', 0, 0),
(4551, 6, '21-12-2024', '', '', '', '', '', '', 'SAT', 0, 0),
(4552, 6, '22-12-2024', '', '', '', '', '', '', 'SUN', 0, 0),
(4553, 6, '23-12-2024', '', '', '', '', '', '', 'MON', 0, 0),
(4554, 6, '24-12-2024', '', '', '', '', '', '', 'TUE', 0, 0),
(4555, 6, '25-12-2024', '', '', '', '', '', '', 'WED', 0, 0),
(4556, 6, '26-12-2024', '', '', '', '', '', '', 'THU', 0, 0),
(4557, 6, '27-12-2024', '', '', '', '', '', '', 'FRI', 0, 0),
(4558, 6, '28-12-2024', '', '', '', '', '', '', 'SAT', 0, 0),
(4559, 6, '29-12-2024', '', '', '', '', '', '', 'SUN', 0, 0),
(4560, 6, '30-12-2024', '', '', '', '', '', '', 'MON', 0, 0),
(4561, 6, '31-12-2024', '', '', '', '', '', '', 'TUE', 0, 0),
(4562, 6, '01-01-2025', '', '', '', '', '', '', 'WED', 0, 0),
(4563, 6, '02-01-2025', '', '', '', '', '', '', 'THU', 0, 0),
(4564, 6, '03-01-2025', '', '', '', '', '', '', 'FRI', 0, 0),
(4565, 6, '04-01-2025', '', '', '', '', '', '', 'SAT', 0, 0),
(4566, 6, '05-01-2025', '', '', '', '', '', '', 'SUN', 0, 0),
(4567, 6, '06-01-2025', '', '', '', '', '', '', 'MON', 0, 0),
(4568, 6, '07-01-2025', '', '', '', '', '', '', 'TUE', 0, 0),
(4569, 6, '08-01-2025', '', '', '', '', '', '', 'WED', 0, 0),
(4570, 6, '09-01-2025', '', '', '', '', '', '', 'THU', 0, 0),
(4571, 6, '10-01-2025', '', '', '', '', '', '', 'FRI', 0, 0),
(4572, 6, '11-01-2025', '', '', '', '', '', '', 'SAT', 0, 0),
(4573, 6, '12-01-2025', '', '', '', '', '', '', 'SUN', 0, 0),
(4574, 6, '13-01-2025', '', '', '', '', '', '', 'MON', 0, 0),
(4575, 6, '14-01-2025', '', '', '', '', '', '', 'TUE', 0, 0),
(4576, 6, '15-01-2025', '', '', '', '', '', '', 'WED', 0, 0),
(4577, 6, '16-01-2025', '', '', '', '', '', '', 'THU', 0, 0),
(4578, 6, '17-01-2025', '', '', '', '', '', '', 'FRI', 0, 0),
(4579, 6, '18-01-2025', '', '', '', '', '', '', 'SAT', 0, 0),
(4580, 6, '19-01-2025', '', '', '', '', '', '', 'SUN', 0, 0),
(4581, 6, '20-01-2025', '', '', '', '', '', '', 'MON', 0, 0),
(4582, 6, '21-01-2025', '', '', '', '', '', '', 'TUE', 0, 0),
(4583, 6, '22-01-2025', '', '', '', '', '', '', 'WED', 0, 0),
(4584, 6, '23-01-2025', '', '', '', '', '', '', 'THU', 0, 0),
(4585, 6, '24-01-2025', '', '', '', '', '', '', 'FRI', 0, 0),
(4586, 6, '25-01-2025', '', '', '', '', '', '', 'SAT', 0, 0),
(4587, 6, '26-01-2025', '', '', '', '', '', '', 'SUN', 0, 0),
(4588, 6, '27-01-2025', '', '', '', '', '', '', 'MON', 0, 0),
(4589, 6, '28-01-2025', '', '', '', '', '', '', 'TUE', 0, 0),
(4590, 6, '29-01-2025', '', '', '', '', '', '', 'WED', 0, 0),
(4591, 6, '30-01-2025', '', '', '', '', '', '', 'THU', 0, 0),
(4592, 6, '31-01-2025', '', '', '', '', '', '', 'FRI', 0, 0),
(4593, 6, '01-02-2025', '', '', '', '', '', '', 'SAT', 0, 0),
(4594, 6, '02-02-2025', '', '', '', '', '', '', 'SUN', 0, 0),
(4595, 6, '03-02-2025', '', '', '', '', '', '', 'MON', 0, 0),
(4596, 6, '04-02-2025', '', '', '', '', '', '', 'TUE', 0, 0),
(4597, 6, '05-02-2025', '', '', '', '', '', '', 'WED', 0, 0),
(4598, 6, '06-02-2025', '', '', '', '', '', '', 'THU', 0, 0),
(4599, 6, '07-02-2025', '', '', '', '', '', '', 'FRI', 0, 0),
(4600, 6, '08-02-2025', '', '', '', '', '', '', 'SAT', 0, 0),
(4601, 6, '09-02-2025', '', '', '', '', '', '', 'SUN', 0, 0),
(4602, 6, '10-02-2025', '', '', '', '', '', '', 'MON', 0, 0),
(4603, 6, '11-02-2025', '', '', '', '', '', '', 'TUE', 0, 0),
(4604, 6, '12-02-2025', '', '', '', '', '', '', 'WED', 0, 0),
(4605, 6, '13-02-2025', '', '', '', '', '', '', 'THU', 0, 0),
(4606, 6, '14-02-2025', '', '', '', '', '', '', 'FRI', 0, 0),
(4607, 6, '15-02-2025', '', '', '', '', '', '', 'SAT', 0, 0),
(4608, 6, '16-02-2025', '', '', '', '', '', '', 'SUN', 0, 0),
(4609, 6, '17-02-2025', '', '', '', '', '', '', 'MON', 0, 0),
(4610, 6, '18-02-2025', '', '', '', '', '', '', 'TUE', 0, 0),
(4611, 6, '19-02-2025', '', '', '', '', '', '', 'WED', 0, 0),
(4612, 6, '20-02-2025', '', '', '', '', '', '', 'THU', 0, 0),
(4613, 6, '21-02-2025', '', '', '', '', '', '', 'FRI', 0, 0),
(4614, 6, '22-02-2025', '', '', '', '', '', '', 'SAT', 0, 0),
(4615, 6, '23-02-2025', '', '', '', '', '', '', 'SUN', 0, 0),
(4616, 6, '24-02-2025', '', '', '', '', '', '', 'MON', 0, 0),
(4617, 6, '25-02-2025', '', '', '', '', '', '', 'TUE', 0, 0),
(4618, 6, '26-02-2025', '', '', '', '', '', '', 'WED', 0, 0),
(4619, 6, '27-02-2025', '', '', '', '', '', '', 'THU', 0, 0),
(4620, 6, '28-02-2025', '', '', '', '', '', '', 'FRI', 0, 0),
(4621, 6, '01-03-2025', '', '', '', '', '', '', 'SAT', 0, 0),
(4622, 6, '02-03-2025', '', '', '', '', '', '', 'SUN', 0, 0),
(4623, 6, '03-03-2025', '', '', '', '', '', '', 'MON', 0, 0),
(4624, 6, '04-03-2025', '', '', '', '', '', '', 'TUE', 0, 0),
(4625, 6, '05-03-2025', '', '', '', '', '', '', 'WED', 0, 0),
(4626, 6, '06-03-2025', '', '', '', '', '', '', 'THU', 0, 0),
(4627, 6, '07-03-2025', '', '', '', '', '', '', 'FRI', 0, 0),
(4628, 6, '08-03-2025', '', '', '', '', '', '', 'SAT', 0, 0),
(4629, 6, '09-03-2025', '', '', '', '', '', '', 'SUN', 0, 0),
(4630, 6, '10-03-2025', '', '', '', '', '', '', 'MON', 0, 0),
(4631, 6, '11-03-2025', '', '', '', '', '', '', 'TUE', 0, 0),
(4632, 6, '12-03-2025', '', '', '', '', '', '', 'WED', 0, 0),
(4633, 6, '13-03-2025', '', '', '', '', '', '', 'THU', 0, 0),
(4634, 6, '14-03-2025', '', '', '', '', '', '', 'FRI', 0, 0),
(4635, 6, '15-03-2025', '', '', '', '', '', '', 'SAT', 0, 0),
(4636, 6, '16-03-2025', '', '', '', '', '', '', 'SUN', 0, 0),
(4637, 6, '17-03-2025', '', '', '', '', '', '', 'MON', 0, 0),
(4638, 6, '18-03-2025', '', '', '', '', '', '', 'TUE', 0, 0),
(4639, 6, '19-03-2025', '', '', '', '', '', '', 'WED', 0, 0),
(4640, 6, '20-03-2025', '', '', '', '', '', '', 'THU', 0, 0),
(4641, 6, '21-03-2025', '', '', '', '', '', '', 'FRI', 0, 0),
(4642, 6, '22-03-2025', '', '', '', '', '', '', 'SAT', 0, 0),
(4643, 6, '23-03-2025', '', '', '', '', '', '', 'SUN', 0, 0),
(4644, 6, '24-03-2025', '', '', '', '', '', '', 'MON', 0, 0),
(4645, 6, '25-03-2025', '', '', '', '', '', '', 'TUE', 0, 0),
(4646, 6, '26-03-2025', '', '', '', '', '', '', 'WED', 0, 0),
(4647, 6, '27-03-2025', '', '', '', '', '', '', 'THU', 0, 0),
(4648, 6, '28-03-2025', '', '', '', '', '', '', 'FRI', 0, 0),
(4649, 6, '29-03-2025', '', '', '', '', '', '', 'SAT', 0, 0),
(4650, 6, '30-03-2025', '', '', '', '', '', '', 'SUN', 0, 0),
(4651, 6, '31-03-2025', '', '', '', '', '', '', 'MON', 0, 0);

-- --------------------------------------------------------

--
-- Table structure for table `deity`
--

CREATE TABLE `deity` (
  `DEITY_ID` int(11) NOT NULL,
  `DEITY_CODE` varchar(10000) NOT NULL,
  `DEITY_NAME` varchar(10000) NOT NULL,
  `DATE_TIME` varchar(10000) NOT NULL,
  `DATE` varchar(10000) NOT NULL,
  `USER_ID` int(11) NOT NULL,
  `DEITY_ACTIVE` int(11) NOT NULL
) ENGINE=MyISAM DEFAULT CHARSET=latin1;

-- --------------------------------------------------------

--
-- Table structure for table `deity_donation_special_receipt_price`
--

CREATE TABLE `deity_donation_special_receipt_price` (
  `ID` int(11) NOT NULL,
  `PRICE` int(11) NOT NULL
) ENGINE=InnoDB DEFAULT CHARSET=latin1;

--
-- Dumping data for table `deity_donation_special_receipt_price`
--

INSERT INTO `deity_donation_special_receipt_price` (`ID`, `PRICE`) VALUES
(1, 5000);

-- --------------------------------------------------------

--
-- Table structure for table `deity_history`
--

CREATE TABLE `deity_history` (
  `DH_ID` bigint(11) NOT NULL,
  `DEITY_ID` int(11) NOT NULL,
  `DEITY_NAME` varchar(500) NOT NULL,
  `DEITY_STATUS` int(11) NOT NULL,
  `USER_ID` int(11) NOT NULL,
  `DATE_TIME` varchar(500) NOT NULL,
  `DATE` varchar(500) NOT NULL
) ENGINE=InnoDB DEFAULT CHARSET=latin1;

-- --------------------------------------------------------

--
-- Table structure for table `deity_inkind_offered`
--

CREATE TABLE `deity_inkind_offered` (
  `IKO_ID` int(11) NOT NULL,
  `RECEIPT_ID` int(11) NOT NULL,
  `DY_IK_ITEM_ID` int(11) NOT NULL,
  `DY_IK_ITEM_NAME` varchar(250) NOT NULL,
  `DY_IK_ITEM_UNIT` varchar(250) NOT NULL,
  `DY_IK_ITEM_QTY` float(11,3) NOT NULL,
  `DY_IK_APPRX_AMT` int(11) NOT NULL,
  `DY_IK_ITEM_DESC` varchar(255) NOT NULL
) ENGINE=MyISAM DEFAULT CHARSET=latin1;

-- --------------------------------------------------------

--
-- Table structure for table `deity_kanike_special_receipt_price`
--

CREATE TABLE `deity_kanike_special_receipt_price` (
  `ID` int(11) NOT NULL,
  `PRICE` int(11) NOT NULL
) ENGINE=InnoDB DEFAULT CHARSET=latin1;

--
-- Dumping data for table `deity_kanike_special_receipt_price`
--

INSERT INTO `deity_kanike_special_receipt_price` (`ID`, `PRICE`) VALUES
(1, 6000);

-- --------------------------------------------------------

--
-- Table structure for table `deity_print_history`
--

CREATE TABLE `deity_print_history` (
  `DPH_ID` bigint(20) NOT NULL,
  `RECEIPT_ID` int(11) NOT NULL,
  `DATE_TIME` varchar(250) NOT NULL,
  `USER_ID` int(11) NOT NULL,
  `DATE` varchar(250) NOT NULL
) ENGINE=InnoDB DEFAULT CHARSET=latin1;

-- --------------------------------------------------------

--
-- Table structure for table `deity_receipt`
--

CREATE TABLE `deity_receipt` (
  `RECEIPT_ID` bigint(11) NOT NULL,
  `RECEIPT_NO` varchar(1000) NOT NULL,
  `RECEIPT_DATE` varchar(1000) NOT NULL,
  `RECEIPT_NAME` varchar(1000) NOT NULL,
  `RECEIPT_PHONE` varchar(250) NOT NULL,
  `RECEIPT_ADHAAR_NO` varchar(255) NOT NULL,
  `RECEIPT_PAN_NO` varchar(255) NOT NULL,
  `RECEIPT_EMAIL` varchar(1000) NOT NULL,
  `RECEIPT_ADDRESS` mediumtext NOT NULL,
  `RECEIPT_RASHI` mediumtext NOT NULL,
  `RECEIPT_NAKSHATRA` mediumtext NOT NULL,
  `RECEIPT_DEITY_NAME` mediumtext NOT NULL,
  `RECEIPT_DEITY_ID` int(11) DEFAULT NULL,
  `KANIKE_FOR` int(11) NOT NULL,
  `RECEIPT_PRICE` int(11) NOT NULL,
  `RECEIPT_PAYMENT_METHOD` mediumtext NOT NULL,
  `CHEQUE_NO` varchar(100) NOT NULL,
  `CHEQUE_DATE` varchar(100) NOT NULL,
  `BANK_NAME` varchar(250) NOT NULL,
  `BRANCH_NAME` varchar(250) NOT NULL,
  `TRANSACTION_ID` varchar(100) NOT NULL,
  `RECEIPT_PAYMENT_METHOD_NOTES` mediumtext NOT NULL,
  `RECEIPT_ISSUED_BY` mediumtext NOT NULL,
  `RECEIPT_ISSUED_BY_ID` int(11) NOT NULL,
  `DATE_TIME` varchar(10000) NOT NULL,
  `RECEIPT_ACTIVE` int(11) NOT NULL,
  `CANCELLED_BY` varchar(250) NOT NULL,
  `CANCELLED_BY_ID` int(11) NOT NULL,
  `CANCELLED_DATE` varchar(500) NOT NULL,
  `CANCELLED_DATE_TIME` varchar(500) NOT NULL,
  `CANCEL_NOTES` varchar(500) NOT NULL,
  `RECEIPT_CATEGORY_ID` int(11) NOT NULL,
  `PAYMENT_STATUS` varchar(100) NOT NULL,
  `PAYMENT_CONFIRMED_BY_NAME` varchar(500) NOT NULL,
  `PAYMENT_CONFIRMED_BY` int(11) NOT NULL,
  `PAYMENT_DATE_TIME` varchar(250) NOT NULL,
  `PAYMENT_DATE` varchar(250) NOT NULL,
  `AUTHORISED_STATUS` varchar(100) NOT NULL,
  `AUTHORISED_BY` int(11) NOT NULL,
  `AUTHORISED_BY_NAME` varchar(250) NOT NULL,
  `AUTHORISED_DATE_TIME` varchar(500) NOT NULL,
  `AUTHORISED_DATE` varchar(250) NOT NULL,
  `CHEQUE_CREDITED_DATE` varchar(250) NOT NULL,
  `DATE_TYPE` varchar(250) DEFAULT NULL,
  `IS_BOOKING` int(11) NOT NULL,
  `RECEIPT_SB_ID` int(11) NOT NULL,
  `IS_TRUST` int(11) NOT NULL,
  `RECEIPT_HB_ID` int(11) NOT NULL,
  `EOD_CONFIRMED_BY_ID` int(11) NOT NULL,
  `EOD_CONFIRMED_BY_NAME` varchar(250) NOT NULL,
  `EOD_CONFIRMED_DATE_TIME` varchar(250) NOT NULL,
  `EOD_CONFIRMED_DATE` varchar(250) NOT NULL,
  `POSTAGE_CHECK` int(11) NOT NULL,
  `POSTAGE_PRICE` int(11) NOT NULL,
  `POSTAGE_GROUP_ID` int(11) NOT NULL,
  `ADDRESS_LINE1` varchar(1000) NOT NULL,
  `ADDRESS_LINE2` varchar(1000) NOT NULL,
  `CITY` varchar(1000) NOT NULL,
  `STATE` varchar(200) NOT NULL,
  `COUNTRY` varchar(1000) NOT NULL,
  `PINCODE` varchar(1000) NOT NULL,
  `SS_ID` bigint(20) NOT NULL,
  `SS_RECEIPT_NO_REF` varchar(255) NOT NULL,
  `PRINT_STATUS` int(11) NOT NULL,
  `IS_JEERNODHARA` int(11) NOT NULL,
  `FGLH_ID` int(11) NOT NULL,
  `ADDL_MM_PAID_BY` varchar(255) NOT NULL
) ENGINE=MyISAM DEFAULT CHARSET=latin1;

-- --------------------------------------------------------

--
-- Table structure for table `deity_receipt_category`
--

CREATE TABLE `deity_receipt_category` (
  `RECEIPT_CATEGORY_ID` int(11) NOT NULL,
  `RECEIPT_CATEGORY_TYPE` varchar(250) NOT NULL,
  `ACTIVE_RECEIPT_COUNTER_ID` int(11) NOT NULL
) ENGINE=MyISAM DEFAULT CHARSET=latin1;

--
-- Dumping data for table `deity_receipt_category`
--

INSERT INTO `deity_receipt_category` (`RECEIPT_CATEGORY_ID`, `RECEIPT_CATEGORY_TYPE`, `ACTIVE_RECEIPT_COUNTER_ID`) VALUES
(1, 'Seva', 1),
(2, 'Donation', 1),
(3, 'Kanike', 1),
(4, 'Hundi', 1),
(5, 'Inkind', 2),
(6, 'SRNS', 1),
(7, 'Shashwath', 6),
(8, 'Jeernodhara-Kanike', 7),
(9, 'Jeernodhara-Hundi', 7),
(10, 'Jeernodhara-Inkind', 8);

-- --------------------------------------------------------

--
-- Table structure for table `deity_receipt_counter`
--

CREATE TABLE `deity_receipt_counter` (
  `RECEIPT_COUNTER_ID` int(11) NOT NULL,
  `ABBR1` varchar(250) NOT NULL,
  `ABBR2` varchar(250) NOT NULL,
  `RECEIPT_COUNTER` int(11) NOT NULL,
  `USER_ID` int(11) NOT NULL,
  `DATE_TIME` varchar(250) NOT NULL,
  `DATE` varchar(250) NOT NULL
) ENGINE=MyISAM DEFAULT CHARSET=latin1;

--
-- Dumping data for table `deity_receipt_counter`
--

INSERT INTO `deity_receipt_counter` (`RECEIPT_COUNTER_ID`, `ABBR1`, `ABBR2`, `RECEIPT_COUNTER`, `USER_ID`, `DATE_TIME`, `DATE`) VALUES
(1, 'SLVT', 'SN', 0, 1, '', ''),
(2, 'SLVT', 'IK', 0, 1, '', ''),
(3, 'SLVT', 'SB', 0, 26, '', ''),
(6, 'SLVT', 'SH', 0, 26, '', ''),
(7, 'SPJS', 'SN', 0, 26, '', ''),
(8, 'SPJS', 'IK', 0, 26, '', '');

-- --------------------------------------------------------

--
-- Table structure for table `deity_seva`
--

CREATE TABLE `deity_seva` (
  `SEVA_ID` int(11) NOT NULL,
  `SEVA_CODE` varchar(10000) NOT NULL,
  `SEVA_NAME` varchar(10000) NOT NULL,
  `DEITY_ID` int(11) NOT NULL,
  `SEVA_DESC` varchar(10000) NOT NULL,
  `DATE_TIME` varchar(10000) NOT NULL,
  `DATE` varchar(10000) NOT NULL,
  `USER_ID` int(11) NOT NULL,
  `SEVA_ACTIVE` int(11) NOT NULL,
  `QUANTITY_CHECKER` int(11) NOT NULL,
  `IS_SEVA` int(11) NOT NULL,
  `BOOKING` int(11) NOT NULL,
  `IS_TOKEN` int(11) NOT NULL,
  `SEVA_TYPE` varchar(255) NOT NULL DEFAULT 'Regular',
  `SEVA_BELONGSTO` varchar(255) NOT NULL DEFAULT 'Deity',
  `SEVA_INCL_EXCL` varchar(255) NOT NULL
) ENGINE=MyISAM DEFAULT CHARSET=latin1;

-- --------------------------------------------------------

--
-- Table structure for table `deity_seva_offered`
--

CREATE TABLE `deity_seva_offered` (
  `SO_ID` bigint(20) NOT NULL,
  `SO_SEVA_NAME` varchar(10000) NOT NULL,
  `SO_SEVA_ID` int(11) NOT NULL,
  `SO_IS_SEVA` int(11) NOT NULL,
  `SO_DATE` varchar(10000) NOT NULL,
  `SO_QUANTITY` int(11) NOT NULL,
  `SO_PRICE` int(11) NOT NULL,
  `RECEIPT_ID` int(11) NOT NULL,
  `SO_DEITY_NAME` varchar(250) NOT NULL,
  `SO_DEITY_ID` int(11) NOT NULL,
  `UPDATED_SO_DATE` varchar(250) NOT NULL,
  `UPDATED_BY_ID` int(11) NOT NULL,
  `REVISION_PRICE_CHECKER` int(11) NOT NULL,
  `SO_IS_BOOKING` int(11) NOT NULL,
  `SO_SB_ID` int(11) NOT NULL,
  `SEVA_CORPUS` bigint(20) NOT NULL,
  `SEVA_INTEREST` bigint(20) NOT NULL,
  `CAL_YEAR_ID` bigint(20) NOT NULL,
  `SS_ID` bigint(20) NOT NULL,
  `SEVA_LOSS_CONFIRMED` int(11) NOT NULL,
  `LOSS_BALANCE` bigint(20) NOT NULL,
  `RECEIPT_CATEGORY_ID` int(11) NOT NULL,
  `GENERATED_DATE` varchar(255) NOT NULL,
  `GENERATED_DATE_TIME` varchar(255) NOT NULL,
  `GENERATED_BY` varchar(255) NOT NULL
) ENGINE=MyISAM DEFAULT CHARSET=latin1;

-- --------------------------------------------------------

--
-- Table structure for table `deity_seva_price`
--

CREATE TABLE `deity_seva_price` (
  `SEVA_PRICE_ID` int(11) NOT NULL,
  `SEVA_ID` int(11) NOT NULL,
  `SEVA_PRICE_ACTIVE` int(11) NOT NULL,
  `SEVA_PRICE` int(11) NOT NULL,
  `OLD_PRICE` int(11) NOT NULL,
  `REVISION_STATUS` int(11) NOT NULL,
  `REVISION_DATE` varchar(512) NOT NULL,
  `R_DATE_TIME` datetime NOT NULL,
  `DATE_TIME` varchar(10000) NOT NULL,
  `DATE` varchar(10000) NOT NULL,
  `USER_ID` int(11) NOT NULL,
  `DEITY_ID` int(11) NOT NULL,
  `SHASH_PRICE` int(255) NOT NULL
) ENGINE=MyISAM DEFAULT CHARSET=latin1;

-- --------------------------------------------------------

--
-- Table structure for table `deity_shashwath_seva_generation`
--

CREATE TABLE `deity_shashwath_seva_generation` (
  `DSSG_ID` bigint(20) NOT NULL,
  `DSSG_DATE` varchar(10) NOT NULL,
  `DSSG_STATUS` int(11) NOT NULL,
  `DSSG_DATE_TIME` varchar(100) NOT NULL,
  `DSSG_STATUS_BY_ID` int(11) NOT NULL
) ENGINE=InnoDB DEFAULT CHARSET=latin1;

-- --------------------------------------------------------

--
-- Table structure for table `deity_user_collection`
--

CREATE TABLE `deity_user_collection` (
  `DUC_ID` int(11) NOT NULL,
  `DUC_BY_ID` int(11) DEFAULT NULL,
  `DUC_BY_NAME` varchar(250) DEFAULT NULL,
  `DUC_EOD_DATE` date DEFAULT NULL,
  `RECEIPT_ID` bigint(20) NOT NULL,
  `DUC_CHEQUE` int(11) DEFAULT NULL,
  `DUC_CHEQUE_NO` varchar(100) DEFAULT NULL,
  `DUC_CHEQUE_DATE` varchar(100) DEFAULT NULL,
  `DUC_BANK_NAME` varchar(250) DEFAULT NULL,
  `DUC_BRANCH_NAME` varchar(250) DEFAULT NULL,
  `DUC_IS_DEPOSITED` int(11) DEFAULT NULL,
  `DUC_LEDGER_ID` int(11) DEFAULT NULL,
  `DUC_DATE_TIME` varchar(250) DEFAULT NULL,
  `DUC_DATE` date DEFAULT NULL,
  `DUC_DEPOSIT_DATE` date NOT NULL
) ENGINE=InnoDB DEFAULT CHARSET=latin1;

-- --------------------------------------------------------

--
-- Table structure for table `deity_user_collection_history`
--

CREATE TABLE `deity_user_collection_history` (
  `DUCH_ID` bigint(11) NOT NULL,
  `DUC_ID` int(11) NOT NULL,
  `DUCH_BY_ID` int(11) NOT NULL,
  `DUCH_BY_NAME` varchar(250) NOT NULL,
  `DUCH_DATE_TIME` varchar(250) NOT NULL,
  `DUCH_DATE` date NOT NULL
) ENGINE=InnoDB DEFAULT CHARSET=latin1;

-- --------------------------------------------------------

--
-- Table structure for table `eod_time_setting`
--

CREATE TABLE `eod_time_setting` (
  `TIME_ID` bigint(20) NOT NULL,
  `TIME_FROM` varchar(100) NOT NULL,
  `TIME_TO` varchar(100) NOT NULL,
  `USER_ID` int(11) NOT NULL
) ENGINE=InnoDB DEFAULT CHARSET=latin1;

--
-- Dumping data for table `eod_time_setting`
--

INSERT INTO `eod_time_setting` (`TIME_ID`, `TIME_FROM`, `TIME_TO`, `USER_ID`) VALUES
(2, '20:30:01', '23:59:59', 26);

-- --------------------------------------------------------

--
-- Table structure for table `event`
--

CREATE TABLE `event` (
  `ET_ID` int(11) NOT NULL,
  `ET_CODE` varchar(1000) NOT NULL,
  `ET_NAME` varchar(10000) NOT NULL,
  `ET_FROM_DATE_TIME` varchar(10000) NOT NULL,
  `ET_TO_DATE_TIME` varchar(10000) NOT NULL,
  `DATE_TIME` varchar(10000) NOT NULL,
  `DATE` varchar(10000) NOT NULL,
  `USER_ID` int(11) NOT NULL,
  `ET_ACTIVE` int(11) NOT NULL,
  `COMP_ID` varchar(255) NOT NULL
) ENGINE=MyISAM DEFAULT CHARSET=latin1;

-- --------------------------------------------------------

--
-- Table structure for table `event_bank`
--

CREATE TABLE `event_bank` (
  `BANK_ID` int(11) NOT NULL,
  `BANK_NAME` varchar(250) NOT NULL,
  `ACCOUNT_NO` varchar(250) NOT NULL,
  `BANK_BRANCH` varchar(250) NOT NULL,
  `BANK_LOCATION` varchar(250) NOT NULL,
  `BANK_IFSC_CODE` varchar(250) NOT NULL
) ENGINE=InnoDB DEFAULT CHARSET=latin1;

-- --------------------------------------------------------

--
-- Table structure for table `event_eod_time_setting`
--

CREATE TABLE `event_eod_time_setting` (
  `TIME_ID` bigint(20) NOT NULL,
  `TIME_FROM` varchar(100) NOT NULL,
  `TIME_TO` varchar(100) NOT NULL,
  `USER_ID` int(11) NOT NULL
) ENGINE=InnoDB DEFAULT CHARSET=latin1;

-- --------------------------------------------------------

--
-- Table structure for table `event_history`
--

CREATE TABLE `event_history` (
  `EH_ID` bigint(255) NOT NULL,
  `ET_ID` int(11) NOT NULL,
  `COMP_ID` int(11) NOT NULL,
  `ET_NAME` varchar(250) NOT NULL,
  `ET_FROM` varchar(250) NOT NULL,
  `ET_TO` varchar(250) NOT NULL,
  `ET_STATUS` int(11) NOT NULL,
  `USER_ID` int(11) NOT NULL,
  `DATE_TIME` varchar(250) NOT NULL,
  `DATE` varchar(250) NOT NULL
) ENGINE=InnoDB DEFAULT CHARSET=latin1;

-- --------------------------------------------------------

--
-- Table structure for table `event_inkind_offered`
--

CREATE TABLE `event_inkind_offered` (
  `ET_IKO_ID` bigint(255) NOT NULL,
  `ET_RECEIPT_ID` bigint(255) NOT NULL,
  `IK_ITEM_ID` bigint(255) NOT NULL,
  `IK_ITEM_NAME` varchar(250) NOT NULL,
  `IK_ITEM_UNIT` varchar(250) NOT NULL,
  `IK_ITEM_QTY` float(11,3) NOT NULL,
  `IK_APPRX_AMT` int(11) NOT NULL,
  `IK_ITEM_DESC` varchar(25) NOT NULL
) ENGINE=MyISAM DEFAULT CHARSET=latin1;

-- --------------------------------------------------------

--
-- Table structure for table `event_print_history`
--

CREATE TABLE `event_print_history` (
  `EPH_ID` int(11) NOT NULL,
  `RECEIPT_ID` int(11) NOT NULL,
  `DATE_TIME` varchar(250) NOT NULL,
  `USER_ID` int(11) NOT NULL,
  `DATE` varchar(250) NOT NULL
) ENGINE=InnoDB DEFAULT CHARSET=latin1;

-- --------------------------------------------------------

--
-- Table structure for table `event_receipt`
--

CREATE TABLE `event_receipt` (
  `ET_RECEIPT_ID` bigint(255) NOT NULL,
  `ET_RECEIPT_NO` varchar(1000) NOT NULL,
  `ET_RECEIPT_DATE` varchar(1000) NOT NULL,
  `ET_RECEIPT_NAME` varchar(1000) NOT NULL,
  `ET_RECEIPT_PHONE` varchar(250) DEFAULT NULL,
  `ET_PAN_NO` varchar(255) NOT NULL,
  `ET_ADHAAR_NO` varchar(255) NOT NULL,
  `ET_RECEIPT_EMAIL` varchar(250) DEFAULT NULL,
  `ET_RECEIPT_ADDRESS` varchar(250) DEFAULT NULL,
  `ET_RECEIPT_RASHI` varchar(1000) DEFAULT NULL,
  `ET_RECEIPT_NAKSHATRA` varchar(1000) DEFAULT NULL,
  `RECEIPT_ET_NAME` varchar(1000) NOT NULL,
  `RECEIPT_ET_ID` int(11) NOT NULL,
  `ET_RECEIPT_PRICE` int(11) NOT NULL,
  `ET_RECEIPT_PAYMENT_METHOD` varchar(1000) NOT NULL,
  `CHEQUE_NO` varchar(250) NOT NULL,
  `CHEQUE_DATE` varchar(250) NOT NULL,
  `BANK_NAME` varchar(250) NOT NULL,
  `BRANCH_NAME` varchar(250) NOT NULL,
  `TRANSACTION_ID` varchar(250) DEFAULT NULL,
  `ET_RECEIPT_PAYMENT_METHOD_NOTES` varchar(1000) DEFAULT NULL,
  `ET_RECEIPT_ISSUED_BY` varchar(1000) NOT NULL,
  `ET_RECEIPT_ISSUED_BY_ID` int(11) NOT NULL,
  `DATE_TIME` varchar(1000) NOT NULL,
  `ET_RECEIPT_ACTIVE` int(11) NOT NULL,
  `ET_RECEIPT_CATEGORY_ID` int(11) NOT NULL,
  `PAYMENT_STATUS` varchar(250) NOT NULL,
  `PAYMENT_CONFIRMED_BY_NAME` varchar(500) NOT NULL,
  `PAYMENT_CONFIRMED_BY` int(11) NOT NULL,
  `PAYMENT_DATE_TIME` varchar(250) NOT NULL,
  `PAYMENT_DATE` varchar(250) NOT NULL,
  `CHEQUE_CREDITED_DATE` varchar(250) NOT NULL,
  `AUTHORISED_STATUS` varchar(250) NOT NULL,
  `AUTHORISED_BY` int(11) NOT NULL,
  `AUTHORISED_BY_NAME` varchar(500) NOT NULL,
  `AUTHORISED_DATE_TIME` varchar(250) NOT NULL,
  `AUTHORISED_DATE` varchar(250) NOT NULL,
  `EOD_CONFIRMED_BY_ID` int(11) DEFAULT NULL,
  `EOD_CONFIRMED_BY_NAME` varchar(250) DEFAULT NULL,
  `EOD_CONFIRMED_DATE_TIME` varchar(250) DEFAULT NULL,
  `EOD_CONFIRMED_DATE` varchar(250) DEFAULT NULL,
  `REFERENCE` varchar(100) NOT NULL,
  `REFERENCE_NO` int(11) NOT NULL,
  `CANCELLED_BY` varchar(250) NOT NULL,
  `CANCELLED_BY_ID` int(11) NOT NULL,
  `CANCELLED_DATE` varchar(500) NOT NULL,
  `CANCELLED_DATE_TIME` varchar(500) NOT NULL,
  `CANCEL_NOTES` varchar(255) NOT NULL,
  `POSTAGE_CHECK` int(11) NOT NULL,
  `POSTAGE_PRICE` int(11) NOT NULL,
  `POSTAGE_GROUP_ID` int(11) NOT NULL,
  `ADDRESS_LINE1` varchar(1000) NOT NULL,
  `ADDRESS_LINE2` varchar(1000) NOT NULL,
  `CITY` varchar(1000) NOT NULL,
  `COUNTRY` varchar(1000) NOT NULL,
  `PINCODE` varchar(1000) NOT NULL,
  `PRINT_STATUS` int(11) NOT NULL DEFAULT '0',
  `FGLH_ID` int(11) NOT NULL
) ENGINE=MyISAM DEFAULT CHARSET=latin1;

-- --------------------------------------------------------

--
-- Table structure for table `event_receipt_category`
--

CREATE TABLE `event_receipt_category` (
  `ET_RECEIPT_CATEGORY_ID` int(11) NOT NULL,
  `ET_RECEIPT_CATEGORY_TYPE` varchar(250) NOT NULL,
  `ET_ACTIVE_RECEIPT_COUNTER_ID` int(11) NOT NULL
) ENGINE=MyISAM DEFAULT CHARSET=latin1;

--
-- Dumping data for table `event_receipt_category`
--

INSERT INTO `event_receipt_category` (`ET_RECEIPT_CATEGORY_ID`, `ET_RECEIPT_CATEGORY_TYPE`, `ET_ACTIVE_RECEIPT_COUNTER_ID`) VALUES
(1, 'Seva', 13),
(2, 'Donation/Kanike', 13),
(3, 'Hundi', 13),
(4, 'Inkind', 14);

-- --------------------------------------------------------

--
-- Table structure for table `event_receipt_counter`
--

CREATE TABLE `event_receipt_counter` (
  `ET_RECEIPT_COUNTER_ID` bigint(255) NOT NULL,
  `ET_ABBR1` varchar(250) NOT NULL,
  `ET_ABBR2` varchar(250) NOT NULL,
  `ET_RECEIPT_COUNTER` bigint(255) NOT NULL,
  `USER_ID` bigint(255) NOT NULL,
  `EVENT_ID` bigint(255) NOT NULL,
  `DATE_TIME` varchar(250) NOT NULL,
  `DATE` varchar(250) NOT NULL
) ENGINE=MyISAM DEFAULT CHARSET=latin1;

--
-- Dumping data for table `event_receipt_counter`
--

INSERT INTO `event_receipt_counter` (`ET_RECEIPT_COUNTER_ID`, `ET_ABBR1`, `ET_ABBR2`, `ET_RECEIPT_COUNTER`, `USER_ID`, `EVENT_ID`, `DATE_TIME`, `DATE`) VALUES
(14, 'RRR', 'RR', 0, 26, 4, '08-01-2024 10:51:49 AM', '08-01-2024'),
(13, 'RRR', 'RR', 0, 26, 4, '08-01-2024 10:51:49 AM', '08-01-2024'),
(12, 'TEST', 'TK', 0, 26, 3, '05-01-2024 16:26:31 PM', '05-01-2024'),
(11, 'TEST', 'TS', 0, 26, 3, '05-01-2024 16:26:31 PM', '05-01-2024'),
(7, 'AJM', 'SN', 0, 26, 1, '05-12-2023 09:07:58 AM', '05-12-2023'),
(8, 'AJM', 'IK', 0, 26, 1, '05-12-2023 09:07:58 AM', '05-12-2023'),
(9, 'BSM', 'SN', 0, 26, 2, '05-12-2023 09:17:08 AM', '05-12-2023'),
(10, 'BSM', 'IK', 0, 26, 2, '05-12-2023 09:17:08 AM', '05-12-2023');

-- --------------------------------------------------------

--
-- Table structure for table `event_seva`
--

CREATE TABLE `event_seva` (
  `ET_SEVA_ID` bigint(255) NOT NULL,
  `ET_SEVA_CODE` varchar(1000) NOT NULL,
  `ET_SEVA_NAME` varchar(1000) NOT NULL,
  `ET_ID` int(11) NOT NULL,
  `ET_SEVA_FROM_DATE_TIME` varchar(1000) NOT NULL,
  `ET_SEVA_TO_DATE_TIME` varchar(1000) NOT NULL,
  `ET_SEVA_DESC` varchar(10000) NOT NULL,
  `DATE_TIME` varchar(1000) NOT NULL,
  `DATE` varchar(1000) NOT NULL,
  `USER_ID` int(11) NOT NULL,
  `ET_SEVA_ACTIVE` int(11) NOT NULL,
  `ET_SEVA_QUANTITY_CHECKER` int(11) NOT NULL,
  `IS_SEVA` int(11) NOT NULL,
  `IS_TOKEN` int(11) NOT NULL,
  `RESTRICT_DATE` int(11) NOT NULL
) ENGINE=MyISAM DEFAULT CHARSET=latin1;

-- --------------------------------------------------------

--
-- Table structure for table `event_seva_change`
--

CREATE TABLE `event_seva_change` (
  `ET_SEVA_CHANGE_ID` int(11) NOT NULL,
  `DATE_TIME` varchar(1000) NOT NULL,
  `DATE` varchar(1000) NOT NULL,
  `ET_SEVA_ID` int(11) NOT NULL,
  `ET_CHANGED_BY` int(11) NOT NULL,
  `ET_SEVA_CHANGE_DESC` varchar(1000) NOT NULL
) ENGINE=MyISAM DEFAULT CHARSET=latin1;

-- --------------------------------------------------------

--
-- Table structure for table `event_seva_limit`
--

CREATE TABLE `event_seva_limit` (
  `ET_SL_ID` bigint(255) NOT NULL,
  `ET_SEVA_ID` bigint(255) NOT NULL,
  `ET_IS_SEVA` int(11) NOT NULL,
  `ET_SEVA_DATE` varchar(1000) NOT NULL,
  `ET_SEVA_LIMIT` int(11) NOT NULL,
  `ET_SEVA_COUNTER` int(11) NOT NULL,
  `DATE_TIME` varchar(250) NOT NULL,
  `DATE` varchar(250) NOT NULL,
  `USER_ID` int(11) NOT NULL
) ENGINE=MyISAM DEFAULT CHARSET=latin1;

-- --------------------------------------------------------

--
-- Table structure for table `event_seva_offered`
--

CREATE TABLE `event_seva_offered` (
  `ET_SO_ID` bigint(255) NOT NULL,
  `ET_SO_SEVA_NAME` varchar(1000) NOT NULL,
  `ET_SO_SEVA_ID` int(11) NOT NULL,
  `ET_SO_IS_SEVA` int(11) NOT NULL,
  `ET_SO_DATE` varchar(1000) DEFAULT NULL,
  `ET_SO_QUANTITY` int(11) DEFAULT NULL,
  `ET_SO_PRICE` int(11) NOT NULL,
  `ET_RECEIPT_ID` bigint(255) NOT NULL,
  `ET_UPDATED_SO_DATE` varchar(250) NOT NULL,
  `ET_UPDATED_BY_ID` int(11) NOT NULL
) ENGINE=MyISAM DEFAULT CHARSET=latin1;

-- --------------------------------------------------------

--
-- Table structure for table `event_seva_price`
--

CREATE TABLE `event_seva_price` (
  `ET_SEVA_PRICE_ID` bigint(255) NOT NULL,
  `ET_SEVA_PRICE_ACTIVE` int(11) NOT NULL,
  `DATE_TIME` varchar(1000) NOT NULL,
  `DATE` varchar(1000) NOT NULL,
  `USER_ID` int(11) NOT NULL,
  `ET_ID` int(11) NOT NULL,
  `ET_SEVA_ID` int(11) NOT NULL,
  `ET_SEVA_PRICE` int(11) NOT NULL
) ENGINE=MyISAM DEFAULT CHARSET=latin1;

-- --------------------------------------------------------

--
-- Table structure for table `event_user_collection`
--

CREATE TABLE `event_user_collection` (
  `EUC_ID` int(11) NOT NULL,
  `EUC_BY_ID` int(11) DEFAULT NULL,
  `EUC_BY_NAME` varchar(250) DEFAULT NULL,
  `EUC_EOD_DATE` date DEFAULT NULL,
  `ET_RECEIPT_ID` bigint(20) NOT NULL,
  `EUC_CHEQUE` int(11) NOT NULL,
  `EUC_CHEQUE_NO` varchar(100) NOT NULL,
  `EUC_CHEQUE_DATE` varchar(100) NOT NULL,
  `EUC_BANK_NAME` varchar(250) NOT NULL,
  `EUC_BRANCH_NAME` varchar(250) NOT NULL,
  `EUC_IS_DEPOSITED` int(11) NOT NULL,
  `EUC_LEDGER_ID` int(11) NOT NULL,
  `EUC_DATE_TIME` varchar(250) NOT NULL,
  `EUC_DATE` date NOT NULL,
  `EUC_DEPOSIT_DATE` date NOT NULL
) ENGINE=InnoDB DEFAULT CHARSET=latin1;

-- --------------------------------------------------------

--
-- Table structure for table `event_user_collection_history`
--

CREATE TABLE `event_user_collection_history` (
  `EUCH_ID` bigint(11) NOT NULL,
  `EUC_ID` int(11) NOT NULL,
  `EUCH_BY_ID` int(11) NOT NULL,
  `EUCH_BY_NAME` varchar(250) NOT NULL,
  `EUCH_DATE_TIME` varchar(250) NOT NULL,
  `EUCH_DATE` date NOT NULL
) ENGINE=InnoDB DEFAULT CHARSET=latin1;

-- --------------------------------------------------------

--
-- Table structure for table `finacial_group_ledger_heads`
--

CREATE TABLE `finacial_group_ledger_heads` (
  `FGLH_ID` int(255) NOT NULL,
  `FGLH_NAME` varchar(255) NOT NULL,
  `FGLH_PARENT_ID` int(255) NOT NULL,
  `PRIMARY_PARENT_CODE` varchar(10) NOT NULL,
  `LEDGER_PRIMARY_PARENT_CODE` varchar(10) NOT NULL,
  `TYPE_ID` varchar(1) NOT NULL,
  `LF_A` int(255) NOT NULL,
  `RG_A` int(255) NOT NULL,
  `LF_L` int(255) NOT NULL,
  `RG_L` int(255) NOT NULL,
  `LF_I` int(255) NOT NULL,
  `RG_I` int(255) NOT NULL,
  `LF_E` int(255) NOT NULL,
  `RG_E` int(255) NOT NULL,
  `LEVELS` varchar(255) NOT NULL,
  `STATUTORY_STATUS` int(11) NOT NULL,
  `OP_BAL` int(11) NOT NULL,
  `BANK_NAME` varchar(255) NOT NULL,
  `ACCOUNT_NO` varchar(255) NOT NULL,
  `BANK_BRANCH` varchar(255) NOT NULL,
  `BANK_LOCATION` varchar(255) NOT NULL,
  `BANK_IFSC_CODE` varchar(255) NOT NULL,
  `IS_JOURNAL_STATUS` int(255) NOT NULL,
  `COMP_ID` varchar(255) NOT NULL,
  `IS_TERMINAL` int(255) NOT NULL,
  `IS_FD_STATUS` int(11) NOT NULL,
  `FD_MATURITY_START_DATE` varchar(255) NOT NULL,
  `FD_MATURITY_END_DATE` varchar(255) NOT NULL,
  `FD_INTEREST_RATE` float NOT NULL
) ENGINE=InnoDB DEFAULT CHARSET=latin1;

--
-- Dumping data for table `finacial_group_ledger_heads`
--

INSERT INTO `finacial_group_ledger_heads` (`FGLH_ID`, `FGLH_NAME`, `FGLH_PARENT_ID`, `PRIMARY_PARENT_CODE`, `LEDGER_PRIMARY_PARENT_CODE`, `TYPE_ID`, `LF_A`, `RG_A`, `LF_L`, `RG_L`, `LF_I`, `RG_I`, `LF_E`, `RG_E`, `LEVELS`, `STATUTORY_STATUS`, `OP_BAL`, `BANK_NAME`, `ACCOUNT_NO`, `BANK_BRANCH`, `BANK_LOCATION`, `BANK_IFSC_CODE`, `IS_JOURNAL_STATUS`, `COMP_ID`, `IS_TERMINAL`, `IS_FD_STATUS`, `FD_MATURITY_START_DATE`, `FD_MATURITY_END_DATE`, `FD_INTEREST_RATE`) VALUES
(1, 'Asset', 0, '', '', 'A', 1, 732, 0, 0, 0, 0, 0, 0, 'MG', 1, 0, '', '', '', '', '', 0, '', 0, 0, '', '', 0),
(2, 'Liablities', 0, '', '', 'L', 0, 0, 1, 232, 0, 0, 0, 0, 'MG', 1, 0, '', '', '', '', '', 0, '', 0, 0, '', '', 0),
(3, 'Income', 0, '', '', 'I', 0, 0, 0, 0, 1, 74, 0, 0, 'MG', 1, 0, '', '', '', '', '', 0, '', 0, 0, '', '', 0),
(4, 'Expense', 0, '', '', 'E', 0, 0, 0, 0, 0, 0, 1, 92, 'MG', 1, 0, '', '', '', '', '', 0, '', 0, 0, '', '', 0),
(5, 'Current Asset', 1, '5', '', 'A', 130, 731, 0, 0, 0, 0, 0, 0, 'PG', 1, 0, '', '', '', '', '', 0, '', 0, 0, '', '', 0),
(6, 'Fixed Asset', 1, '6', '', 'A', 4, 129, 0, 0, 0, 0, 0, 0, 'PG', 1, 0, '', '', '', '', '', 0, '', 0, 0, '', '', 0),
(7, 'Cash and Bank Balance', 5, '', '5', 'A', 673, 730, 0, 0, 0, 0, 0, 0, 'SG', 1, 0, '', '', '', '', '', 0, '', 0, 0, '', '', 0),
(8, 'Cash in Hand', 7, '', '5', 'A', 720, 729, 0, 0, 0, 0, 0, 0, 'SG', 1, 0, '', '', '', '', '', 0, '', 0, 0, '', '', 0),
(9, 'Cash at Bank', 7, '', '5', 'A', 676, 719, 0, 0, 0, 0, 0, 0, 'SG', 1, 0, '', '', '', '', '', 0, '', 0, 0, '', '', 0),
(10, 'Deposit', 5, '', '5', 'A', 181, 672, 0, 0, 0, 0, 0, 0, 'SG', 1, 0, '', '', '', '', '', 0, '', 0, 0, '', '', 0),
(11, 'Current Liablities', 2, '11', '', 'L', 0, 0, 176, 231, 0, 0, 0, 0, 'PG', 1, 0, '', '', '', '', '', 0, '', 0, 0, '', '', 0),
(12, 'Fund of Trust', 2, '12', '', 'L', 0, 0, 164, 175, 0, 0, 0, 0, 'PG', 1, 0, '', '', '', '', '', 0, '', 0, 0, '', '', 0),
(13, 'Temple Collection', 3, '13', '', 'I', 0, 0, 0, 0, 44, 73, 0, 0, 'PG', 1, 0, '', '', '', '', '', 0, '', 0, 0, '', '', 0),
(14, 'Direct Incomes', 3, '14', '', 'I', 0, 0, 0, 0, 22, 43, 0, 0, 'PG', 1, 0, '', '', '', '', '', 0, '', 0, 0, '', '', 0),
(15, 'Direct Expense', 4, '15', '', 'E', 0, 0, 0, 0, 0, 0, 12, 91, 'PG', 1, 0, '', '', '', '', '', 0, '', 0, 0, '', '', 0),
(16, 'Indirect Expense', 4, '16', '', 'E', 0, 0, 0, 0, 0, 0, 6, 11, 'PG', 1, 0, '', '', '', '', '', 0, '', 0, 0, '', '', 0),
(17, 'Seva Collection', 13, '', '13', 'I', 0, 0, 0, 0, 57, 58, 0, 0, 'LG', 0, 1, '', '', '', '', '', 0, '1', 0, 0, '05-12-2023', '', 0),
(18, 'Donation Collection', 13, '', '13', 'I', 0, 0, 0, 0, 55, 56, 0, 0, 'LG', 0, 1, '', '', '', '', '', 0, '1', 0, 0, '05-12-2023', '', 0),
(19, 'Kanike Collection', 13, '', '13', 'I', 0, 0, 0, 0, 53, 54, 0, 0, 'LG', 0, 1, '', '', '', '', '', 0, '1', 0, 0, '05-12-2023', '', 0),
(20, 'Hundi Collection', 13, '', '13', 'I', 0, 0, 0, 0, 51, 52, 0, 0, 'LG', 0, 1, '', '', '', '', '', 0, '1', 0, 0, '05-12-2023', '', 0),
(21, 'Cash', 8, '', '5', 'A', 723, 724, 0, 0, 0, 0, 0, 0, 'LG', 0, 1, '', '', '', '', '', 1, '1,2', 0, 0, '05-12-2023', '', 0),
(22, 'Jeernodhara Kanike', 13, '', '13', 'I', 0, 0, 0, 0, 49, 50, 0, 0, 'LG', 0, 1, '', '', '', '', '', 0, '1', 0, 0, '05-12-2023', '', 0),
(23, 'Jeernodhara Hundi', 13, '', '13', 'I', 0, 0, 0, 0, 47, 48, 0, 0, 'LG', 0, 1, '', '', '', '', '', 0, '1', 0, 0, '05-12-2023', '', 0),
(24, 'General Fund', 12, '', '12', 'L', 0, 0, 169, 170, 0, 0, 0, 0, 'LG', 0, 1, '', '', '', '', '', 0, '1,2', 0, 0, '05-12-2023', '', 0),
(25, 'Shashwatha Seva Fund', 12, '', '12', 'L', 0, 0, 165, 166, 0, 0, 0, 0, 'LG', 0, 1, '', '', '', '', '', 0, '1', 0, 0, '05-12-2023', '', 0),
(26, 'Sri Ramanavami Samaradhana Fund Collections', 13, '', '13', 'I', 0, 0, 0, 0, 45, 46, 0, 0, 'LG', 0, 1, '', '', '', '', '', 0, '1', 0, 0, '05-12-2023', '', 0),
(27, 'Petty Cash', 8, '', '5', 'A', 721, 722, 0, 0, 0, 0, 0, 0, 'LG', 0, 1, '', '', '', '', '', 0, '1,2', 0, 0, '05-12-2023', '', 0),
(28, 'Event Collection', 3, '28', '', 'I', 0, 0, 0, 0, 2, 21, 0, 0, 'PG', 1, 0, '', '', '', '', '', 0, '', 0, 0, '', '', 0),
(29, 'Event Seva Collection', 28, '', '28', 'I', 0, 0, 0, 0, 9, 10, 0, 0, 'LG', 0, 1, '', '', '', '', '', 0, '2', 0, 0, '05-12-2023', '', 0),
(30, 'Event DonationKanike Collection', 28, '', '28', 'I', 0, 0, 0, 0, 7, 8, 0, 0, 'LG', 0, 1, '', '', '', '', '', 0, '2', 0, 0, '05-12-2023', '', 0),
(31, 'Event Hundi Collection', 28, '', '28', 'I', 0, 0, 0, 0, 5, 6, 0, 0, 'LG', 0, 1, '', '', '', '', '', 0, '2', 0, 0, '05-12-2023', '', 0);

-- --------------------------------------------------------

--
-- Table structure for table `finacial_group_ledger_heads_old`
--

CREATE TABLE `finacial_group_ledger_heads_old` (
  `FGLH_ID` int(255) NOT NULL,
  `FGLH_NAME` varchar(255) NOT NULL,
  `FGLH_PARENT_ID` int(255) NOT NULL,
  `PRIMARY_PARENT_CODE` varchar(10) NOT NULL,
  `LEDGER_PRIMARY_PARENT_CODE` varchar(10) NOT NULL,
  `TYPE_ID` varchar(1) NOT NULL,
  `LF_A` int(255) NOT NULL,
  `RG_A` int(255) NOT NULL,
  `LF_L` int(255) NOT NULL,
  `RG_L` int(255) NOT NULL,
  `LF_I` int(255) NOT NULL,
  `RG_I` int(255) NOT NULL,
  `LF_E` int(255) NOT NULL,
  `RG_E` int(255) NOT NULL,
  `LEVELS` varchar(255) NOT NULL,
  `STATUTORY_STATUS` int(11) NOT NULL,
  `OP_BAL` int(11) NOT NULL,
  `BANK_NAME` varchar(255) NOT NULL,
  `ACCOUNT_NO` varchar(255) NOT NULL,
  `BANK_BRANCH` varchar(255) NOT NULL,
  `BANK_LOCATION` varchar(255) NOT NULL,
  `BANK_IFSC_CODE` varchar(255) NOT NULL,
  `IS_JOURNAL_STATUS` int(255) NOT NULL,
  `COMP_ID` varchar(255) NOT NULL
) ENGINE=InnoDB DEFAULT CHARSET=latin1;

--
-- Dumping data for table `finacial_group_ledger_heads_old`
--

INSERT INTO `finacial_group_ledger_heads_old` (`FGLH_ID`, `FGLH_NAME`, `FGLH_PARENT_ID`, `PRIMARY_PARENT_CODE`, `LEDGER_PRIMARY_PARENT_CODE`, `TYPE_ID`, `LF_A`, `RG_A`, `LF_L`, `RG_L`, `LF_I`, `RG_I`, `LF_E`, `RG_E`, `LEVELS`, `STATUTORY_STATUS`, `OP_BAL`, `BANK_NAME`, `ACCOUNT_NO`, `BANK_BRANCH`, `BANK_LOCATION`, `BANK_IFSC_CODE`, `IS_JOURNAL_STATUS`, `COMP_ID`) VALUES
(1, 'Asset', 0, '', '', 'A', 1, 28, 0, 0, 0, 0, 0, 0, 'MG', 1, 0, '', '', '', '', '', 0, ''),
(2, 'Liablities', 0, '', '', 'L', 0, 0, 1, 10, 0, 0, 0, 0, 'MG', 1, 0, '', '', '', '', '', 0, ''),
(3, 'Income', 0, '', '', 'I', 0, 0, 0, 0, 1, 28, 0, 0, 'MG', 1, 0, '', '', '', '', '', 0, ''),
(4, 'Expense', 0, '', '', 'E', 0, 0, 0, 0, 0, 0, 1, 6, 'MG', 1, 0, '', '', '', '', '', 0, ''),
(5, 'Current Asset', 1, '5', '', 'A', 4, 27, 0, 0, 0, 0, 0, 0, 'PG', 1, 0, '', '', '', '', '', 0, ''),
(6, 'Fixed Asset', 1, '6', '', 'A', 2, 3, 0, 0, 0, 0, 0, 0, 'PG', 1, 0, '', '', '', '', '', 0, ''),
(7, 'Cash and Bank Balance', 5, '', '5', 'A', 7, 26, 0, 0, 0, 0, 0, 0, 'SG', 1, 0, '', '', '', '', '', 0, ''),
(8, 'Cash in Hand', 7, '', '5', 'A', 20, 25, 0, 0, 0, 0, 0, 0, 'SG', 1, 0, '', '', '', '', '', 0, ''),
(9, 'Cash at Bank', 7, '', '5', 'A', 8, 19, 0, 0, 0, 0, 0, 0, 'SG', 1, 0, '', '', '', '', '', 0, ''),
(10, 'Deposit', 5, '', '5', 'A', 5, 6, 0, 0, 0, 0, 0, 0, 'SG', 1, 0, '', '', '', '', '', 0, ''),
(11, 'Current Liablities', 2, '11', '', 'L', 0, 0, 8, 9, 0, 0, 0, 0, 'PG', 1, 0, '', '', '', '', '', 0, ''),
(12, 'Fund of Trust', 2, '12', '', 'L', 0, 0, 2, 7, 0, 0, 0, 0, 'PG', 1, 0, '', '', '', '', '', 0, ''),
(13, 'Temple Collection', 3, '13', '', 'I', 0, 0, 0, 0, 12, 27, 0, 0, 'PG', 1, 0, '', '', '', '', '', 0, ''),
(14, 'Other Incomes', 3, '14', '', 'I', 0, 0, 0, 0, 10, 11, 0, 0, 'PG', 1, 0, '', '', '', '', '', 0, ''),
(15, 'Direct Expense', 4, '15', '', 'E', 0, 0, 0, 0, 0, 0, 4, 5, 'PG', 1, 0, '', '', '', '', '', 0, ''),
(16, 'Indirect Expense', 4, '16', '', 'E', 0, 0, 0, 0, 0, 0, 2, 3, 'PG', 1, 0, '', '', '', '', '', 0, ''),
(17, 'Seva Collection', 13, '', '13', 'I', 0, 0, 0, 0, 25, 26, 0, 0, 'LG', 1, 1, '', '', '', '', '', 0, '1'),
(18, 'Donation Collection', 13, '', '13', 'I', 0, 0, 0, 0, 23, 24, 0, 0, 'LG', 1, 1, '', '', '', '', '', 0, '1'),
(19, 'Kanike Collection', 13, '', '13', 'I', 0, 0, 0, 0, 21, 22, 0, 0, 'LG', 1, 1, '', '', '', '', '', 0, '1'),
(20, 'Hundi Collection', 13, '', '13', 'I', 0, 0, 0, 0, 19, 20, 0, 0, 'LG', 1, 1, '', '', '', '', '', 0, '1'),
(21, 'Cash', 8, '', '5', 'A', 21, 22, 0, 0, 0, 0, 0, 0, 'LG', 1, 1, '', '', '', '', '', 0, '1,2,3,4'),
(22, 'Jeernodhara Kanike', 13, '', '13', 'I', 0, 0, 0, 0, 17, 18, 0, 0, 'LG', 1, 1, '', '', '', '', '', 0, '2'),
(23, 'Jeernodhara Hundi', 13, '', '13', 'I', 0, 0, 0, 0, 15, 16, 0, 0, 'LG', 1, 1, '', '', '', '', '', 0, '2'),
(24, 'General Fund', 12, '', '12', 'L', 0, 0, 5, 6, 0, 0, 0, 0, 'LG', 1, 1, '', '', '', '', '', 0, '1,2,3,4'),
(25, 'Shashwatha Seva Fund', 12, '', '12', 'L', 0, 0, 3, 4, 0, 0, 0, 0, 'LG', 1, 1, '', '', '', '', '', 0, '1'),
(26, 'Sri Ramanavami Samaradhana Fund Collections', 13, '', '13', 'I', 0, 0, 0, 0, 13, 14, 0, 0, 'LG', 1, 1, '', '', '', '', '', 0, '1'),
(27, 'Petty Cash', 8, '', '5', 'A', 23, 24, 0, 0, 0, 0, 0, 0, 'LG', 1, 1, '', '', '', '', '', 0, '1,2,3,4'),
(28, 'Event Collection', 3, '28', '', 'I', 0, 0, 0, 0, 2, 9, 0, 0, 'PG', 1, 0, '', '', '', '', '', 0, ''),
(29, 'Event Seva Collection', 28, '', '28', 'I', 0, 0, 0, 0, 7, 8, 0, 0, 'LG', 1, 1, '', '', '', '', '', 0, '3'),
(30, 'Event Donation/Kanike Collection', 28, '', '28', 'I', 0, 0, 0, 0, 5, 6, 0, 0, 'LG', 1, 1, '', '', '', '', '', 0, '3'),
(31, 'Event Hundi Collection', 28, '', '28', 'I', 0, 0, 0, 0, 3, 4, 0, 0, 'LG', 1, 1, '', '', '', '', '', 0, '3'),
(32, 'Canara Bank Town Br Jeernodhara', 9, '', '5', 'A', 17, 18, 0, 0, 0, 0, 0, 0, 'LG', 0, 1, 'Canara Bank', '0630101062474', 'Town Branch', 'Udupi', 'CNRB0000630', 1, '2'),
(33, 'Canara Bank Car Street Temple', 9, '', '5', 'A', 15, 16, 0, 0, 0, 0, 0, 0, 'LG', 0, 1, 'Canara Bank', '01092200001182', 'Car Street', 'Udupi', 'CNRB0010109', 1, '1'),
(34, 'Union Bank of India Udupi', 9, '', '5', 'A', 13, 14, 0, 0, 0, 0, 0, 0, 'LG', 0, 1, 'Union Bank', '520101000010797', 'Udupi', 'Udupi', 'UBIN0900010', 1, '1'),
(35, 'NKGSB Bank Udupi', 9, '', '5', 'A', 11, 12, 0, 0, 0, 0, 0, 0, 'LG', 0, 1, 'NKGSB Bank ', '083100100000001', 'Udupi', 'Udupi', 'NKGS0000083', 1, '1'),
(36, 'Canara Bank Town Br Temple', 9, '', '5', 'A', 9, 10, 0, 0, 0, 0, 0, 0, 'LG', 0, 1, 'Canara Bank', '0630101006001', 'Town Branch', 'Udupi', 'CNRB0000630', 1, '1');

-- --------------------------------------------------------

--
-- Table structure for table `finance_cheque_book_details`
--

CREATE TABLE `finance_cheque_book_details` (
  `FCBD_ID` int(11) NOT NULL,
  `FGLH_ID` int(11) NOT NULL,
  `CHEQUE_BOOK_NO` varchar(255) NOT NULL,
  `CHEQUE_BOOK_NAME` varchar(255) NOT NULL,
  `FROM_NO` varchar(255) NOT NULL,
  `TO_NO` varchar(255) NOT NULL,
  `NO_OF_CHEQUE` int(25) NOT NULL,
  `FCBD_STATUS` varchar(255) NOT NULL
) ENGINE=InnoDB DEFAULT CHARSET=latin1;

-- --------------------------------------------------------

--
-- Table structure for table `finance_cheque_detail`
--

CREATE TABLE `finance_cheque_detail` (
  `FCD_ID` int(12) NOT NULL,
  `FCBD_ID` int(12) NOT NULL,
  `CHEQUE_NO` varchar(255) NOT NULL,
  `FLT_DATE` varchar(255) NOT NULL,
  `FAVOURING_NAME` varchar(255) NOT NULL,
  `FCD_STATUS` varchar(255) NOT NULL,
  `VOUCHER_NO` varchar(255) NOT NULL,
  `CHEQUE_DATE` varchar(255) NOT NULL,
  `RECONCILED_DATE` varchar(255) NOT NULL,
  `CHEQUE_CANCELLED_NOTES` varchar(255) NOT NULL,
  `USER_ID` int(11) NOT NULL,
  `IS_MULTI_PAYMENT` int(11) NOT NULL
) ENGINE=InnoDB DEFAULT CHARSET=latin1;

-- --------------------------------------------------------

--
-- Table structure for table `finance_committee`
--

CREATE TABLE `finance_committee` (
  `COMP_ID` int(255) NOT NULL,
  `COMP_NAME` varchar(255) NOT NULL
) ENGINE=InnoDB DEFAULT CHARSET=latin1;

-- --------------------------------------------------------

--
-- Table structure for table `finance_prerequisites`
--

CREATE TABLE `finance_prerequisites` (
  `FP_ID` int(11) NOT NULL,
  `FP_FIN_BEGIN_DATE` varchar(255) NOT NULL,
  `FP_BOOKS_BEGIN_DATE` varchar(255) NOT NULL,
  `DATE_TIME` varchar(255) NOT NULL,
  `USER_ID` int(11) NOT NULL
) ENGINE=InnoDB DEFAULT CHARSET=latin1;

-- --------------------------------------------------------

--
-- Table structure for table `finance_voucher_counter`
--

CREATE TABLE `finance_voucher_counter` (
  `FVC_ID` int(11) NOT NULL,
  `FVC_NAME` varchar(255) NOT NULL,
  `FVC_ABBR1` varchar(255) NOT NULL,
  `FVC_ABBR2` varchar(255) NOT NULL,
  `FVC_COUNTER` int(11) NOT NULL
) ENGINE=InnoDB DEFAULT CHARSET=latin1;

--
-- Dumping data for table `finance_voucher_counter`
--

INSERT INTO `finance_voucher_counter` (`FVC_ID`, `FVC_NAME`, `FVC_ABBR1`, `FVC_ABBR2`, `FVC_COUNTER`) VALUES
(1, 'Receipt', 'SLVT', 'R', 0),
(2, 'Payment(Petty Cash)', 'SLVT', 'P_PC', 0),
(3, 'Payment(Bank)', 'SLVT', 'P_B', 0),
(4, 'Contra', 'SLVT', 'C', 0),
(5, 'Journal', 'SLVT', 'J', 0);

-- --------------------------------------------------------

--
-- Table structure for table `financial_head`
--

CREATE TABLE `financial_head` (
  `FH_ID` int(11) NOT NULL,
  `FH_NAME` varchar(500) NOT NULL,
  `FH_ACTIVE` int(11) NOT NULL,
  `T_FGLH_ID` int(11) NOT NULL,
  `T_COMP_ID` int(11) NOT NULL,
  `FH_ACTIVE_HEAD_COUNTER_ID` int(11) NOT NULL,
  `FH_BY_ID` int(11) NOT NULL,
  `FH_BY_NAME` varchar(250) NOT NULL,
  `DATE_TIME` varchar(250) NOT NULL,
  `DATE` varchar(250) NOT NULL
) ENGINE=InnoDB DEFAULT CHARSET=latin1;

-- --------------------------------------------------------

--
-- Table structure for table `financial_head_counter`
--

CREATE TABLE `financial_head_counter` (
  `HEAD_COUNTER_ID` int(11) NOT NULL,
  `ABBR1` varchar(250) NOT NULL,
  `ABBR2` varchar(250) NOT NULL,
  `RECEIPT_COUNTER` int(11) NOT NULL,
  `FHC_BY_ID` int(11) NOT NULL,
  `FHC_BY_NAME` varchar(500) NOT NULL,
  `DATE` varchar(250) NOT NULL,
  `DATE_TIME` varchar(250) NOT NULL
) ENGINE=InnoDB DEFAULT CHARSET=latin1;

--
-- Dumping data for table `financial_head_counter`
--

INSERT INTO `financial_head_counter` (`HEAD_COUNTER_ID`, `ABBR1`, `ABBR2`, `RECEIPT_COUNTER`, `FHC_BY_ID`, `FHC_BY_NAME`, `DATE`, `DATE_TIME`) VALUES
(1, 'SLVSST', 'SN', 0, 26, 'Dev', '08-05-2018 11:01:11 AM', '08-05-18');

-- --------------------------------------------------------

--
-- Table structure for table `financial_ledger_transcations`
--

CREATE TABLE `financial_ledger_transcations` (
  `FLT_ID` int(255) NOT NULL,
  `FGLH_ID` int(255) NOT NULL,
  `VOUCHER_NO` varchar(255) NOT NULL,
  `FLT_DR` decimal(15,2) NOT NULL,
  `FLT_CR` decimal(15,2) NOT NULL,
  `FLT_DATE` varchar(255) NOT NULL,
  `FLT_DATE_TIME` varchar(255) NOT NULL,
  `FLT_NARRATION` varchar(255) NOT NULL,
  `RP_TYPE` varchar(255) NOT NULL,
  `FLT_USER_ID` int(11) NOT NULL,
  `RECEIPT_ID` int(255) NOT NULL,
  `PAYMENT_METHOD` varchar(100) NOT NULL,
  `RECEIPT_FAVOURING_NAME` varchar(255) NOT NULL,
  `COMP_ID` varchar(255) NOT NULL,
  `PC_PAY_GROUP` varchar(255) NOT NULL,
  `CASH_DEPOSITED_STATUS` varchar(255) NOT NULL,
  `CASH_DEPOSITED_DATE` varchar(255) NOT NULL,
  `CHEQUE_NO` varchar(100) NOT NULL,
  `FLT_DEPOSIT_PAYMENT_DATE` varchar(255) NOT NULL,
  `BANK_NAME` varchar(255) NOT NULL,
  `BRANCH_NAME` varchar(255) NOT NULL,
  `CHEQUE_DATE` varchar(100) NOT NULL,
  `RECEIPT_CHEQUE_CANCEL_NOTES` varchar(255) NOT NULL,
  `CHEQUE_RECONCILED_DATE` varchar(100) NOT NULL,
  `RECONCILED_DATE_TIME` varchar(255) NOT NULL,
  `RECONCILED_BY` varchar(255) NOT NULL,
  `PAYMENT_STATUS` varchar(100) NOT NULL,
  `TRANSACTION_STATUS` varchar(255) NOT NULL DEFAULT 'Active'
) ENGINE=InnoDB DEFAULT CHARSET=latin1;

-- --------------------------------------------------------

--
-- Table structure for table `financial_year`
--

CREATE TABLE `financial_year` (
  `MONTH_IN_WORDS` varchar(150) NOT NULL,
  `MONTH_IN_NUMBER` int(11) NOT NULL,
  `MONTH_IN_YEAR` int(11) NOT NULL,
  `LAST_CHANGED_DATE` varchar(255) NOT NULL,
  `LAST_CHANGED_DATE_TIME` varchar(255) NOT NULL,
  `LAST_CHANGED_BY` varchar(255) NOT NULL
) ENGINE=InnoDB DEFAULT CHARSET=latin1;

--
-- Dumping data for table `financial_year`
--

INSERT INTO `financial_year` (`MONTH_IN_WORDS`, `MONTH_IN_NUMBER`, `MONTH_IN_YEAR`, `LAST_CHANGED_DATE`, `LAST_CHANGED_DATE_TIME`, `LAST_CHANGED_BY`) VALUES
('April', 4, 2024, '', '', '');

-- --------------------------------------------------------

--
-- Table structure for table `finnancial_heads_history`
--

CREATE TABLE `finnancial_heads_history` (
  `FHH_ID` int(255) NOT NULL,
  `FGLH_ID` int(255) NOT NULL,
  `FGLH_NAME` varchar(255) NOT NULL,
  `USER_ID` int(255) NOT NULL,
  `OPERATION` varchar(255) NOT NULL,
  `LEVELS` varchar(255) NOT NULL,
  `COMP_ID` varchar(255) NOT NULL,
  `OLD_OP_BAL` varchar(255) NOT NULL,
  `DATE` varchar(255) NOT NULL,
  `DATE_TIME` varchar(255) NOT NULL,
  `OLD_FGLH_PARENT_ID` int(11) NOT NULL
) ENGINE=InnoDB DEFAULT CHARSET=latin1;

-- --------------------------------------------------------

--
-- Table structure for table `function`
--

CREATE TABLE `function` (
  `FN_ID` bigint(255) NOT NULL,
  `FN_NAME` varchar(250) NOT NULL,
  `FN_DESC` varchar(500) NOT NULL,
  `CREATED_BY_ID` int(11) NOT NULL,
  `DATE_TIME` varchar(100) NOT NULL,
  `DATE` varchar(100) NOT NULL
) ENGINE=MyISAM DEFAULT CHARSET=latin1;

--
-- Dumping data for table `function`
--

INSERT INTO `function` (`FN_ID`, `FN_NAME`, `FN_DESC`, `CREATED_BY_ID`, `DATE_TIME`, `DATE`) VALUES
(1, 'Marriage', '', 31, '', ''),
(2, 'Reception', '', 31, '', ''),
(3, 'Birthday', '', 31, '', ''),
(4, 'Function', '', 26, '08-08-2018 12:20:57 PM', '08-08-18');

-- --------------------------------------------------------

--
-- Table structure for table `group_menu`
--

CREATE TABLE `group_menu` (
  `GM_ID` bigint(255) NOT NULL,
  `GROUP_ID` int(11) NOT NULL,
  `M_ID` int(11) NOT NULL,
  `P_ID` int(11) NOT NULL,
  `STATUS` int(11) NOT NULL
) ENGINE=InnoDB DEFAULT CHARSET=latin1;

--
-- Dumping data for table `group_menu`
--

INSERT INTO `group_menu` (`GM_ID`, `GROUP_ID`, `M_ID`, `P_ID`, `STATUS`) VALUES
(1, 6, 6, 28, 1),
(2, 1, 1, 1, 1),
(3, 1, 2, 2, 1),
(4, 1, 4, 12, 1),
(5, 1, 3, 4, 1),
(6, 6, 1, 1, 1),
(7, 6, 2, 2, 1),
(8, 6, 3, 3, 1),
(9, 6, 3, 4, 1),
(10, 6, 3, 5, 1),
(11, 6, 3, 6, 1),
(12, 6, 3, 7, 1),
(13, 6, 3, 8, 1),
(14, 6, 3, 9, 1),
(15, 6, 3, 10, 1),
(16, 6, 3, 11, 1),
(17, 6, 4, 12, 1),
(18, 6, 4, 13, 1),
(19, 6, 4, 14, 1),
(20, 6, 4, 15, 1),
(21, 6, 4, 16, 1),
(22, 6, 4, 17, 1),
(23, 6, 4, 18, 1),
(24, 6, 5, 19, 1),
(25, 6, 5, 20, 1),
(26, 6, 5, 21, 1),
(27, 6, 5, 22, 1),
(28, 6, 5, 23, 1),
(29, 6, 6, 24, 1),
(30, 6, 6, 25, 1),
(31, 6, 6, 26, 1),
(32, 6, 6, 27, 1),
(33, 6, 6, 29, 1),
(34, 6, 6, 30, 1),
(35, 6, 6, 31, 1),
(36, 6, 7, 32, 1),
(37, 6, 7, 33, 1),
(38, 6, 7, 34, 1),
(39, 6, 7, 35, 1),
(40, 6, 7, 36, 1),
(41, 6, 7, 37, 1),
(42, 6, 8, 38, 1),
(43, 6, 8, 39, 1),
(44, 3, 2, 2, 1),
(45, 3, 1, 1, 1),
(46, 3, 4, 12, 1),
(47, 3, 8, 38, 1),
(48, 3, 8, 39, 1),
(49, 3, 3, 3, 1),
(50, 3, 3, 4, 1),
(51, 3, 3, 5, 1),
(52, 3, 3, 6, 1),
(53, 3, 3, 7, 1),
(54, 3, 3, 8, 1),
(55, 3, 3, 9, 1),
(56, 3, 3, 10, 1),
(57, 3, 3, 11, 1),
(58, 3, 4, 13, 1),
(59, 3, 4, 14, 0),
(60, 3, 4, 15, 0),
(61, 3, 4, 16, 0),
(62, 3, 4, 17, 0),
(63, 3, 4, 18, 0),
(64, 3, 5, 19, 0),
(65, 3, 5, 20, 0),
(66, 1, 6, 24, 1),
(67, 1, 6, 25, 1),
(68, 1, 6, 26, 1),
(69, 1, 6, 27, 1),
(70, 1, 6, 28, 1),
(71, 1, 6, 29, 1),
(72, 1, 6, 30, 1),
(73, 1, 6, 31, 1),
(74, 2, 1, 1, 1),
(75, 2, 2, 2, 1),
(76, 2, 3, 3, 1),
(77, 2, 3, 4, 1),
(78, 2, 3, 5, 1),
(79, 2, 3, 6, 1),
(80, 2, 3, 7, 1),
(81, 2, 3, 8, 1),
(82, 2, 3, 9, 1),
(83, 2, 3, 10, 1),
(84, 2, 3, 11, 1),
(85, 2, 4, 12, 1),
(86, 2, 4, 13, 1),
(87, 2, 4, 14, 1),
(88, 2, 4, 15, 1),
(89, 2, 4, 16, 1),
(90, 2, 4, 17, 1),
(91, 2, 4, 18, 1),
(92, 2, 5, 19, 1),
(93, 2, 5, 20, 1),
(94, 2, 5, 21, 1),
(95, 2, 5, 22, 1),
(96, 2, 5, 23, 1),
(97, 2, 6, 24, 1),
(98, 2, 6, 25, 0),
(99, 2, 7, 34, 0),
(100, 2, 8, 38, 1),
(101, 2, 8, 39, 1),
(102, 4, 1, 1, 1),
(103, 4, 2, 2, 1),
(104, 4, 3, 3, 1),
(105, 4, 3, 4, 0),
(106, 4, 3, 5, 1),
(107, 4, 3, 6, 1),
(108, 4, 3, 7, 1),
(109, 4, 3, 8, 0),
(110, 4, 3, 9, 0),
(111, 4, 3, 10, 0),
(112, 4, 3, 11, 1),
(113, 4, 4, 12, 1),
(114, 4, 4, 13, 1),
(115, 4, 4, 14, 1),
(116, 4, 4, 15, 1),
(117, 4, 4, 16, 1),
(118, 4, 4, 17, 1),
(119, 4, 4, 18, 1),
(120, 4, 8, 38, 1),
(121, 4, 8, 39, 1),
(122, 1, 3, 3, 1),
(123, 1, 3, 5, 1),
(124, 1, 3, 6, 1),
(125, 1, 3, 7, 1),
(126, 1, 3, 8, 1),
(127, 1, 3, 9, 1),
(128, 1, 3, 10, 1),
(129, 1, 3, 11, 1),
(130, 1, 4, 13, 1),
(131, 1, 4, 14, 1),
(132, 1, 4, 15, 1),
(133, 1, 4, 16, 1),
(134, 1, 4, 17, 1),
(135, 1, 4, 18, 1),
(136, 1, 7, 34, 1),
(137, 1, 7, 35, 1),
(138, 1, 7, 36, 1),
(139, 1, 8, 38, 1),
(140, 1, 8, 39, 1),
(141, 6, 7, 40, 1),
(142, 6, 7, 41, 1),
(143, 6, 9, 42, 1),
(144, 6, 6, 43, 1),
(145, 6, 9, 44, 1),
(146, 1, 9, 42, 1),
(147, 1, 6, 43, 1),
(148, 1, 9, 44, 1),
(149, 2, 9, 42, 1),
(150, 2, 9, 44, 1),
(151, 4, 9, 42, 1),
(152, 2, 7, 41, 1),
(153, 1, 7, 41, 1),
(154, 6, 4, 45, 1),
(155, 2, 4, 45, 1),
(156, 1, 4, 45, 1),
(157, 6, 10, 46, 1),
(158, 6, 10, 47, 1),
(159, 6, 4, 48, 1),
(160, 6, 3, 49, 1),
(161, 6, 11, 50, 1),
(162, 6, 6, 51, 1),
(163, 2, 3, 49, 1),
(164, 1, 7, 32, 1),
(165, 1, 7, 33, 1),
(166, 1, 7, 37, 1),
(167, 1, 10, 46, 1),
(168, 1, 10, 47, 1),
(169, 1, 4, 48, 1),
(170, 1, 3, 49, 1),
(171, 1, 11, 50, 1),
(172, 6, 12, 52, 1),
(173, 6, 13, 53, 1),
(174, 6, 13, 54, 1),
(175, 6, 13, 55, 1),
(176, 6, 14, 56, 1),
(177, 6, 14, 57, 1),
(178, 6, 14, 58, 1),
(179, 2, 12, 52, 1),
(180, 4, 12, 52, 1),
(181, 6, 1, 68, 1),
(182, 6, 1, 69, 1),
(183, 6, 1, 70, 1),
(184, 6, 1, 71, 1),
(185, 2, 1, 68, 1),
(186, 2, 1, 69, 1),
(187, 2, 1, 70, 1),
(188, 2, 1, 71, 1),
(189, 1, 1, 68, 1),
(190, 1, 1, 69, 1),
(191, 1, 1, 70, 1),
(192, 1, 1, 71, 1),
(193, 4, 14, 56, 1),
(194, 4, 14, 57, 1),
(195, 4, 14, 58, 1),
(196, 6, 4, 72, 1),
(197, 2, 4, 72, 1),
(198, 3, 9, 42, 1),
(199, 3, 1, 68, 1),
(200, 3, 1, 70, 1),
(201, 3, 1, 71, 1),
(202, 3, 4, 72, 0),
(203, 3, 4, 45, 1),
(204, 3, 4, 48, 0),
(205, 6, 1, 60, 1),
(206, 6, 1, 61, 1),
(207, 6, 1, 62, 1),
(208, 6, 1, 63, 1),
(209, 6, 6, 64, 1),
(210, 6, 6, 65, 1),
(211, 6, 6, 66, 1),
(212, 2, 1, 60, 1),
(213, 2, 1, 61, 0),
(214, 2, 1, 62, 1),
(215, 2, 1, 63, 1),
(216, 2, 6, 64, 1),
(217, 2, 6, 65, 1),
(218, 2, 6, 66, 1),
(219, 4, 1, 60, 1),
(220, 4, 1, 62, 1),
(221, 4, 1, 63, 1),
(222, 4, 6, 64, 1),
(223, 4, 6, 65, 1),
(224, 4, 6, 66, 1),
(225, 2, 13, 53, 1),
(226, 2, 13, 54, 0),
(227, 2, 13, 55, 0),
(228, 6, 13, 73, 1),
(229, 6, 14, 74, 1),
(230, 2, 14, 56, 1),
(231, 2, 14, 74, 1),
(232, 2, 13, 73, 1),
(233, 1, 6, 64, 1),
(234, 1, 6, 65, 1),
(235, 2, 7, 37, 1),
(236, 1, 1, 60, 1),
(237, 1, 1, 61, 1),
(238, 1, 1, 62, 1),
(239, 1, 1, 63, 1),
(240, 1, 15, 66, 1),
(241, 4, 6, 24, 0),
(242, 2, 6, 75, 1),
(243, 4, 6, 75, 1),
(244, 1, 6, 75, 1),
(245, 2, 6, 75, 1),
(246, 4, 6, 75, 1),
(247, 6, 6, 75, 1),
(248, 6, 8, 76, 1),
(249, 1, 8, 76, 1),
(250, 6, 6, 77, 1),
(251, 1, 6, 77, 1),
(252, 2, 6, 77, 1),
(253, 2, 8, 76, 1),
(254, 6, 17, 78, 1),
(255, 6, 17, 79, 1),
(256, 6, 17, 80, 1),
(257, 6, 17, 81, 1),
(258, 6, 17, 82, 1),
(259, 6, 17, 83, 1),
(260, 6, 17, 84, 1),
(261, 6, 17, 85, 1),
(262, 6, 17, 86, 1),
(263, 6, 17, 87, 1),
(264, 6, 17, 88, 1),
(265, 6, 6, 89, 1),
(266, 6, 6, 90, 1),
(267, 6, 6, 91, 1),
(268, 6, 17, 92, 1),
(269, 6, 17, 93, 1),
(270, 1, 6, 89, 1),
(271, 1, 6, 90, 1),
(272, 1, 6, 91, 1),
(273, 1, 17, 78, 1),
(274, 1, 17, 79, 1),
(275, 1, 17, 80, 1),
(276, 1, 17, 81, 1),
(277, 1, 17, 82, 1),
(278, 1, 17, 83, 1),
(279, 1, 17, 84, 1),
(280, 1, 17, 85, 1),
(281, 1, 17, 92, 1),
(282, 1, 17, 86, 1),
(283, 1, 17, 87, 1),
(284, 1, 17, 88, 1),
(285, 1, 17, 93, 1),
(286, 2, 6, 26, 1),
(287, 2, 6, 89, 0),
(288, 2, 6, 90, 0),
(289, 2, 6, 40, 0),
(290, 2, 6, 43, 1),
(291, 2, 17, 78, 1),
(292, 2, 17, 92, 1),
(293, 2, 6, 91, 1),
(294, 2, 6, 91, 0),
(295, 2, 7, 35, 1),
(296, 2, 17, 79, 1),
(297, 2, 17, 80, 1),
(298, 2, 17, 81, 1),
(299, 2, 17, 93, 1),
(300, 2, 17, 86, 0),
(301, 2, 17, 87, 0),
(302, 1, 4, 72, 1),
(303, 6, 4, 94, 1),
(304, 2, 4, 94, 1),
(305, 2, 4, 48, 0),
(306, 5, 4, 12, 0),
(307, 5, 4, 13, 0),
(308, 5, 4, 18, 0),
(309, 5, 4, 45, 0),
(310, 3, 8, 76, 1),
(311, 3, 3, 49, 1),
(312, 3, 1, 60, 1),
(313, 3, 7, 32, 1),
(314, 3, 7, 33, 1),
(315, 3, 7, 34, 1),
(316, 3, 9, 44, 1),
(317, 3, 10, 46, 1),
(318, 3, 10, 47, 1),
(319, 3, 11, 50, 1),
(320, 3, 4, 94, 1),
(321, 3, 14, 56, 1),
(322, 3, 13, 53, 1),
(323, 3, 13, 73, 1);

-- --------------------------------------------------------

--
-- Table structure for table `group_menu_history`
--

CREATE TABLE `group_menu_history` (
  `GMH_ID` int(11) NOT NULL,
  `P_ID` int(11) NOT NULL,
  `GROUP_ID` int(11) NOT NULL,
  `ASSIGNED_BY_ID` int(11) NOT NULL,
  `DATE` varchar(100) NOT NULL,
  `DATE_TIME` varchar(100) NOT NULL,
  `ASSIGNED_STATUS` int(11) NOT NULL,
  `ACTIVE_STATUS` int(11) NOT NULL
) ENGINE=InnoDB DEFAULT CHARSET=latin1;

-- --------------------------------------------------------

--
-- Table structure for table `group_rights`
--

CREATE TABLE `group_rights` (
  `GR_ID` bigint(255) NOT NULL,
  `GROUP_ID` int(11) NOT NULL,
  `R_ID` int(11) NOT NULL
) ENGINE=MyISAM DEFAULT CHARSET=latin1;

--
-- Dumping data for table `group_rights`
--

INSERT INTO `group_rights` (`GR_ID`, `GROUP_ID`, `R_ID`) VALUES
(37, 6, 1),
(36, 1, 3),
(9, 13, 2),
(8, 12, 3),
(7, 12, 1),
(34, 1, 1),
(35, 1, 2),
(38, 6, 2),
(39, 6, 3),
(40, 2, 1),
(41, 2, 2),
(42, 2, 3),
(43, 2, 4),
(44, 1, 4),
(45, 3, 1),
(46, 4, 1),
(48, 4, 3),
(49, 5, 1),
(50, 5, 2),
(51, 5, 3),
(57, 6, 4),
(60, 6, 5),
(61, 2, 5);

-- --------------------------------------------------------

--
-- Table structure for table `group_trust_menu`
--

CREATE TABLE `group_trust_menu` (
  `GTM_ID` bigint(255) NOT NULL,
  `GROUP_ID` int(11) NOT NULL,
  `TM_ID` int(11) NOT NULL,
  `TP_ID` int(11) NOT NULL,
  `STATUS` int(11) NOT NULL
) ENGINE=InnoDB DEFAULT CHARSET=latin1;

--
-- Dumping data for table `group_trust_menu`
--

INSERT INTO `group_trust_menu` (`GTM_ID`, `GROUP_ID`, `TM_ID`, `TP_ID`, `STATUS`) VALUES
(1, 6, 1, 1, 1),
(2, 6, 1, 2, 1),
(3, 1, 1, 1, 1),
(4, 1, 2, 2, 1),
(5, 2, 1, 1, 0),
(6, 2, 2, 2, 0),
(7, 3, 1, 1, 0),
(8, 3, 2, 2, 0),
(9, 4, 1, 1, 0),
(10, 4, 2, 2, 0),
(11, 5, 1, 1, 0),
(12, 5, 2, 2, 0),
(13, 6, 3, 3, 1),
(14, 1, 3, 3, 1),
(15, 6, 2, 4, 1),
(16, 6, 2, 5, 1),
(17, 1, 2, 4, 1),
(18, 1, 2, 5, 1),
(19, 6, 3, 6, 1),
(20, 6, 3, 7, 1),
(21, 1, 3, 6, 1),
(22, 1, 3, 7, 1),
(23, 6, 1, 8, 1),
(24, 2, 3, 6, 1),
(25, 2, 3, 7, 1),
(26, 3, 3, 6, 0),
(27, 3, 3, 7, 0),
(28, 4, 3, 6, 0),
(29, 4, 3, 7, 0),
(30, 5, 3, 6, 0),
(31, 5, 3, 7, 0),
(32, 6, 4, 9, 1),
(33, 6, 4, 10, 1),
(34, 6, 5, 11, 1),
(35, 6, 5, 12, 1),
(36, 6, 1, 13, 1),
(37, 6, 4, 14, 1),
(39, 1, 4, 9, 1),
(40, 1, 4, 10, 1),
(41, 1, 5, 11, 1),
(42, 1, 5, 12, 1),
(43, 1, 1, 13, 1),
(44, 1, 4, 14, 1),
(46, 2, 2, 4, 1),
(47, 2, 2, 5, 1),
(48, 4, 2, 4, 0),
(49, 4, 2, 5, 0),
(50, 2, 4, 9, 1),
(51, 2, 4, 10, 1),
(52, 2, 5, 11, 1),
(53, 2, 5, 12, 1),
(54, 2, 4, 14, 1),
(55, 4, 5, 11, 1),
(56, 6, 6, 17, 1),
(57, 6, 6, 19, 1),
(58, 6, 7, 20, 1),
(59, 6, 3, 21, 1),
(60, 6, 3, 22, 1),
(61, 6, 3, 23, 1),
(62, 6, 3, 24, 1),
(63, 6, 3, 25, 1),
(64, 6, 4, 26, 1),
(65, 6, 4, 27, 1),
(66, 6, 4, 28, 1),
(67, 6, 4, 29, 1),
(68, 6, 8, 30, 1),
(69, 6, 8, 31, 1),
(70, 6, 4, 32, 1),
(71, 6, 1, 16, 1),
(72, 6, 1, 18, 1),
(73, 6, 1, 15, 1),
(74, 1, 1, 15, 1),
(75, 1, 6, 17, 1),
(76, 1, 6, 19, 1),
(77, 1, 7, 20, 1),
(78, 1, 3, 21, 1),
(79, 1, 3, 22, 1),
(80, 1, 3, 23, 1),
(81, 1, 3, 24, 1),
(82, 1, 3, 25, 1),
(83, 1, 4, 26, 1),
(84, 1, 4, 27, 1),
(85, 1, 4, 28, 1),
(86, 1, 4, 29, 1),
(87, 1, 8, 30, 1),
(88, 1, 8, 31, 1),
(89, 1, 4, 32, 1),
(90, 1, 9, 33, 1),
(91, 6, 9, 33, 1),
(92, 1, 1, 8, 1),
(93, 1, 1, 16, 1),
(94, 1, 1, 18, 1),
(95, 2, 7, 20, 1),
(96, 2, 3, 21, 1),
(97, 2, 3, 22, 1),
(98, 2, 3, 23, 1),
(99, 2, 3, 24, 1),
(100, 2, 4, 26, 1),
(101, 2, 4, 27, 1),
(102, 2, 4, 28, 1),
(103, 2, 4, 29, 1),
(104, 3, 4, 9, 0),
(105, 3, 4, 10, 0),
(106, 3, 4, 14, 0),
(107, 3, 3, 21, 1),
(108, 3, 3, 22, 1),
(109, 3, 3, 23, 1),
(110, 3, 4, 26, 1),
(111, 3, 4, 27, 1),
(112, 3, 4, 28, 0),
(113, 3, 4, 29, 1),
(114, 3, 4, 32, 0),
(115, 2, 9, 33, 0),
(116, 6, 6, 34, 1),
(117, 1, 6, 34, 1),
(118, 2, 3, 25, 1),
(119, 4, 7, 20, 1),
(120, 4, 3, 21, 1),
(121, 4, 3, 22, 1),
(122, 4, 3, 25, 1),
(123, 4, 4, 29, 1),
(124, 4, 9, 33, 1),
(125, 3, 6, 19, 1),
(126, 3, 7, 20, 1),
(127, 3, 9, 33, 1),
(128, 5, 5, 11, 0),
(129, 5, 5, 12, 0),
(130, 5, 7, 20, 1),
(131, 5, 3, 21, 1),
(132, 5, 8, 30, 1),
(133, 5, 8, 31, 1),
(134, 5, 9, 33, 1),
(135, 3, 2, 5, 0),
(136, 5, 2, 5, 0),
(137, 4, 3, 23, 1),
(138, 3, 3, 25, 1),
(139, 5, 3, 22, 1),
(140, 5, 3, 23, 1),
(141, 5, 3, 24, 1),
(142, 5, 3, 25, 1),
(143, 5, 4, 26, 1),
(144, 5, 4, 27, 1),
(145, 5, 4, 28, 1),
(146, 5, 4, 29, 1),
(147, 6, 1, 38, 1),
(148, 6, 10, 35, 1),
(149, 6, 10, 36, 1),
(150, 6, 10, 37, 1),
(151, 1, 1, 38, 1),
(152, 6, 11, 39, 1),
(153, 6, 11, 40, 1),
(154, 6, 11, 41, 1),
(155, 6, 11, 42, 1),
(156, 6, 11, 43, 1),
(157, 6, 1, 44, 1),
(158, 1, 10, 35, 1),
(159, 1, 10, 36, 1),
(160, 1, 10, 37, 1),
(161, 1, 11, 39, 1),
(162, 1, 11, 40, 1),
(163, 1, 11, 41, 1),
(164, 1, 11, 42, 1),
(165, 1, 11, 43, 1),
(166, 1, 1, 44, 1),
(167, 2, 8, 30, 1),
(168, 2, 8, 31, 0),
(169, 2, 10, 35, 1),
(170, 4, 4, 26, 1),
(171, 4, 4, 27, 1),
(172, 4, 4, 28, 1),
(173, 2, 10, 36, 0),
(174, 2, 10, 37, 0),
(175, 6, 4, 45, 1),
(176, 2, 4, 45, 1),
(177, 5, 4, 45, 1),
(178, 5, 11, 39, 1),
(179, 5, 6, 19, 1),
(180, 4, 8, 30, 1),
(181, 3, 2, 4, 0),
(182, 6, 10, 46, 1),
(183, 2, 10, 46, 1),
(184, 3, 8, 30, 1),
(185, 2, 4, 47, 1),
(186, 6, 4, 47, 1),
(229, 6, 4, 63, 1),
(231, 6, 12, 48, 1),
(232, 6, 12, 64, 1),
(233, 6, 12, 65, 1),
(234, 6, 12, 66, 1),
(235, 6, 12, 67, 1),
(236, 6, 12, 68, 1),
(237, 6, 12, 69, 1),
(238, 6, 12, 70, 1),
(239, 6, 12, 71, 1),
(240, 6, 12, 72, 1),
(241, 6, 12, 73, 1),
(242, 6, 12, 74, 1),
(243, 6, 12, 75, 1),
(244, 6, 1, 77, 1),
(245, 6, 1, 76, 1),
(246, 6, 1, 78, 1);

-- --------------------------------------------------------

--
-- Table structure for table `group_trust_menu_history`
--

CREATE TABLE `group_trust_menu_history` (
  `GTMH_ID` int(11) NOT NULL,
  `TP_ID` int(11) NOT NULL,
  `GROUP_ID` int(11) NOT NULL,
  `ASSIGNED_BY_ID` int(11) NOT NULL,
  `DATE` varchar(100) NOT NULL,
  `DATE_TIME` varchar(100) NOT NULL,
  `ASSIGNED_STATUS` int(11) NOT NULL,
  `ACTIVE_STATUS` int(11) NOT NULL
) ENGINE=InnoDB DEFAULT CHARSET=latin1;

--
-- Dumping data for table `group_trust_menu_history`
--

INSERT INTO `group_trust_menu_history` (`GTMH_ID`, `TP_ID`, `GROUP_ID`, `ASSIGNED_BY_ID`, `DATE`, `DATE_TIME`, `ASSIGNED_STATUS`, `ACTIVE_STATUS`) VALUES
(1, 1, 1, 26, '10-05-18', '2018-05-10 12:20:38', 1, 1),
(2, 2, 1, 26, '10-05-18', '2018-05-10 12:20:38', 1, 1),
(3, 3, 1, 26, '10-05-18', '2018-05-10 12:20:38', 1, 0),
(4, 4, 1, 26, '10-05-18', '2018-05-10 12:20:38', 1, 1),
(5, 5, 1, 26, '10-05-18', '2018-05-10 12:20:38', 0, 0),
(6, 6, 1, 26, '10-05-18', '2018-05-10 12:20:39', 1, 1),
(7, 7, 1, 26, '10-05-18', '2018-05-10 12:20:39', 1, 1),
(8, 3, 1, 26, '10-05-18', '2018-05-10 12:20:44', 0, 0),
(9, 3, 1, 26, '10-05-18', '2018-05-10 12:21:25', 1, 1),
(10, 1, 2, 26, '10-05-18', '2018-05-10 12:21:36', 0, 1),
(11, 2, 2, 26, '10-05-18', '2018-05-10 12:21:36', 0, 1),
(12, 6, 2, 26, '10-05-18', '2018-05-10 12:21:42', 1, 1),
(13, 7, 2, 26, '10-05-18', '2018-05-10 12:21:42', 1, 1),
(14, 1, 3, 26, '10-05-18', '2018-05-10 12:21:49', 0, 1),
(15, 2, 3, 26, '10-05-18', '2018-05-10 12:21:49', 0, 1),
(16, 6, 3, 26, '10-05-18', '2018-05-10 12:21:54', 1, 0),
(17, 7, 3, 26, '10-05-18', '2018-05-10 12:21:54', 1, 0),
(18, 1, 4, 26, '10-05-18', '2018-05-10 12:22:04', 0, 1),
(19, 2, 4, 26, '10-05-18', '2018-05-10 12:22:04', 0, 1),
(20, 6, 4, 26, '10-05-18', '2018-05-10 12:22:04', 1, 0),
(21, 7, 4, 26, '10-05-18', '2018-05-10 12:22:04', 1, 0),
(22, 1, 5, 26, '10-05-18', '2018-05-10 12:22:10', 0, 0),
(23, 2, 5, 26, '10-05-18', '2018-05-10 12:22:10', 0, 1),
(24, 6, 5, 26, '10-05-18', '2018-05-10 12:22:10', 1, 0),
(25, 7, 5, 26, '10-05-18', '2018-05-10 12:22:10', 1, 0),
(26, 1, 5, 26, '10-05-18', '2018-05-10 13:25:17', 1, 0),
(27, 1, 5, 26, '10-05-18', '2018-05-10 13:27:44', 0, 1),
(28, 1, 6, 26, '24-05-18', '2018-05-24 11:32:52', 1, 1),
(29, 2, 6, 26, '24-05-18', '2018-05-24 11:32:52', 1, 1),
(30, 3, 6, 26, '24-05-18', '2018-05-24 11:32:53', 1, 1),
(31, 4, 6, 26, '24-05-18', '2018-05-24 11:32:53', 1, 1),
(32, 5, 6, 26, '24-05-18', '2018-05-24 11:32:53', 1, 1),
(33, 6, 6, 26, '24-05-18', '2018-05-24 11:32:53', 1, 1),
(34, 7, 6, 26, '24-05-18', '2018-05-24 11:32:53', 1, 1),
(35, 8, 6, 26, '24-05-18', '2018-05-24 11:32:53', 1, 1),
(36, 9, 6, 26, '24-05-18', '2018-05-24 11:32:53', 1, 1),
(37, 10, 6, 26, '24-05-18', '2018-05-24 11:32:53', 1, 1),
(38, 11, 6, 26, '24-05-18', '2018-05-24 11:32:53', 1, 1),
(39, 12, 6, 26, '24-05-18', '2018-05-24 11:32:53', 1, 1),
(40, 13, 6, 26, '24-05-18', '2018-05-24 11:32:53', 1, 1),
(41, 14, 6, 26, '24-05-18', '2018-05-24 11:32:53', 1, 1),
(42, 15, 6, 26, '24-05-18', '2018-05-24 11:32:53', 1, 1),
(43, 5, 1, 26, '24-05-18', '2018-05-24 11:33:13', 1, 1),
(44, 9, 1, 26, '24-05-18', '2018-05-24 11:33:13', 1, 1),
(45, 10, 1, 26, '24-05-18', '2018-05-24 11:33:13', 1, 1),
(46, 11, 1, 26, '24-05-18', '2018-05-24 11:33:13', 1, 1),
(47, 12, 1, 26, '24-05-18', '2018-05-24 11:33:13', 1, 1),
(48, 13, 1, 26, '24-05-18', '2018-05-24 11:33:13', 1, 1),
(49, 14, 1, 26, '24-05-18', '2018-05-24 11:33:13', 1, 1),
(50, 15, 1, 26, '24-05-18', '2018-05-24 11:33:13', 1, 0),
(51, 15, 1, 26, '24-05-18', '2018-05-24 12:13:16', 0, 0),
(52, 15, 1, 26, '24-05-18', '2018-05-24 12:13:21', 1, 1),
(53, 4, 2, 26, '24-05-18', '2018-05-24 12:14:19', 1, 1),
(54, 5, 2, 26, '24-05-18', '2018-05-24 12:14:19', 1, 1),
(55, 4, 4, 26, '24-05-18', '2018-05-24 12:14:27', 1, 1),
(56, 5, 4, 26, '24-05-18', '2018-05-24 12:14:27', 1, 0),
(57, 9, 2, 26, '24-05-18', '2018-05-24 12:14:49', 1, 1),
(58, 10, 2, 26, '24-05-18', '2018-05-24 12:14:49', 1, 1),
(59, 11, 2, 26, '24-05-18', '2018-05-24 12:14:49', 1, 1),
(60, 12, 2, 26, '24-05-18', '2018-05-24 12:14:49', 1, 1),
(61, 14, 2, 26, '24-05-18', '2018-05-24 12:14:49', 1, 1),
(62, 11, 4, 26, '24-05-18', '2018-05-24 12:15:05', 1, 1),
(63, 17, 6, 26, '15-06-18', '2018-06-15 12:36:12', 1, 0),
(64, 19, 6, 0, '', '', 0, 0),
(65, 19, 6, 26, '15-06-18', '2018-06-15 12:36:12', 1, 1),
(66, 20, 6, 26, '15-06-18', '2018-06-15 12:36:12', 1, 1),
(67, 21, 6, 26, '15-06-18', '2018-06-15 12:36:12', 1, 1),
(68, 22, 6, 26, '15-06-18', '2018-06-15 12:36:12', 1, 1),
(69, 23, 6, 26, '15-06-18', '2018-06-15 12:36:12', 1, 1),
(70, 24, 6, 26, '15-06-18', '2018-06-15 12:36:12', 1, 1),
(71, 25, 6, 26, '15-06-18', '2018-06-15 12:36:12', 1, 1),
(72, 26, 6, 26, '15-06-18', '2018-06-15 12:36:12', 1, 1),
(73, 27, 6, 26, '15-06-18', '2018-06-15 12:36:12', 1, 1),
(74, 28, 6, 26, '15-06-18', '2018-06-15 12:36:13', 1, 1),
(75, 29, 6, 26, '15-06-18', '2018-06-15 12:36:13', 1, 1),
(76, 30, 6, 26, '15-06-18', '2018-06-15 12:36:13', 1, 1),
(77, 31, 6, 26, '15-06-18', '2018-06-15 12:36:13', 1, 1),
(78, 32, 6, 26, '15-06-18', '2018-06-15 12:36:13', 1, 1),
(79, 16, 6, 26, '15-06-18', '2018-06-15 12:44:53', 1, 1),
(80, 18, 6, 26, '15-06-18', '2018-06-15 12:44:53', 1, 1),
(81, 17, 6, 26, '15-06-18', '2018-06-15 15:28:47', 0, 0),
(82, 17, 6, 26, '15-06-18', '2018-06-15 15:29:45', 1, 1),
(83, 17, 1, 26, '13-07-18', '2018-07-13 12:22:48', 1, 1),
(84, 19, 1, 0, '', '', 0, 0),
(85, 19, 1, 26, '13-07-18', '2018-07-13 12:22:48', 1, 1),
(86, 20, 1, 26, '13-07-18', '2018-07-13 12:22:48', 1, 1),
(87, 21, 1, 26, '13-07-18', '2018-07-13 12:22:48', 1, 1),
(88, 22, 1, 26, '13-07-18', '2018-07-13 12:22:48', 1, 1),
(89, 23, 1, 26, '13-07-18', '2018-07-13 12:22:48', 1, 1),
(90, 24, 1, 26, '13-07-18', '2018-07-13 12:22:48', 1, 1),
(91, 25, 1, 26, '13-07-18', '2018-07-13 12:22:48', 1, 1),
(92, 26, 1, 26, '13-07-18', '2018-07-13 12:22:48', 1, 1),
(93, 27, 1, 26, '13-07-18', '2018-07-13 12:22:48', 1, 1),
(94, 28, 1, 26, '13-07-18', '2018-07-13 12:22:48', 1, 1),
(95, 29, 1, 26, '13-07-18', '2018-07-13 12:22:48', 1, 1),
(96, 30, 1, 26, '13-07-18', '2018-07-13 12:22:48', 1, 1),
(97, 31, 1, 26, '13-07-18', '2018-07-13 12:22:48', 1, 1),
(98, 32, 1, 26, '13-07-18', '2018-07-13 12:22:48', 1, 1),
(99, 33, 1, 26, '13-07-18', '2018-07-13 12:22:48', 1, 1),
(100, 33, 6, 26, '13-07-18', '2018-07-13 12:23:22', 1, 1),
(101, 8, 1, 26, '26-07-18', '2018-07-26 12:02:40', 1, 1),
(102, 16, 1, 26, '26-07-18', '2018-07-26 12:02:41', 1, 1),
(103, 18, 1, 26, '26-07-18', '2018-07-26 12:02:41', 1, 1),
(104, 20, 2, 32, '27-07-18', '2018-07-27 19:03:45', 1, 0),
(105, 21, 2, 32, '28-07-18', '2018-07-28 13:42:33', 1, 0),
(106, 22, 2, 32, '28-07-18', '2018-07-28 13:42:33', 1, 0),
(107, 23, 2, 32, '28-07-18', '2018-07-28 13:42:33', 1, 0),
(108, 24, 2, 32, '28-07-18', '2018-07-28 13:42:33', 1, 0),
(109, 26, 2, 32, '28-07-18', '2018-07-28 13:42:33', 1, 0),
(110, 27, 2, 32, '28-07-18', '2018-07-28 13:42:33', 1, 0),
(111, 28, 2, 32, '28-07-18', '2018-07-28 13:42:33', 1, 1),
(112, 29, 2, 32, '28-07-18', '2018-07-28 13:42:33', 1, 1),
(113, 9, 3, 32, '28-07-18', '2018-07-28 13:42:58', 1, 0),
(114, 10, 3, 32, '28-07-18', '2018-07-28 13:42:58', 1, 0),
(115, 14, 3, 32, '28-07-18', '2018-07-28 13:42:58', 1, 0),
(116, 21, 3, 32, '28-07-18', '2018-07-28 13:42:58', 1, 0),
(117, 22, 3, 32, '28-07-18', '2018-07-28 13:42:58', 1, 0),
(118, 23, 3, 32, '28-07-18', '2018-07-28 13:42:58', 1, 0),
(119, 26, 3, 32, '28-07-18', '2018-07-28 13:42:59', 1, 0),
(120, 27, 3, 32, '28-07-18', '2018-07-28 13:42:59', 1, 0),
(121, 28, 3, 32, '28-07-18', '2018-07-28 13:42:59', 1, 0),
(122, 29, 3, 32, '28-07-18', '2018-07-28 13:42:59', 1, 1),
(123, 32, 3, 32, '28-07-18', '2018-07-28 13:42:59', 1, 0),
(124, 33, 2, 32, '28-07-18', '2018-07-28 13:44:23', 1, 0),
(125, 34, 6, 26, '08-08-18', '2018-08-08 12:19:24', 1, 1),
(126, 34, 1, 26, '08-08-18', '2018-08-08 12:19:30', 1, 1),
(127, 25, 2, 32, '11-08-18', '2018-08-11 20:14:50', 1, 0),
(128, 20, 4, 32, '15-08-18', '2018-08-15 10:34:32', 1, 0),
(129, 21, 4, 32, '15-08-18', '2018-08-15 10:34:32', 1, 0),
(130, 22, 4, 32, '15-08-18', '2018-08-15 10:34:32', 1, 0),
(131, 25, 4, 32, '15-08-18', '2018-08-15 10:34:32', 1, 1),
(132, 29, 4, 32, '15-08-18', '2018-08-15 10:34:33', 1, 1),
(133, 33, 4, 32, '15-08-18', '2018-08-15 10:34:33', 1, 0),
(134, 19, 3, 0, '', '', 0, 0),
(135, 19, 3, 32, '15-08-18', '2018-08-15 10:35:11', 1, 1),
(136, 20, 3, 32, '15-08-18', '2018-08-15 10:35:11', 1, 1),
(137, 33, 3, 32, '15-08-18', '2018-08-15 10:35:12', 1, 0),
(138, 6, 5, 32, '15-08-18', '2018-08-15 11:37:42', 0, 1),
(139, 7, 5, 32, '15-08-18', '2018-08-15 11:37:42', 0, 1),
(140, 11, 5, 32, '15-08-18', '2018-08-15 11:37:42', 1, 0),
(141, 12, 5, 32, '15-08-18', '2018-08-15 11:37:42', 1, 0),
(142, 20, 5, 32, '15-08-18', '2018-08-15 11:37:42', 1, 1),
(143, 21, 5, 32, '15-08-18', '2018-08-15 11:37:42', 1, 1),
(144, 30, 5, 32, '15-08-18', '2018-08-15 11:37:42', 1, 1),
(145, 31, 5, 32, '15-08-18', '2018-08-15 11:37:42', 1, 1),
(146, 33, 5, 32, '15-08-18', '2018-08-15 11:37:42', 1, 1),
(147, 9, 3, 32, '15-08-18', '2018-08-15 11:40:02', 0, 0),
(148, 10, 3, 32, '15-08-18', '2018-08-15 11:40:02', 0, 1),
(149, 14, 3, 32, '15-08-18', '2018-08-15 11:40:02', 0, 1),
(150, 26, 3, 32, '15-08-18', '2018-08-15 11:40:02', 0, 0),
(151, 32, 3, 32, '15-08-18', '2018-08-15 11:40:03', 0, 1),
(152, 5, 3, 26, '16-08-18', '2018-08-16 12:35:05', 1, 0),
(153, 5, 3, 26, '16-08-18', '2018-08-16 12:38:44', 0, 0),
(154, 5, 3, 26, '16-08-18', '2018-08-16 12:39:07', 1, 0),
(155, 5, 5, 26, '16-08-18', '2018-08-16 12:39:18', 1, 0),
(156, 5, 3, 26, '16-08-18', '2018-08-16 12:42:02', 0, 0),
(157, 5, 3, 26, '16-08-18', '2018-08-16 12:43:00', 1, 0),
(158, 23, 4, 32, '16-08-18', '2018-08-16 13:17:24', 1, 0),
(159, 20, 2, 32, '23-09-18', '2018-09-23 10:59:59', 0, 0),
(160, 33, 2, 32, '23-09-18', '2018-09-23 10:59:59', 0, 1),
(161, 5, 3, 32, '23-09-18', '2018-09-23 11:01:21', 0, 0),
(162, 6, 3, 32, '23-09-18', '2018-09-23 11:01:21', 0, 0),
(163, 7, 3, 32, '23-09-18', '2018-09-23 11:01:21', 0, 0),
(164, 25, 3, 32, '23-09-18', '2018-09-23 11:01:22', 1, 0),
(165, 26, 3, 32, '23-09-18', '2018-09-23 11:01:22', 1, 0),
(166, 22, 5, 32, '23-09-18', '2018-09-23 11:01:49', 1, 1),
(167, 23, 5, 32, '23-09-18', '2018-09-23 11:01:49', 1, 1),
(168, 24, 5, 32, '23-09-18', '2018-09-23 11:01:49', 1, 1),
(169, 25, 5, 32, '23-09-18', '2018-09-23 11:01:49', 1, 1),
(170, 26, 5, 32, '23-09-18', '2018-09-23 11:01:49', 1, 1),
(171, 27, 5, 32, '23-09-18', '2018-09-23 11:01:49', 1, 1),
(172, 28, 5, 32, '23-09-18', '2018-09-23 11:01:49', 1, 1),
(173, 29, 5, 32, '23-09-18', '2018-09-23 11:01:49', 1, 1),
(174, 21, 2, 32, '24-09-18', '2018-09-24 21:01:09', 0, 0),
(175, 22, 2, 32, '24-09-18', '2018-09-24 21:01:09', 0, 0),
(176, 23, 2, 32, '24-09-18', '2018-09-24 21:01:09', 0, 0),
(177, 24, 2, 32, '24-09-18', '2018-09-24 21:01:09', 0, 0),
(178, 25, 2, 32, '24-09-18', '2018-09-24 21:01:09', 0, 0),
(179, 23, 2, 32, '24-09-18', '2018-09-24 21:05:33', 1, 1),
(180, 38, 6, 26, '25-09-18', '2018-09-25 16:16:16', 1, 1),
(181, 35, 6, 26, '25-09-18', '2018-09-25 16:16:31', 1, 1),
(182, 36, 6, 26, '25-09-18', '2018-09-25 16:16:32', 1, 1),
(183, 37, 6, 26, '25-09-18', '2018-09-25 16:16:32', 1, 1),
(184, 38, 1, 26, '25-09-18', '2018-09-25 16:32:55', 1, 1),
(185, 21, 2, 32, '25-09-18', '2018-09-25 21:00:17', 1, 0),
(186, 38, 6, 26, '17-10-18', '2018-10-17 16:34:15', 1, 1),
(187, 38, 6, 26, '17-10-18', '2018-10-17 16:34:15', 1, 1),
(188, 38, 6, 26, '17-10-18', '2018-10-17 16:34:15', 1, 1),
(189, 38, 6, 26, '17-10-18', '2018-10-17 16:34:15', 1, 1),
(190, 38, 6, 26, '17-10-18', '2018-10-17 16:34:15', 1, 1),
(191, 38, 6, 26, '17-10-18', '2018-10-17 16:34:15', 1, 1),
(192, 35, 1, 26, '17-10-18', '2018-10-17 16:34:43', 1, 1),
(193, 36, 1, 26, '17-10-18', '2018-10-17 16:34:43', 1, 1),
(194, 37, 1, 26, '17-10-18', '2018-10-17 16:34:43', 1, 1),
(195, 38, 1, 26, '17-10-18', '2018-10-17 16:34:43', 1, 1),
(196, 38, 1, 26, '17-10-18', '2018-10-17 16:34:43', 1, 1),
(197, 38, 1, 26, '17-10-18', '2018-10-17 16:34:43', 1, 1),
(198, 38, 1, 26, '17-10-18', '2018-10-17 16:34:43', 1, 1),
(199, 38, 1, 26, '17-10-18', '2018-10-17 16:34:43', 1, 1),
(200, 38, 1, 26, '17-10-18', '2018-10-17 16:34:43', 1, 1),
(201, 30, 2, 26, '26-07-19', '2019-07-26 14:40:16', 1, 0),
(202, 31, 2, 26, '26-07-19', '2019-07-26 14:40:16', 1, 0),
(203, 20, 2, 32, '30-07-19', '2019-07-30 20:44:43', 1, 0),
(204, 22, 2, 32, '30-07-19', '2019-07-30 20:44:43', 1, 0),
(205, 24, 2, 32, '30-07-19', '2019-07-30 20:44:43', 1, 1),
(206, 25, 2, 32, '30-07-19', '2019-07-30 20:44:43', 1, 1),
(207, 35, 2, 32, '30-07-19', '2019-07-30 20:44:44', 1, 1),
(208, 3, 4, 32, '05-08-19', '2019-08-05 10:23:46', 0, 1),
(209, 5, 4, 32, '05-08-19', '2019-08-05 10:23:46', 0, 1),
(210, 6, 4, 32, '05-08-19', '2019-08-05 10:23:46', 0, 0),
(211, 7, 4, 32, '05-08-19', '2019-08-05 10:23:46', 0, 1),
(212, 26, 4, 32, '05-08-19', '2019-08-05 10:23:47', 1, 1),
(213, 27, 4, 32, '05-08-19', '2019-08-05 10:23:47', 1, 1),
(214, 28, 4, 32, '05-08-19', '2019-08-05 10:23:47', 1, 1),
(215, 26, 3, 32, '05-08-19', '2019-08-05 10:26:00', 0, 0),
(216, 27, 3, 32, '05-08-19', '2019-08-05 10:26:00', 0, 0),
(217, 28, 3, 32, '05-08-19', '2019-08-05 10:26:00', 0, 0),
(218, 36, 2, 26, '23-08-19', '2019-08-23 16:04:47', 1, 0),
(219, 37, 2, 26, '23-08-19', '2019-08-23 16:04:47', 1, 0),
(220, 45, 6, 26, '09-09-19', '2019-09-09 12:36:27', 1, 1),
(221, 38, 6, 26, '09-09-19', '2019-09-09 12:36:28', 1, 1),
(222, 38, 6, 26, '09-09-19', '2019-09-09 12:36:28', 1, 1),
(223, 38, 6, 26, '09-09-19', '2019-09-09 12:36:28', 1, 1),
(224, 38, 6, 26, '09-09-19', '2019-09-09 12:36:28', 1, 1),
(225, 38, 6, 26, '09-09-19', '2019-09-09 12:36:28', 1, 1),
(226, 38, 6, 26, '09-09-19', '2019-09-09 12:36:28', 1, 1),
(227, 38, 6, 26, '09-09-19', '2019-09-09 12:37:40', 1, 1),
(228, 38, 6, 26, '09-09-19', '2019-09-09 12:37:40', 1, 1),
(229, 38, 6, 26, '09-09-19', '2019-09-09 12:37:40', 1, 1),
(230, 38, 6, 26, '09-09-19', '2019-09-09 12:37:40', 1, 1),
(231, 38, 6, 26, '09-09-19', '2019-09-09 12:37:40', 1, 1),
(232, 38, 6, 26, '09-09-19', '2019-09-09 12:37:40', 1, 1),
(233, 45, 2, 26, '09-09-19', '2019-09-09 12:38:55', 1, 0),
(234, 45, 2, 32, '12-09-19', '2019-09-12 12:45:38', 0, 0),
(235, 20, 2, 32, '12-09-19', '2019-09-12 12:45:38', 0, 0),
(236, 21, 2, 32, '12-09-19', '2019-09-12 12:45:38', 0, 0),
(237, 22, 2, 32, '12-09-19', '2019-09-12 12:45:38', 0, 0),
(238, 26, 2, 32, '12-09-19', '2019-09-12 12:45:38', 0, 0),
(239, 27, 2, 32, '12-09-19', '2019-09-12 12:45:38', 0, 0),
(240, 30, 2, 32, '12-09-19', '2019-09-12 12:45:39', 0, 0),
(241, 31, 2, 32, '12-09-19', '2019-09-12 12:45:39', 0, 1),
(242, 5, 5, 32, '12-09-19', '2019-09-12 12:46:39', 0, 1),
(243, 45, 5, 32, '12-09-19', '2019-09-12 12:46:39', 1, 1),
(244, 11, 5, 32, '12-09-19', '2019-09-12 12:47:46', 0, 1),
(245, 12, 5, 32, '12-09-19', '2019-09-12 12:47:46', 0, 1),
(246, 19, 5, 0, '', '', 0, 0),
(247, 19, 5, 32, '12-09-19', '2019-09-12 12:47:46', 1, 1),
(248, 30, 4, 32, '14-09-19', '2019-09-14 20:43:53', 1, 1),
(249, 26, 3, 32, '04-10-19', '2019-10-04 18:34:59', 1, 0),
(250, 27, 3, 32, '04-10-19', '2019-10-04 18:34:59', 1, 1),
(251, 7, 3, 32, '25-11-19', '2019-11-25 13:18:59', 1, 0),
(252, 21, 3, 32, '25-11-19', '2019-11-25 13:22:00', 0, 0),
(253, 22, 3, 32, '25-11-19', '2019-11-25 13:22:00', 0, 0),
(254, 23, 3, 32, '25-11-19', '2019-11-25 13:22:00', 0, 0),
(255, 25, 3, 32, '25-11-19', '2019-11-25 13:22:00', 0, 0),
(256, 33, 3, 32, '25-11-19', '2019-11-25 13:24:04', 0, 0),
(257, 33, 3, 32, '29-11-19', '2019-11-29 15:12:10', 1, 1),
(258, 4, 3, 26, '29-11-19', '2019-11-29 16:39:03', 1, 1),
(259, 5, 3, 26, '29-11-19', '2019-11-29 16:39:03', 1, 0),
(260, 9, 3, 26, '29-11-19', '2019-11-29 16:39:59', 1, 0),
(261, 46, 6, 26, '09-03-20', '2020-03-09 15:59:00', 1, 1),
(262, 38, 6, 26, '09-03-20', '2020-03-09 15:59:01', 1, 1),
(263, 38, 6, 26, '09-03-20', '2020-03-09 15:59:01', 1, 1),
(264, 38, 6, 26, '09-03-20', '2020-03-09 15:59:01', 1, 1),
(265, 38, 6, 26, '09-03-20', '2020-03-09 15:59:01', 1, 1),
(266, 38, 6, 26, '09-03-20', '2020-03-09 15:59:01', 1, 1),
(267, 38, 6, 26, '09-03-20', '2020-03-09 15:59:01', 1, 1),
(268, 36, 2, 26, '09-03-20', '2020-03-09 16:08:38', 0, 1),
(269, 37, 2, 26, '09-03-20', '2020-03-09 16:08:38', 0, 1),
(270, 46, 2, 26, '09-03-20', '2020-03-09 16:08:38', 1, 1),
(271, 21, 2, 26, '08-04-20', '2020-04-08 12:02:26', 1, 0),
(272, 21, 2, 26, '08-04-20', '2020-04-08 12:04:54', 0, 0),
(273, 3, 3, 32, '17-10-20', '2020-10-17 11:33:12', 0, 1),
(274, 5, 3, 32, '17-10-20', '2020-10-17 11:33:12', 0, 1),
(275, 7, 3, 32, '17-10-20', '2020-10-17 11:33:12', 0, 0),
(276, 22, 3, 32, '17-10-20', '2020-10-17 11:33:12', 1, 1),
(277, 23, 3, 32, '17-10-20', '2020-10-17 11:33:12', 1, 1),
(278, 9, 3, 32, '17-10-20', '2020-10-17 11:33:31', 0, 0),
(279, 30, 3, 32, '17-10-20', '2020-10-17 11:33:52', 1, 1),
(280, 45, 2, 32, '20-10-20', '2020-10-20 19:45:47', 1, 1),
(281, 26, 2, 32, '20-10-20', '2020-10-20 19:45:47', 1, 1),
(282, 25, 3, 32, '21-10-20', '2020-10-21 10:59:31', 1, 1),
(283, 20, 2, 32, '14-02-21', '2021-02-14 18:18:41', 1, 1),
(284, 21, 2, 32, '14-02-21', '2021-02-14 18:18:41', 1, 1),
(285, 27, 2, 32, '14-02-21', '2021-02-14 19:45:46', 1, 1),
(286, 30, 2, 32, '14-02-21', '2021-02-14 19:45:46', 1, 1),
(287, 22, 2, 32, '14-02-21', '2021-02-14 19:47:26', 1, 1),
(288, 21, 3, 32, '12-10-21', '2021-10-12 18:38:22', 1, 1),
(289, 47, 2, 26, '22-09-22', '2022-09-22 18:16:49', 1, 1),
(290, 47, 6, 26, '22-09-22', '2022-09-22 18:19:28', 1, 0),
(291, 38, 6, 26, '22-09-22', '2022-09-22 18:19:28', 1, 1),
(292, 38, 6, 26, '22-09-22', '2022-09-22 18:19:28', 1, 1),
(293, 38, 6, 26, '22-09-22', '2022-09-22 18:19:28', 1, 1),
(294, 38, 6, 26, '22-09-22', '2022-09-22 18:19:28', 1, 1),
(295, 38, 6, 26, '22-09-22', '2022-09-22 18:19:28', 1, 1),
(296, 38, 6, 26, '22-09-22', '2022-09-22 18:19:28', 1, 1),
(297, 6, 3, 32, '15-06-23', '2023-06-15 16:48:25', 1, 0),
(298, 9, 3, 32, '15-06-23', '2023-06-15 16:48:25', 1, 0),
(299, 7, 3, 32, '15-06-23', '2023-06-15 16:50:31', 1, 0),
(300, 11, 3, 32, '15-06-23', '2023-06-15 16:50:31', 1, 1),
(301, 6, 3, 32, '10-08-23', '2023-08-10 19:36:56', 0, 1),
(302, 7, 3, 32, '10-08-23', '2023-08-10 19:36:56', 0, 1),
(303, 9, 3, 32, '10-08-23', '2023-08-10 19:36:56', 0, 0),
(304, 45, 3, 32, '10-08-23', '2023-08-10 19:36:56', 1, 1),
(305, 24, 3, 32, '10-08-23', '2023-08-10 19:36:56', 1, 1),
(306, 28, 3, 32, '10-08-23', '2023-08-10 19:36:56', 1, 1),
(307, 31, 3, 32, '10-08-23', '2023-08-10 19:36:56', 1, 1),
(308, 19, 2, 0, '', '', 0, 0),
(309, 19, 2, 32, '10-08-23', '2023-08-10 19:37:21', 1, 1),
(310, 32, 2, 32, '10-08-23', '2023-08-10 19:37:21', 1, 1),
(311, 6, 4, 32, '20-08-23', '2023-08-20 12:18:55', 1, 1),
(312, 20, 4, 32, '20-08-23', '2023-08-20 12:18:55', 0, 1),
(313, 21, 4, 32, '20-08-23', '2023-08-20 12:18:55', 0, 1),
(314, 22, 4, 32, '20-08-23', '2023-08-20 12:18:55', 0, 1),
(315, 23, 4, 32, '20-08-23', '2023-08-20 12:18:55', 0, 1),
(316, 33, 4, 32, '20-08-23', '2023-08-20 12:18:55', 0, 1),
(317, 47, 3, 26, '02-11-23', '2023-11-02 15:07:55', 1, 0),
(318, 26, 3, 26, '02-11-23', '2023-11-02 15:08:07', 0, 0),
(319, 26, 3, 26, '02-11-23', '2023-11-02 15:08:14', 1, 0),
(320, 26, 3, 26, '02-11-23', '2023-11-02 15:09:39', 0, 0),
(321, 26, 3, 26, '02-11-23', '2023-11-02 15:09:46', 1, 1),
(322, 9, 3, 26, '02-11-23', '2023-11-02 15:10:56', 1, 0),
(323, 9, 3, 26, '02-11-23', '2023-11-02 15:11:07', 0, 0),
(324, 16, 3, 26, '02-11-23', '2023-11-02 16:08:41', 1, 0),
(325, 16, 3, 26, '02-11-23', '2023-11-02 16:08:51', 0, 1),
(326, 47, 4, 26, '02-11-23', '2023-11-02 16:19:58', 1, 1),
(327, 9, 3, 26, '02-11-23', '2023-11-02 17:00:57', 1, 0),
(328, 9, 3, 26, '02-11-23', '2023-11-02 17:12:34', 0, 1),
(329, 47, 3, 26, '03-11-23', '2023-11-03 10:44:25', 0, 0),
(330, 47, 3, 26, '03-11-23', '2023-11-03 10:44:45', 1, 1),
(331, 38, 6, 26, '19-12-23', '2023-12-19 11:00:29', 1, 1),
(332, 38, 6, 26, '19-12-23', '2023-12-19 11:00:29', 1, 1),
(333, 38, 6, 26, '19-12-23', '2023-12-19 11:00:29', 1, 1),
(334, 38, 6, 26, '19-12-23', '2023-12-19 11:00:29', 1, 1),
(335, 38, 6, 26, '19-12-23', '2023-12-19 11:00:29', 1, 1),
(336, 38, 6, 26, '19-12-23', '2023-12-19 11:00:29', 1, 1),
(337, 48, 6, 26, '19-12-23', '2023-12-19 11:00:29', 1, 0),
(338, 49, 6, 26, '19-12-23', '2023-12-19 11:00:29', 1, 0),
(339, 50, 6, 26, '19-12-23', '2023-12-19 11:00:29', 1, 0),
(340, 51, 6, 26, '19-12-23', '2023-12-19 11:00:29', 1, 0),
(341, 52, 6, 26, '19-12-23', '2023-12-19 11:00:29', 1, 0),
(342, 53, 6, 26, '19-12-23', '2023-12-19 11:00:29', 1, 0),
(343, 54, 6, 26, '19-12-23', '2023-12-19 11:00:29', 1, 0),
(344, 55, 6, 26, '19-12-23', '2023-12-19 11:00:29', 1, 0),
(345, 56, 6, 26, '19-12-23', '2023-12-19 11:00:29', 1, 0),
(346, 57, 6, 26, '19-12-23', '2023-12-19 11:00:29', 1, 0),
(347, 61, 6, 26, '19-12-23', '2023-12-19 11:00:29', 1, 0),
(348, 62, 6, 26, '19-12-23', '2023-12-19 11:00:29', 1, 0),
(349, 63, 6, 26, '19-12-23', '2023-12-19 11:00:29', 1, 1),
(350, 38, 6, 26, '19-12-23', '2023-12-19 11:08:06', 1, 1),
(351, 38, 6, 26, '19-12-23', '2023-12-19 11:08:06', 1, 1),
(352, 38, 6, 26, '19-12-23', '2023-12-19 11:08:06', 1, 1),
(353, 38, 6, 26, '19-12-23', '2023-12-19 11:08:06', 1, 1),
(354, 38, 6, 26, '19-12-23', '2023-12-19 11:08:06', 1, 1),
(355, 38, 6, 26, '19-12-23', '2023-12-19 11:08:06', 1, 1),
(356, 38, 6, 26, '19-12-23', '2023-12-19 11:11:28', 1, 1),
(357, 38, 6, 26, '19-12-23', '2023-12-19 11:11:28', 1, 1),
(358, 38, 6, 26, '19-12-23', '2023-12-19 11:11:28', 1, 1),
(359, 38, 6, 26, '19-12-23', '2023-12-19 11:11:28', 1, 1),
(360, 38, 6, 26, '19-12-23', '2023-12-19 11:11:28', 1, 1),
(361, 44, 6, 26, '19-12-23', '2023-12-19 11:11:28', 0, 0),
(362, 38, 6, 26, '19-12-23', '2023-12-19 11:11:34', 1, 1),
(363, 38, 6, 26, '19-12-23', '2023-12-19 11:11:34', 1, 1),
(364, 38, 6, 26, '19-12-23', '2023-12-19 11:11:34', 1, 1),
(365, 38, 6, 26, '19-12-23', '2023-12-19 11:11:34', 1, 1),
(366, 38, 6, 26, '19-12-23', '2023-12-19 11:11:34', 1, 1),
(367, 38, 6, 26, '19-12-23', '2023-12-19 11:11:34', 1, 1),
(368, 38, 6, 26, '19-12-23', '2023-12-19 11:16:49', 1, 1),
(369, 38, 6, 26, '19-12-23', '2023-12-19 11:16:49', 1, 1),
(370, 38, 6, 26, '19-12-23', '2023-12-19 11:16:49', 1, 1),
(371, 38, 6, 26, '19-12-23', '2023-12-19 11:16:49', 1, 1),
(372, 38, 6, 26, '19-12-23', '2023-12-19 11:16:49', 1, 1),
(373, 38, 6, 26, '19-12-23', '2023-12-19 11:16:49', 1, 1),
(374, 38, 6, 26, '19-12-23', '2023-12-19 11:18:09', 1, 1),
(375, 38, 6, 26, '19-12-23', '2023-12-19 11:18:09', 1, 1),
(376, 38, 6, 26, '19-12-23', '2023-12-19 11:18:09', 1, 1),
(377, 38, 6, 26, '19-12-23', '2023-12-19 11:18:09', 1, 1),
(378, 38, 6, 26, '19-12-23', '2023-12-19 11:18:09', 1, 1),
(379, 38, 6, 26, '19-12-23', '2023-12-19 11:18:09', 1, 1),
(380, 38, 6, 26, '19-12-23', '2023-12-19 11:18:41', 1, 1),
(381, 38, 6, 26, '19-12-23', '2023-12-19 11:18:41', 1, 1),
(382, 38, 6, 26, '19-12-23', '2023-12-19 11:18:41', 1, 1),
(383, 38, 6, 26, '19-12-23', '2023-12-19 11:18:41', 1, 1),
(384, 38, 6, 26, '19-12-23', '2023-12-19 11:18:41', 1, 1),
(385, 38, 6, 26, '19-12-23', '2023-12-19 11:18:41', 1, 1),
(386, 38, 6, 26, '19-12-23', '2023-12-19 11:27:15', 1, 1),
(387, 38, 6, 26, '19-12-23', '2023-12-19 11:27:15', 1, 1),
(388, 38, 6, 26, '19-12-23', '2023-12-19 11:27:15', 1, 1),
(389, 38, 6, 26, '19-12-23', '2023-12-19 11:27:15', 1, 1),
(390, 38, 6, 26, '19-12-23', '2023-12-19 11:27:15', 1, 1),
(391, 38, 6, 26, '19-12-23', '2023-12-19 11:27:15', 1, 1),
(392, 38, 6, 26, '19-12-23', '2023-12-19 11:34:32', 1, 1),
(393, 38, 6, 26, '19-12-23', '2023-12-19 11:34:32', 1, 1),
(394, 38, 6, 26, '19-12-23', '2023-12-19 11:34:32', 1, 1),
(395, 38, 6, 26, '19-12-23', '2023-12-19 11:34:32', 1, 1),
(396, 38, 6, 26, '19-12-23', '2023-12-19 11:34:32', 1, 1),
(397, 38, 6, 26, '19-12-23', '2023-12-19 11:34:32', 1, 1),
(398, 38, 6, 26, '19-12-23', '2023-12-19 11:35:07', 1, 1),
(399, 38, 6, 26, '19-12-23', '2023-12-19 11:35:07', 1, 1),
(400, 38, 6, 26, '19-12-23', '2023-12-19 11:35:07', 1, 1),
(401, 38, 6, 26, '19-12-23', '2023-12-19 11:35:07', 1, 1),
(402, 38, 6, 26, '19-12-23', '2023-12-19 11:35:07', 1, 1),
(403, 38, 6, 26, '19-12-23', '2023-12-19 11:35:07', 1, 1),
(404, 38, 6, 26, '19-12-23', '2023-12-19 11:35:32', 1, 1),
(405, 38, 6, 26, '19-12-23', '2023-12-19 11:35:32', 1, 1),
(406, 38, 6, 26, '19-12-23', '2023-12-19 11:35:32', 1, 1),
(407, 38, 6, 26, '19-12-23', '2023-12-19 11:35:32', 1, 1),
(408, 38, 6, 26, '19-12-23', '2023-12-19 11:35:32', 1, 1),
(409, 38, 6, 26, '19-12-23', '2023-12-19 11:35:32', 1, 1),
(410, 38, 6, 26, '19-12-23', '2023-12-19 11:38:23', 1, 1),
(411, 38, 6, 26, '19-12-23', '2023-12-19 11:38:23', 1, 1),
(412, 38, 6, 26, '19-12-23', '2023-12-19 11:38:23', 1, 1),
(413, 38, 6, 26, '19-12-23', '2023-12-19 11:38:23', 1, 1),
(414, 38, 6, 26, '19-12-23', '2023-12-19 11:38:23', 1, 1),
(415, 38, 6, 26, '19-12-23', '2023-12-19 11:38:23', 1, 1),
(416, 38, 6, 26, '19-12-23', '2023-12-19 11:38:48', 1, 1),
(417, 38, 6, 26, '19-12-23', '2023-12-19 11:38:48', 1, 1),
(418, 38, 6, 26, '19-12-23', '2023-12-19 11:38:48', 1, 1),
(419, 38, 6, 26, '19-12-23', '2023-12-19 11:38:48', 1, 1),
(420, 38, 6, 26, '19-12-23', '2023-12-19 11:38:48', 1, 1),
(421, 38, 6, 26, '19-12-23', '2023-12-19 11:38:48', 1, 1),
(422, 38, 6, 26, '19-12-23', '2023-12-19 12:03:17', 1, 1),
(423, 38, 6, 26, '19-12-23', '2023-12-19 12:03:17', 1, 1),
(424, 38, 6, 26, '19-12-23', '2023-12-19 12:03:17', 1, 1),
(425, 38, 6, 26, '19-12-23', '2023-12-19 12:03:17', 1, 1),
(426, 38, 6, 26, '19-12-23', '2023-12-19 12:03:17', 1, 1),
(427, 38, 6, 26, '19-12-23', '2023-12-19 12:03:17', 1, 1),
(428, 38, 6, 26, '19-12-23', '2023-12-19 12:07:24', 1, 1),
(429, 38, 6, 26, '19-12-23', '2023-12-19 12:07:24', 1, 1),
(430, 38, 6, 26, '19-12-23', '2023-12-19 12:07:24', 1, 1),
(431, 38, 6, 26, '19-12-23', '2023-12-19 12:07:24', 1, 1),
(432, 38, 6, 26, '19-12-23', '2023-12-19 12:07:24', 1, 1),
(433, 38, 6, 26, '19-12-23', '2023-12-19 12:07:24', 1, 1),
(434, 47, 6, 26, '19-12-23', '2023-12-19 12:07:24', 0, 0),
(435, 47, 6, 26, '19-12-23', '2023-12-19 12:14:38', 1, 0),
(436, 38, 6, 26, '19-12-23', '2023-12-19 12:14:38', 1, 1),
(437, 38, 6, 26, '19-12-23', '2023-12-19 12:14:38', 1, 1),
(438, 38, 6, 26, '19-12-23', '2023-12-19 12:14:38', 1, 1),
(439, 38, 6, 26, '19-12-23', '2023-12-19 12:14:38', 1, 1),
(440, 38, 6, 26, '19-12-23', '2023-12-19 12:14:38', 1, 1),
(441, 38, 6, 26, '19-12-23', '2023-12-19 12:14:38', 1, 1),
(442, 47, 6, 26, '19-12-23', '2023-12-19 12:14:38', 0, 0),
(443, 48, 6, 26, '19-12-23', '2023-12-19 12:14:38', 0, 0),
(444, 49, 6, 26, '19-12-23', '2023-12-19 12:14:38', 0, 0),
(445, 50, 6, 26, '19-12-23', '2023-12-19 12:14:38', 0, 0),
(446, 51, 6, 26, '19-12-23', '2023-12-19 12:14:38', 0, 0),
(447, 52, 6, 26, '19-12-23', '2023-12-19 12:14:38', 0, 0),
(448, 53, 6, 26, '19-12-23', '2023-12-19 12:14:38', 0, 0),
(449, 54, 6, 26, '19-12-23', '2023-12-19 12:14:38', 0, 0),
(450, 55, 6, 26, '19-12-23', '2023-12-19 12:14:38', 0, 0),
(451, 56, 6, 26, '19-12-23', '2023-12-19 12:14:38', 0, 0),
(452, 57, 6, 26, '19-12-23', '2023-12-19 12:14:38', 0, 0),
(453, 61, 6, 26, '19-12-23', '2023-12-19 12:14:38', 0, 0),
(454, 62, 6, 26, '19-12-23', '2023-12-19 12:14:38', 0, 0),
(455, 47, 6, 26, '19-12-23', '2023-12-19 12:14:48', 1, 0),
(456, 38, 6, 26, '19-12-23', '2023-12-19 12:14:48', 1, 1),
(457, 38, 6, 26, '19-12-23', '2023-12-19 12:14:48', 1, 1),
(458, 38, 6, 26, '19-12-23', '2023-12-19 12:14:48', 1, 1),
(459, 38, 6, 26, '19-12-23', '2023-12-19 12:14:48', 1, 1),
(460, 38, 6, 26, '19-12-23', '2023-12-19 12:14:48', 1, 1),
(461, 38, 6, 26, '19-12-23', '2023-12-19 12:14:48', 1, 1),
(462, 38, 6, 26, '19-12-23', '2023-12-19 12:16:35', 1, 1),
(463, 38, 6, 26, '19-12-23', '2023-12-19 12:16:35', 1, 1),
(464, 38, 6, 26, '19-12-23', '2023-12-19 12:16:35', 1, 1),
(465, 38, 6, 26, '19-12-23', '2023-12-19 12:16:35', 1, 1),
(466, 38, 6, 26, '19-12-23', '2023-12-19 12:16:35', 1, 1),
(467, 38, 6, 26, '19-12-23', '2023-12-19 12:16:35', 1, 1),
(468, 38, 6, 26, '20-12-23', '2023-12-20 12:22:35', 1, 1),
(469, 38, 6, 26, '20-12-23', '2023-12-20 12:22:35', 1, 1),
(470, 38, 6, 26, '20-12-23', '2023-12-20 12:22:35', 1, 1),
(471, 38, 6, 26, '20-12-23', '2023-12-20 12:22:35', 1, 1),
(472, 38, 6, 26, '20-12-23', '2023-12-20 12:22:35', 1, 1),
(473, 38, 6, 26, '20-12-23', '2023-12-20 12:22:35', 1, 1),
(474, 38, 6, 26, '22-12-23', '2023-12-22 12:30:48', 1, 1),
(475, 38, 6, 26, '22-12-23', '2023-12-22 12:30:48', 1, 1),
(476, 38, 6, 26, '22-12-23', '2023-12-22 12:30:48', 1, 1),
(477, 38, 6, 26, '22-12-23', '2023-12-22 12:30:48', 1, 1),
(478, 38, 6, 26, '22-12-23', '2023-12-22 12:30:48', 1, 1),
(479, 38, 6, 26, '22-12-23', '2023-12-22 12:30:48', 1, 1),
(480, 48, 6, 26, '22-12-23', '2023-12-22 12:30:48', 1, 0),
(481, 49, 6, 26, '22-12-23', '2023-12-22 12:30:48', 1, 0),
(482, 62, 6, 26, '22-12-23', '2023-12-22 12:30:48', 1, 0),
(483, 38, 6, 26, '22-12-23', '2023-12-22 12:31:01', 1, 1),
(484, 38, 6, 26, '22-12-23', '2023-12-22 12:31:01', 1, 1),
(485, 38, 6, 26, '22-12-23', '2023-12-22 12:31:01', 1, 1),
(486, 38, 6, 26, '22-12-23', '2023-12-22 12:31:01', 1, 1),
(487, 38, 6, 26, '22-12-23', '2023-12-22 12:31:01', 1, 1),
(488, 38, 6, 26, '22-12-23', '2023-12-22 12:31:01', 1, 1),
(489, 57, 6, 26, '22-12-23', '2023-12-22 12:31:01', 1, 0),
(490, 38, 6, 26, '22-12-23', '2023-12-22 12:31:18', 1, 1),
(491, 38, 6, 26, '22-12-23', '2023-12-22 12:31:18', 1, 1),
(492, 38, 6, 26, '22-12-23', '2023-12-22 12:31:18', 1, 1),
(493, 38, 6, 26, '22-12-23', '2023-12-22 12:31:18', 1, 1),
(494, 38, 6, 26, '22-12-23', '2023-12-22 12:31:18', 1, 1),
(495, 38, 6, 26, '22-12-23', '2023-12-22 12:31:18', 1, 1),
(496, 57, 6, 26, '22-12-23', '2023-12-22 12:31:18', 0, 0),
(497, 62, 6, 26, '22-12-23', '2023-12-22 12:31:18', 0, 0),
(498, 38, 6, 26, '22-12-23', '2023-12-22 12:31:26', 1, 1),
(499, 38, 6, 26, '22-12-23', '2023-12-22 12:31:26', 1, 1),
(500, 38, 6, 26, '22-12-23', '2023-12-22 12:31:26', 1, 1),
(501, 38, 6, 26, '22-12-23', '2023-12-22 12:31:26', 1, 1),
(502, 38, 6, 26, '22-12-23', '2023-12-22 12:31:26', 1, 1),
(503, 38, 6, 26, '22-12-23', '2023-12-22 12:31:26', 1, 1),
(504, 62, 6, 26, '22-12-23', '2023-12-22 12:31:26', 1, 0),
(505, 38, 6, 26, '19-12-23', '2023-12-19 12:36:22', 1, 1),
(506, 38, 6, 26, '19-12-23', '2023-12-19 12:36:22', 1, 1),
(507, 38, 6, 26, '19-12-23', '2023-12-19 12:36:22', 1, 1),
(508, 38, 6, 26, '19-12-23', '2023-12-19 12:36:22', 1, 1),
(509, 38, 6, 26, '19-12-23', '2023-12-19 12:36:22', 1, 1),
(510, 38, 6, 26, '19-12-23', '2023-12-19 12:36:22', 1, 1),
(511, 50, 6, 26, '19-12-23', '2023-12-19 12:36:22', 1, 0),
(512, 51, 6, 26, '19-12-23', '2023-12-19 12:36:22', 1, 0),
(513, 52, 6, 26, '19-12-23', '2023-12-19 12:36:22', 1, 0),
(514, 53, 6, 26, '19-12-23', '2023-12-19 12:36:22', 1, 0),
(515, 54, 6, 26, '19-12-23', '2023-12-19 12:36:22', 1, 0),
(516, 55, 6, 26, '19-12-23', '2023-12-19 12:36:22', 1, 0),
(517, 56, 6, 26, '19-12-23', '2023-12-19 12:36:22', 1, 0),
(518, 57, 6, 26, '19-12-23', '2023-12-19 12:36:22', 1, 0),
(519, 61, 6, 26, '19-12-23', '2023-12-19 12:36:22', 1, 0),
(520, 38, 6, 26, '19-12-23', '2023-12-19 12:37:02', 1, 1),
(521, 38, 6, 26, '19-12-23', '2023-12-19 12:37:02', 1, 1),
(522, 38, 6, 26, '19-12-23', '2023-12-19 12:37:02', 1, 1),
(523, 38, 6, 26, '19-12-23', '2023-12-19 12:37:02', 1, 1),
(524, 38, 6, 26, '19-12-23', '2023-12-19 12:37:02', 1, 1),
(525, 38, 6, 26, '19-12-23', '2023-12-19 12:37:02', 1, 1),
(526, 47, 6, 26, '19-12-23', '2023-12-19 12:37:02', 0, 0),
(527, 48, 6, 26, '19-12-23', '2023-12-19 12:37:02', 0, 0),
(528, 49, 6, 26, '19-12-23', '2023-12-19 12:37:02', 0, 0),
(529, 50, 6, 26, '19-12-23', '2023-12-19 12:37:02', 0, 0),
(530, 52, 6, 26, '19-12-23', '2023-12-19 12:37:02', 0, 0),
(531, 53, 6, 26, '19-12-23', '2023-12-19 12:37:02', 0, 0),
(532, 54, 6, 26, '19-12-23', '2023-12-19 12:37:02', 0, 0),
(533, 55, 6, 26, '19-12-23', '2023-12-19 12:37:02', 0, 0),
(534, 56, 6, 26, '19-12-23', '2023-12-19 12:37:02', 0, 0),
(535, 57, 6, 26, '19-12-23', '2023-12-19 12:37:02', 0, 0),
(536, 61, 6, 26, '19-12-23', '2023-12-19 12:37:02', 0, 0),
(537, 62, 6, 26, '19-12-23', '2023-12-19 12:37:02', 0, 0),
(538, 47, 6, 26, '19-12-23', '2023-12-19 12:43:59', 1, 0),
(539, 38, 6, 26, '19-12-23', '2023-12-19 12:43:59', 1, 1),
(540, 38, 6, 26, '19-12-23', '2023-12-19 12:43:59', 1, 1),
(541, 38, 6, 26, '19-12-23', '2023-12-19 12:43:59', 1, 1),
(542, 38, 6, 26, '19-12-23', '2023-12-19 12:43:59', 1, 1),
(543, 38, 6, 26, '19-12-23', '2023-12-19 12:43:59', 1, 1),
(544, 38, 6, 26, '19-12-23', '2023-12-19 12:43:59', 1, 1),
(545, 38, 6, 26, '19-12-23', '2023-12-19 12:44:13', 1, 1),
(546, 38, 6, 26, '19-12-23', '2023-12-19 12:44:13', 1, 1),
(547, 38, 6, 26, '19-12-23', '2023-12-19 12:44:13', 1, 1),
(548, 38, 6, 26, '19-12-23', '2023-12-19 12:44:13', 1, 1),
(549, 38, 6, 26, '19-12-23', '2023-12-19 12:44:13', 1, 1),
(550, 38, 6, 26, '19-12-23', '2023-12-19 12:44:13', 1, 1),
(551, 62, 6, 26, '19-12-23', '2023-12-19 12:44:13', 1, 0),
(552, 38, 6, 26, '19-12-23', '2023-12-19 12:44:20', 1, 1),
(553, 38, 6, 26, '19-12-23', '2023-12-19 12:44:20', 1, 1),
(554, 38, 6, 26, '19-12-23', '2023-12-19 12:44:20', 1, 1),
(555, 38, 6, 26, '19-12-23', '2023-12-19 12:44:20', 1, 1),
(556, 38, 6, 26, '19-12-23', '2023-12-19 12:44:20', 1, 1),
(557, 38, 6, 26, '19-12-23', '2023-12-19 12:44:20', 1, 1),
(558, 57, 6, 26, '19-12-23', '2023-12-19 12:44:20', 1, 0),
(559, 38, 6, 26, '19-12-23', '2023-12-19 12:44:30', 1, 1),
(560, 38, 6, 26, '19-12-23', '2023-12-19 12:44:30', 1, 1),
(561, 38, 6, 26, '19-12-23', '2023-12-19 12:44:30', 1, 1),
(562, 38, 6, 26, '19-12-23', '2023-12-19 12:44:30', 1, 1),
(563, 38, 6, 26, '19-12-23', '2023-12-19 12:44:30', 1, 1),
(564, 38, 6, 26, '19-12-23', '2023-12-19 12:44:30', 1, 1),
(565, 55, 6, 26, '19-12-23', '2023-12-19 12:44:30', 1, 0),
(566, 38, 6, 26, '19-12-23', '2023-12-19 12:46:05', 1, 1),
(567, 38, 6, 26, '19-12-23', '2023-12-19 12:46:05', 1, 1),
(568, 38, 6, 26, '19-12-23', '2023-12-19 12:46:05', 1, 1),
(569, 38, 6, 26, '19-12-23', '2023-12-19 12:46:05', 1, 1),
(570, 38, 6, 26, '19-12-23', '2023-12-19 12:46:05', 1, 1),
(571, 38, 6, 26, '19-12-23', '2023-12-19 12:46:05', 1, 1),
(572, 38, 6, 26, '19-12-23', '2023-12-19 12:46:10', 1, 1),
(573, 38, 6, 26, '19-12-23', '2023-12-19 12:46:10', 1, 1),
(574, 38, 6, 26, '19-12-23', '2023-12-19 12:46:10', 1, 1),
(575, 38, 6, 26, '19-12-23', '2023-12-19 12:46:10', 1, 1),
(576, 38, 6, 26, '19-12-23', '2023-12-19 12:46:10', 1, 1),
(577, 38, 6, 26, '19-12-23', '2023-12-19 12:46:10', 1, 1),
(578, 38, 6, 26, '19-12-23', '2023-12-19 12:49:05', 1, 1),
(579, 38, 6, 26, '19-12-23', '2023-12-19 12:49:05', 1, 1),
(580, 38, 6, 26, '19-12-23', '2023-12-19 12:49:05', 1, 1),
(581, 38, 6, 26, '19-12-23', '2023-12-19 12:49:05', 1, 1),
(582, 38, 6, 26, '19-12-23', '2023-12-19 12:49:05', 1, 1),
(583, 38, 6, 26, '19-12-23', '2023-12-19 12:49:05', 1, 1),
(584, 38, 6, 26, '19-12-23', '2023-12-19 12:51:42', 1, 1),
(585, 38, 6, 26, '19-12-23', '2023-12-19 12:51:42', 1, 1),
(586, 38, 6, 26, '19-12-23', '2023-12-19 12:51:42', 1, 1),
(587, 38, 6, 26, '19-12-23', '2023-12-19 12:51:42', 1, 1),
(588, 38, 6, 26, '19-12-23', '2023-12-19 12:51:42', 1, 1),
(589, 44, 6, 26, '19-12-23', '2023-12-19 12:51:42', 0, 0),
(590, 38, 6, 26, '19-12-23', '2023-12-19 12:51:48', 1, 1),
(591, 38, 6, 26, '19-12-23', '2023-12-19 12:51:48', 1, 1),
(592, 38, 6, 26, '19-12-23', '2023-12-19 12:51:48', 1, 1),
(593, 38, 6, 26, '19-12-23', '2023-12-19 12:51:48', 1, 1),
(594, 38, 6, 26, '19-12-23', '2023-12-19 12:51:48', 1, 1),
(595, 38, 6, 26, '19-12-23', '2023-12-19 12:51:48', 1, 1),
(596, 38, 6, 26, '19-12-23', '2023-12-19 12:53:55', 1, 1),
(597, 38, 6, 26, '19-12-23', '2023-12-19 12:53:55', 1, 1),
(598, 38, 6, 26, '19-12-23', '2023-12-19 12:53:55', 1, 1),
(599, 38, 6, 26, '19-12-23', '2023-12-19 12:53:55', 1, 1),
(600, 38, 6, 26, '19-12-23', '2023-12-19 12:53:55', 1, 1),
(601, 38, 6, 26, '19-12-23', '2023-12-19 12:53:55', 1, 1),
(602, 38, 6, 26, '19-12-23', '2023-12-19 13:30:15', 1, 1),
(603, 38, 6, 26, '19-12-23', '2023-12-19 13:30:15', 1, 1),
(604, 38, 6, 26, '19-12-23', '2023-12-19 13:30:15', 1, 1),
(605, 38, 6, 26, '19-12-23', '2023-12-19 13:30:15', 1, 1),
(606, 38, 6, 26, '19-12-23', '2023-12-19 13:30:15', 1, 1),
(607, 38, 6, 26, '19-12-23', '2023-12-19 13:30:15', 1, 1),
(608, 38, 6, 26, '19-12-23', '2023-12-19 13:31:48', 1, 1),
(609, 38, 6, 26, '19-12-23', '2023-12-19 13:31:48', 1, 1),
(610, 38, 6, 26, '19-12-23', '2023-12-19 13:31:48', 1, 1),
(611, 38, 6, 26, '19-12-23', '2023-12-19 13:31:48', 1, 1),
(612, 38, 6, 26, '19-12-23', '2023-12-19 13:31:48', 1, 1),
(613, 38, 6, 26, '19-12-23', '2023-12-19 13:31:48', 1, 1),
(614, 38, 6, 26, '19-12-23', '2023-12-19 13:35:34', 1, 1),
(615, 38, 6, 26, '19-12-23', '2023-12-19 13:35:34', 1, 1),
(616, 38, 6, 26, '19-12-23', '2023-12-19 13:35:34', 1, 1),
(617, 38, 6, 26, '19-12-23', '2023-12-19 13:35:34', 1, 1),
(618, 38, 6, 26, '19-12-23', '2023-12-19 13:35:34', 1, 1),
(619, 38, 6, 26, '19-12-23', '2023-12-19 13:35:34', 1, 1),
(620, 48, 6, 26, '19-12-23', '2023-12-19 13:35:34', 1, 0),
(621, 49, 6, 26, '19-12-23', '2023-12-19 13:35:34', 1, 0),
(622, 38, 6, 26, '19-12-23', '2023-12-19 13:36:34', 1, 1),
(623, 38, 6, 26, '19-12-23', '2023-12-19 13:36:34', 1, 1),
(624, 38, 6, 26, '19-12-23', '2023-12-19 13:36:34', 1, 1),
(625, 38, 6, 26, '19-12-23', '2023-12-19 13:36:34', 1, 1),
(626, 38, 6, 26, '19-12-23', '2023-12-19 13:36:34', 1, 1),
(627, 38, 6, 26, '19-12-23', '2023-12-19 13:36:34', 1, 1),
(628, 38, 6, 26, '19-12-23', '2023-12-19 13:40:53', 1, 1),
(629, 38, 6, 26, '19-12-23', '2023-12-19 13:40:53', 1, 1),
(630, 38, 6, 26, '19-12-23', '2023-12-19 13:40:53', 1, 1),
(631, 38, 6, 26, '19-12-23', '2023-12-19 13:40:53', 1, 1),
(632, 38, 6, 26, '19-12-23', '2023-12-19 13:40:53', 1, 1),
(633, 38, 6, 26, '19-12-23', '2023-12-19 13:40:53', 1, 1),
(634, 38, 6, 26, '20-12-23', '2023-12-20 13:46:27', 1, 1),
(635, 38, 6, 26, '20-12-23', '2023-12-20 13:46:27', 1, 1),
(636, 38, 6, 26, '20-12-23', '2023-12-20 13:46:27', 1, 1),
(637, 38, 6, 26, '20-12-23', '2023-12-20 13:46:27', 1, 1),
(638, 38, 6, 26, '20-12-23', '2023-12-20 13:46:27', 1, 1),
(639, 38, 6, 26, '20-12-23', '2023-12-20 13:46:27', 1, 1),
(640, 38, 6, 26, '20-12-23', '2023-12-20 14:00:19', 1, 1),
(641, 38, 6, 26, '20-12-23', '2023-12-20 14:00:19', 1, 1),
(642, 38, 6, 26, '20-12-23', '2023-12-20 14:00:19', 1, 1),
(643, 38, 6, 26, '20-12-23', '2023-12-20 14:00:19', 1, 1),
(644, 38, 6, 26, '20-12-23', '2023-12-20 14:00:19', 1, 1),
(645, 38, 6, 26, '20-12-23', '2023-12-20 14:00:19', 1, 1),
(646, 50, 6, 26, '20-12-23', '2023-12-20 14:00:19', 1, 0),
(647, 52, 6, 26, '20-12-23', '2023-12-20 14:00:19', 1, 0),
(648, 53, 6, 26, '20-12-23', '2023-12-20 14:00:19', 1, 0),
(649, 54, 6, 26, '20-12-23', '2023-12-20 14:00:19', 1, 0),
(650, 55, 6, 26, '20-12-23', '2023-12-20 14:00:19', 0, 0),
(651, 57, 6, 26, '20-12-23', '2023-12-20 14:00:19', 0, 0),
(652, 61, 6, 26, '20-12-23', '2023-12-20 14:00:19', 1, 0),
(653, 62, 6, 26, '20-12-23', '2023-12-20 14:00:19', 0, 0),
(654, 38, 6, 26, '20-12-23', '2023-12-20 14:00:30', 1, 1),
(655, 38, 6, 26, '20-12-23', '2023-12-20 14:00:30', 1, 1),
(656, 38, 6, 26, '20-12-23', '2023-12-20 14:00:30', 1, 1),
(657, 38, 6, 26, '20-12-23', '2023-12-20 14:00:30', 1, 1),
(658, 38, 6, 26, '20-12-23', '2023-12-20 14:00:30', 1, 1),
(659, 38, 6, 26, '20-12-23', '2023-12-20 14:00:30', 1, 1),
(660, 55, 6, 26, '20-12-23', '2023-12-20 14:00:30', 1, 1),
(661, 56, 6, 26, '20-12-23', '2023-12-20 14:00:30', 1, 1),
(662, 57, 6, 26, '20-12-23', '2023-12-20 14:00:30', 1, 1),
(663, 62, 6, 26, '20-12-23', '2023-12-20 14:00:30', 1, 1),
(664, 38, 6, 26, '20-12-23', '2023-12-20 14:00:46', 1, 1),
(665, 38, 6, 26, '20-12-23', '2023-12-20 14:00:46', 1, 1),
(666, 38, 6, 26, '20-12-23', '2023-12-20 14:00:46', 1, 1),
(667, 38, 6, 26, '20-12-23', '2023-12-20 14:00:46', 1, 1),
(668, 38, 6, 26, '20-12-23', '2023-12-20 14:00:46', 1, 1),
(669, 38, 6, 26, '20-12-23', '2023-12-20 14:00:46', 1, 1),
(670, 38, 6, 26, '20-12-23', '2023-12-20 14:01:23', 1, 1),
(671, 38, 6, 26, '20-12-23', '2023-12-20 14:01:23', 1, 1),
(672, 38, 6, 26, '20-12-23', '2023-12-20 14:01:23', 1, 1),
(673, 38, 6, 26, '20-12-23', '2023-12-20 14:01:23', 1, 1),
(674, 38, 6, 26, '20-12-23', '2023-12-20 14:01:23', 1, 1),
(675, 38, 6, 26, '20-12-23', '2023-12-20 14:01:23', 1, 1),
(676, 61, 6, 26, '20-12-23', '2023-12-20 14:01:23', 0, 0),
(677, 38, 6, 26, '20-12-23', '2023-12-20 14:01:37', 1, 1),
(678, 38, 6, 26, '20-12-23', '2023-12-20 14:01:37', 1, 1),
(679, 38, 6, 26, '20-12-23', '2023-12-20 14:01:37', 1, 1),
(680, 38, 6, 26, '20-12-23', '2023-12-20 14:01:37', 1, 1),
(681, 38, 6, 26, '20-12-23', '2023-12-20 14:01:37', 1, 1),
(682, 38, 6, 26, '20-12-23', '2023-12-20 14:01:37', 1, 1),
(683, 61, 6, 26, '20-12-23', '2023-12-20 14:01:37', 1, 1),
(684, 38, 6, 26, '20-12-23', '2023-12-20 14:02:25', 1, 1),
(685, 38, 6, 26, '20-12-23', '2023-12-20 14:02:25', 1, 1),
(686, 38, 6, 26, '20-12-23', '2023-12-20 14:02:25', 1, 1),
(687, 38, 6, 26, '20-12-23', '2023-12-20 14:02:25', 1, 1),
(688, 38, 6, 26, '20-12-23', '2023-12-20 14:02:25', 1, 1),
(689, 38, 6, 26, '20-12-23', '2023-12-20 14:02:25', 1, 1),
(690, 47, 6, 26, '20-12-23', '2023-12-20 14:02:25', 0, 0),
(691, 47, 6, 26, '20-12-23', '2023-12-20 14:02:33', 1, 0),
(692, 38, 6, 26, '20-12-23', '2023-12-20 14:02:33', 1, 1),
(693, 38, 6, 26, '20-12-23', '2023-12-20 14:02:33', 1, 1),
(694, 38, 6, 26, '20-12-23', '2023-12-20 14:02:33', 1, 1),
(695, 38, 6, 26, '20-12-23', '2023-12-20 14:02:33', 1, 1),
(696, 38, 6, 26, '20-12-23', '2023-12-20 14:02:33', 1, 1),
(697, 38, 6, 26, '20-12-23', '2023-12-20 14:02:33', 1, 1),
(698, 47, 6, 26, '20-12-23', '2023-12-20 14:02:33', 0, 0),
(699, 47, 6, 26, '20-12-23', '2023-12-20 14:02:41', 1, 0),
(700, 38, 6, 26, '20-12-23', '2023-12-20 14:02:41', 1, 1),
(701, 38, 6, 26, '20-12-23', '2023-12-20 14:02:41', 1, 1),
(702, 38, 6, 26, '20-12-23', '2023-12-20 14:02:41', 1, 1),
(703, 38, 6, 26, '20-12-23', '2023-12-20 14:02:41', 1, 1),
(704, 38, 6, 26, '20-12-23', '2023-12-20 14:02:41', 1, 1),
(705, 38, 6, 26, '20-12-23', '2023-12-20 14:02:41', 1, 1),
(706, 53, 6, 26, '20-12-23', '2023-12-20 14:02:41', 0, 0),
(707, 54, 6, 26, '20-12-23', '2023-12-20 14:02:41', 0, 0),
(708, 38, 6, 26, '20-12-23', '2023-12-20 14:02:49', 1, 1),
(709, 38, 6, 26, '20-12-23', '2023-12-20 14:02:49', 1, 1),
(710, 38, 6, 26, '20-12-23', '2023-12-20 14:02:49', 1, 1),
(711, 38, 6, 26, '20-12-23', '2023-12-20 14:02:49', 1, 1),
(712, 38, 6, 26, '20-12-23', '2023-12-20 14:02:49', 1, 1),
(713, 38, 6, 26, '20-12-23', '2023-12-20 14:02:49', 1, 1),
(714, 51, 6, 26, '20-12-23', '2023-12-20 14:02:49', 0, 0),
(715, 52, 6, 26, '20-12-23', '2023-12-20 14:02:49', 0, 0),
(716, 38, 6, 26, '20-12-23', '2023-12-20 14:02:57', 1, 1),
(717, 38, 6, 26, '20-12-23', '2023-12-20 14:02:57', 1, 1),
(718, 38, 6, 26, '20-12-23', '2023-12-20 14:02:57', 1, 1),
(719, 38, 6, 26, '20-12-23', '2023-12-20 14:02:57', 1, 1),
(720, 38, 6, 26, '20-12-23', '2023-12-20 14:02:57', 1, 1),
(721, 38, 6, 26, '20-12-23', '2023-12-20 14:02:57', 1, 1),
(722, 47, 6, 26, '20-12-23', '2023-12-20 14:02:57', 0, 0),
(723, 48, 6, 26, '20-12-23', '2023-12-20 14:02:57', 0, 0),
(724, 47, 6, 26, '20-12-23', '2023-12-20 14:03:03', 1, 0),
(725, 38, 6, 26, '20-12-23', '2023-12-20 14:03:03', 1, 1),
(726, 38, 6, 26, '20-12-23', '2023-12-20 14:03:03', 1, 1),
(727, 38, 6, 26, '20-12-23', '2023-12-20 14:03:03', 1, 1),
(728, 38, 6, 26, '20-12-23', '2023-12-20 14:03:03', 1, 1),
(729, 38, 6, 26, '20-12-23', '2023-12-20 14:03:03', 1, 1),
(730, 38, 6, 26, '20-12-23', '2023-12-20 14:03:03', 1, 1),
(731, 49, 6, 26, '20-12-23', '2023-12-20 14:03:03', 0, 0),
(732, 50, 6, 26, '20-12-23', '2023-12-20 14:03:03', 0, 0),
(733, 38, 6, 26, '20-12-23', '2023-12-20 14:03:10', 1, 1),
(734, 38, 6, 26, '20-12-23', '2023-12-20 14:03:10', 1, 1),
(735, 38, 6, 26, '20-12-23', '2023-12-20 14:03:10', 1, 1),
(736, 38, 6, 26, '20-12-23', '2023-12-20 14:03:10', 1, 1),
(737, 38, 6, 26, '20-12-23', '2023-12-20 14:03:10', 1, 1),
(738, 38, 6, 26, '20-12-23', '2023-12-20 14:03:10', 1, 1),
(739, 38, 6, 26, '20-12-23', '2023-12-20 14:03:17', 1, 1),
(740, 38, 6, 26, '20-12-23', '2023-12-20 14:03:17', 1, 1),
(741, 38, 6, 26, '20-12-23', '2023-12-20 14:03:17', 1, 1),
(742, 38, 6, 26, '20-12-23', '2023-12-20 14:03:17', 1, 1),
(743, 38, 6, 26, '20-12-23', '2023-12-20 14:03:17', 1, 1),
(744, 38, 6, 26, '20-12-23', '2023-12-20 14:03:17', 1, 1),
(745, 48, 6, 26, '20-12-23', '2023-12-20 14:03:17', 1, 0),
(746, 38, 6, 26, '20-12-23', '2023-12-20 14:03:25', 1, 1),
(747, 38, 6, 26, '20-12-23', '2023-12-20 14:03:25', 1, 1),
(748, 38, 6, 26, '20-12-23', '2023-12-20 14:03:25', 1, 1),
(749, 38, 6, 26, '20-12-23', '2023-12-20 14:03:25', 1, 1),
(750, 38, 6, 26, '20-12-23', '2023-12-20 14:03:25', 1, 1),
(751, 38, 6, 26, '20-12-23', '2023-12-20 14:03:25', 1, 1),
(752, 38, 6, 26, '20-12-23', '2023-12-20 14:03:32', 1, 1),
(753, 38, 6, 26, '20-12-23', '2023-12-20 14:03:32', 1, 1),
(754, 38, 6, 26, '20-12-23', '2023-12-20 14:03:32', 1, 1),
(755, 38, 6, 26, '20-12-23', '2023-12-20 14:03:32', 1, 1),
(756, 38, 6, 26, '20-12-23', '2023-12-20 14:03:32', 1, 1),
(757, 38, 6, 26, '20-12-23', '2023-12-20 14:03:32', 1, 1),
(758, 49, 6, 26, '20-12-23', '2023-12-20 14:03:32', 1, 1),
(759, 38, 6, 26, '20-12-23', '2023-12-20 14:03:43', 1, 1),
(760, 38, 6, 26, '20-12-23', '2023-12-20 14:03:43', 1, 1),
(761, 38, 6, 26, '20-12-23', '2023-12-20 14:03:43', 1, 1),
(762, 38, 6, 26, '20-12-23', '2023-12-20 14:03:43', 1, 1),
(763, 38, 6, 26, '20-12-23', '2023-12-20 14:03:43', 1, 1),
(764, 38, 6, 26, '20-12-23', '2023-12-20 14:03:43', 1, 1),
(765, 47, 6, 26, '20-12-23', '2023-12-20 14:03:43', 0, 0),
(766, 47, 6, 26, '20-12-23', '2023-12-20 14:07:37', 1, 1),
(767, 38, 6, 26, '20-12-23', '2023-12-20 14:07:37', 1, 1),
(768, 38, 6, 26, '20-12-23', '2023-12-20 14:07:37', 1, 1),
(769, 38, 6, 26, '20-12-23', '2023-12-20 14:07:37', 1, 1),
(770, 38, 6, 26, '20-12-23', '2023-12-20 14:07:37', 1, 1),
(771, 38, 6, 26, '20-12-23', '2023-12-20 14:07:37', 1, 1),
(772, 38, 6, 26, '20-12-23', '2023-12-20 14:07:37', 1, 1),
(773, 50, 6, 26, '20-12-23', '2023-12-20 14:07:37', 1, 1),
(774, 51, 6, 26, '20-12-23', '2023-12-20 14:07:37', 1, 1),
(775, 52, 6, 26, '20-12-23', '2023-12-20 14:07:37', 1, 1),
(776, 53, 6, 26, '20-12-23', '2023-12-20 14:07:37', 1, 1),
(777, 54, 6, 26, '20-12-23', '2023-12-20 14:07:37', 1, 1),
(778, 38, 6, 26, '20-12-23', '2023-12-20 14:19:02', 1, 1),
(779, 38, 6, 26, '20-12-23', '2023-12-20 14:19:02', 1, 1),
(780, 38, 6, 26, '20-12-23', '2023-12-20 14:19:02', 1, 1),
(781, 38, 6, 26, '20-12-23', '2023-12-20 14:19:02', 1, 1),
(782, 38, 6, 26, '20-12-23', '2023-12-20 14:19:02', 1, 1),
(783, 38, 6, 26, '20-12-23', '2023-12-20 14:19:02', 1, 1),
(784, 38, 6, 26, '20-12-23', '2023-12-20 14:20:23', 1, 1),
(785, 38, 6, 26, '20-12-23', '2023-12-20 14:20:23', 1, 1),
(786, 38, 6, 26, '20-12-23', '2023-12-20 14:20:23', 1, 1),
(787, 38, 6, 26, '20-12-23', '2023-12-20 14:20:23', 1, 1),
(788, 38, 6, 26, '20-12-23', '2023-12-20 14:20:23', 1, 1),
(789, 38, 6, 26, '20-12-23', '2023-12-20 14:20:23', 1, 1),
(790, 38, 6, 26, '20-12-23', '2023-12-20 14:22:52', 1, 1),
(791, 38, 6, 26, '20-12-23', '2023-12-20 14:22:52', 1, 1),
(792, 38, 6, 26, '20-12-23', '2023-12-20 14:22:52', 1, 1),
(793, 38, 6, 26, '20-12-23', '2023-12-20 14:22:52', 1, 1),
(794, 38, 6, 26, '20-12-23', '2023-12-20 14:22:52', 1, 1),
(795, 38, 6, 26, '20-12-23', '2023-12-20 14:22:52', 1, 1),
(796, 38, 6, 26, '20-12-23', '2023-12-20 14:24:38', 1, 1),
(797, 38, 6, 26, '20-12-23', '2023-12-20 14:24:38', 1, 1),
(798, 38, 6, 26, '20-12-23', '2023-12-20 14:24:38', 1, 1),
(799, 38, 6, 26, '20-12-23', '2023-12-20 14:24:38', 1, 1),
(800, 38, 6, 26, '20-12-23', '2023-12-20 14:24:38', 1, 1),
(801, 38, 6, 26, '20-12-23', '2023-12-20 14:24:38', 1, 1),
(802, 38, 6, 26, '20-12-23', '2023-12-20 14:34:01', 1, 1),
(803, 38, 6, 26, '20-12-23', '2023-12-20 14:34:01', 1, 1),
(804, 38, 6, 26, '20-12-23', '2023-12-20 14:34:01', 1, 1),
(805, 38, 6, 26, '20-12-23', '2023-12-20 14:34:01', 1, 1),
(806, 38, 6, 26, '20-12-23', '2023-12-20 14:34:01', 1, 1),
(807, 38, 6, 26, '20-12-23', '2023-12-20 14:34:01', 1, 1),
(808, 38, 6, 26, '20-12-23', '2023-12-20 14:35:52', 1, 1),
(809, 38, 6, 26, '20-12-23', '2023-12-20 14:35:52', 1, 1),
(810, 38, 6, 26, '20-12-23', '2023-12-20 14:35:52', 1, 1),
(811, 38, 6, 26, '20-12-23', '2023-12-20 14:35:52', 1, 1),
(812, 38, 6, 26, '20-12-23', '2023-12-20 14:35:52', 1, 1),
(813, 38, 6, 26, '20-12-23', '2023-12-20 14:35:52', 1, 1),
(814, 38, 6, 26, '20-12-23', '2023-12-20 14:36:45', 1, 1),
(815, 38, 6, 26, '20-12-23', '2023-12-20 14:36:45', 1, 1),
(816, 38, 6, 26, '20-12-23', '2023-12-20 14:36:45', 1, 1),
(817, 38, 6, 26, '20-12-23', '2023-12-20 14:36:45', 1, 1),
(818, 38, 6, 26, '20-12-23', '2023-12-20 14:36:45', 1, 1),
(819, 38, 6, 26, '20-12-23', '2023-12-20 14:36:45', 1, 1),
(820, 38, 6, 26, '20-12-23', '2023-12-20 14:55:07', 1, 1),
(821, 38, 6, 26, '20-12-23', '2023-12-20 14:55:07', 1, 1),
(822, 38, 6, 26, '20-12-23', '2023-12-20 14:55:07', 1, 1),
(823, 38, 6, 26, '20-12-23', '2023-12-20 14:55:07', 1, 1),
(824, 38, 6, 26, '20-12-23', '2023-12-20 14:55:07', 1, 1),
(825, 38, 6, 26, '20-12-23', '2023-12-20 14:55:07', 1, 1),
(826, 64, 6, 26, '20-12-23', '2023-12-20 14:55:07', 1, 0),
(827, 65, 6, 26, '20-12-23', '2023-12-20 14:55:07', 1, 0),
(828, 66, 6, 26, '20-12-23', '2023-12-20 14:55:07', 1, 0),
(829, 38, 6, 26, '20-12-23', '2023-12-20 14:55:16', 1, 1),
(830, 38, 6, 26, '20-12-23', '2023-12-20 14:55:16', 1, 1),
(831, 38, 6, 26, '20-12-23', '2023-12-20 14:55:16', 1, 1),
(832, 38, 6, 26, '20-12-23', '2023-12-20 14:55:16', 1, 1),
(833, 38, 6, 26, '20-12-23', '2023-12-20 14:55:16', 1, 1),
(834, 38, 6, 26, '20-12-23', '2023-12-20 14:55:16', 1, 1),
(835, 48, 6, 26, '20-12-23', '2023-12-20 14:55:16', 0, 0),
(836, 64, 6, 26, '20-12-23', '2023-12-20 14:55:16', 0, 0),
(837, 65, 6, 26, '20-12-23', '2023-12-20 14:55:16', 0, 0),
(838, 66, 6, 26, '20-12-23', '2023-12-20 14:55:16', 0, 0),
(839, 38, 6, 26, '20-12-23', '2023-12-20 14:55:30', 1, 1),
(840, 38, 6, 26, '20-12-23', '2023-12-20 14:55:30', 1, 1),
(841, 38, 6, 26, '20-12-23', '2023-12-20 14:55:30', 1, 1),
(842, 38, 6, 26, '20-12-23', '2023-12-20 14:55:30', 1, 1),
(843, 38, 6, 26, '20-12-23', '2023-12-20 14:55:30', 1, 1),
(844, 38, 6, 26, '20-12-23', '2023-12-20 14:55:30', 1, 1),
(845, 48, 6, 26, '20-12-23', '2023-12-20 14:55:30', 1, 1),
(846, 64, 6, 26, '20-12-23', '2023-12-20 14:55:30', 1, 1),
(847, 65, 6, 26, '20-12-23', '2023-12-20 14:55:30', 1, 1),
(848, 66, 6, 26, '20-12-23', '2023-12-20 14:55:30', 1, 1),
(849, 67, 6, 26, '20-12-23', '2023-12-20 14:55:30', 1, 1),
(850, 68, 6, 26, '20-12-23', '2023-12-20 14:55:30', 1, 1),
(851, 69, 6, 26, '20-12-23', '2023-12-20 14:55:30', 1, 1),
(852, 70, 6, 26, '20-12-23', '2023-12-20 14:55:30', 1, 1),
(853, 71, 6, 26, '20-12-23', '2023-12-20 14:55:30', 1, 1),
(854, 72, 6, 26, '20-12-23', '2023-12-20 14:55:30', 1, 1),
(855, 73, 6, 26, '20-12-23', '2023-12-20 14:55:30', 1, 1),
(856, 74, 6, 26, '20-12-23', '2023-12-20 14:55:30', 1, 1),
(857, 75, 6, 26, '20-12-23', '2023-12-20 14:55:30', 1, 1),
(858, 77, 6, 26, '20-12-23', '2023-12-20 15:00:57', 1, 0),
(859, 76, 6, 26, '20-12-23', '2023-12-20 15:00:57', 1, 0),
(860, 78, 6, 26, '20-12-23', '2023-12-20 15:00:57', 1, 0),
(861, 38, 6, 26, '20-12-23', '2023-12-20 15:00:57', 1, 1),
(862, 38, 6, 26, '20-12-23', '2023-12-20 15:00:57', 1, 1),
(863, 38, 6, 26, '20-12-23', '2023-12-20 15:00:57', 1, 1),
(864, 38, 6, 26, '20-12-23', '2023-12-20 15:00:57', 1, 1),
(865, 38, 6, 26, '20-12-23', '2023-12-20 15:00:57', 1, 1),
(866, 38, 6, 26, '20-12-23', '2023-12-20 15:00:57', 1, 1),
(867, 77, 6, 26, '20-12-23', '2023-12-20 15:01:21', 0, 0),
(868, 76, 6, 26, '20-12-23', '2023-12-20 15:01:21', 0, 0),
(869, 78, 6, 26, '20-12-23', '2023-12-20 15:01:21', 0, 0),
(870, 38, 6, 26, '20-12-23', '2023-12-20 15:01:21', 1, 1),
(871, 38, 6, 26, '20-12-23', '2023-12-20 15:01:21', 1, 1),
(872, 38, 6, 26, '20-12-23', '2023-12-20 15:01:21', 1, 1),
(873, 38, 6, 26, '20-12-23', '2023-12-20 15:01:21', 1, 1),
(874, 38, 6, 26, '20-12-23', '2023-12-20 15:01:21', 1, 1),
(875, 38, 6, 26, '20-12-23', '2023-12-20 15:01:21', 1, 1),
(876, 77, 6, 26, '20-12-23', '2023-12-20 15:01:27', 1, 1),
(877, 76, 6, 26, '20-12-23', '2023-12-20 15:01:27', 1, 1),
(878, 78, 6, 26, '20-12-23', '2023-12-20 15:01:27', 1, 1),
(879, 38, 6, 26, '20-12-23', '2023-12-20 15:01:27', 1, 1),
(880, 38, 6, 26, '20-12-23', '2023-12-20 15:01:27', 1, 1);
INSERT INTO `group_trust_menu_history` (`GTMH_ID`, `TP_ID`, `GROUP_ID`, `ASSIGNED_BY_ID`, `DATE`, `DATE_TIME`, `ASSIGNED_STATUS`, `ACTIVE_STATUS`) VALUES
(881, 38, 6, 26, '20-12-23', '2023-12-20 15:01:27', 1, 1),
(882, 38, 6, 26, '20-12-23', '2023-12-20 15:01:27', 1, 1),
(883, 38, 6, 26, '20-12-23', '2023-12-20 15:01:27', 1, 1),
(884, 38, 6, 26, '20-12-23', '2023-12-20 15:01:27', 1, 1);

-- --------------------------------------------------------

--
-- Table structure for table `group_trust_rights`
--

CREATE TABLE `group_trust_rights` (
  `GTR_ID` bigint(225) NOT NULL,
  `GROUP_ID` int(11) NOT NULL,
  `TR_ID` int(11) NOT NULL
) ENGINE=InnoDB DEFAULT CHARSET=latin1;

--
-- Dumping data for table `group_trust_rights`
--

INSERT INTO `group_trust_rights` (`GTR_ID`, `GROUP_ID`, `TR_ID`) VALUES
(1, 6, 1),
(2, 6, 2),
(3, 6, 3),
(6, 6, 4),
(7, 1, 1),
(8, 1, 2),
(9, 1, 3),
(10, 1, 4),
(11, 2, 1),
(12, 2, 2),
(13, 2, 3),
(14, 2, 4),
(15, 3, 1),
(16, 3, 2),
(17, 3, 3),
(18, 3, 4),
(19, 4, 1),
(20, 4, 2),
(21, 4, 3),
(22, 4, 4),
(23, 5, 1),
(24, 5, 2);

-- --------------------------------------------------------

--
-- Table structure for table `hall`
--

CREATE TABLE `hall` (
  `HALL_ID` int(11) NOT NULL,
  `HALL_NAME` varchar(500) NOT NULL,
  `HALL_ACTIVE` int(11) NOT NULL,
  `HALL_BY_ID` int(11) NOT NULL,
  `HALL_BY_NAME` varchar(250) NOT NULL,
  `DATE_TIME` varchar(250) NOT NULL,
  `DATE` varchar(250) NOT NULL
) ENGINE=InnoDB DEFAULT CHARSET=latin1;

-- --------------------------------------------------------

--
-- Table structure for table `hall_financial_head`
--

CREATE TABLE `hall_financial_head` (
  `HFH_ID` int(11) NOT NULL,
  `H_ID` int(11) NOT NULL,
  `FH_ID` int(11) NOT NULL,
  `HFH_STATUS` int(11) NOT NULL,
  `HFH_BY` int(11) NOT NULL,
  `HFH_BY_NAME` varchar(250) NOT NULL,
  `DATE_TIME` varchar(250) NOT NULL,
  `DATE` varchar(250) NOT NULL
) ENGINE=InnoDB DEFAULT CHARSET=latin1;

--
-- Dumping data for table `hall_financial_head`
--

INSERT INTO `hall_financial_head` (`HFH_ID`, `H_ID`, `FH_ID`, `HFH_STATUS`, `HFH_BY`, `HFH_BY_NAME`, `DATE_TIME`, `DATE`) VALUES
(1, 3, 1, 1, 26, 'Developer ', '12-01-2024 12:00:05 PM', '12-01-2024'),
(2, 3, 2, 1, 26, 'Developer ', '12-01-2024 12:00:05 PM', '12-01-2024'),
(3, 3, 3, 1, 26, 'Developer ', '12-01-2024 12:02:50 PM', '12-01-2024');

-- --------------------------------------------------------

--
-- Table structure for table `inkind_items`
--

CREATE TABLE `inkind_items` (
  `INKIND_ITEM_ID` bigint(255) NOT NULL,
  `INKIND_ITEM_NAME` varchar(250) NOT NULL,
  `INKIND_UNIT` varchar(250) NOT NULL,
  `INKIND_DESC` varchar(500) NOT NULL,
  `CREATED_BY_ID` int(11) NOT NULL,
  `DATE_TIME` varchar(100) NOT NULL,
  `DATE` varchar(100) NOT NULL
) ENGINE=MyISAM DEFAULT CHARSET=latin1;

--
-- Dumping data for table `inkind_items`
--

INSERT INTO `inkind_items` (`INKIND_ITEM_ID`, `INKIND_ITEM_NAME`, `INKIND_UNIT`, `INKIND_DESC`, `CREATED_BY_ID`, `DATE_TIME`, `DATE`) VALUES
(1, 'Jaggery', 'Kgs', '', 3, '20-07-2017 16:27:50 PM', '20-07-17'),
(2, 'Sugar', 'Kgs', '', 2, '20-07-2017 15:11:11 PM', '20-07-17'),
(3, 'Rice', 'Kgs', '', 2, '20-07-2017 15:11:26 PM', '20-07-17'),
(4, 'Coconut', 'Nos', '', 2, '20-07-2017 15:11:37 PM', '20-07-17'),
(5, 'Sasume/Gingely oil', 'lts', '', 2, '20-07-2017 15:11:57 PM', '20-07-17'),
(6, 'Coconut Oil', 'lts', '', 2, '20-07-2017 15:12:08 PM', '20-07-17'),
(7, 'Vegetables', 'Kgs', '', 2, '20-07-2017 15:12:20 PM', '20-07-17'),
(8, 'Fruits', 'Kgs', '', 2, '20-07-2017 15:12:32 PM', '20-07-17'),
(9, 'Gold', 'Grams', '', 2, '20-07-2017 15:12:50 PM', '20-07-17'),
(10, 'Silver', 'Grams', '', 2, '20-07-2017 15:13:05 PM', '20-07-17'),
(11, 'Copper', 'Grams', '', 2, '20-07-2017 15:13:25 PM', '20-07-17'),
(12, 'Utensils', 'Nos', '', 2, '20-07-2017 15:13:37 PM', '20-07-17'),
(13, 'Food Grans', 'Kgs', '', 2, '20-07-2017 15:13:53 PM', '20-07-17'),
(15, 'Silver', 'kgs', '', 32, '24-12-2019 19:21:07 PM', '24-12-19'),
(16, 'Saree', 'nos', '', 32, '21-10-2020 19:48:16 PM', '21-10-20'),
(17, 'Kesar', 'Grams', '', 32, '21-10-2020 19:48:28 PM', '21-10-20'),
(18, 'Ghee', 'Lts', '', 32, '07-08-2021 20:10:57 PM', '07-08-21');

-- --------------------------------------------------------

--
-- Table structure for table `kanike_setting`
--

CREATE TABLE `kanike_setting` (
  `KS_ID` int(11) NOT NULL,
  `KANIKE_NAME` varchar(255) NOT NULL,
  `KS_STATUS` int(11) NOT NULL,
  `PRICE` int(11) NOT NULL
) ENGINE=InnoDB DEFAULT CHARSET=latin1;

--
-- Dumping data for table `kanike_setting`
--

INSERT INTO `kanike_setting` (`KS_ID`, `KANIKE_NAME`, `KS_STATUS`, `PRICE`) VALUES
(1, 'General Kanike', 1, 0),
(2, 'Shashwath Kanike', 0, 0),
(3, 'Mahadwara', 1, 0),
(4, 'Vahana Pooja for 2 wheeler', 1, 51),
(5, 'Vahana Pooja for 4 wheeler', 1, 101),
(6, 'Swarna Pallaki', 1, 2505),
(7, 'Swamiji Punyatithi', 1, 0),
(8, 'Others', 1, 0),
(9, 'Pratishtha Vardhanti', 1, 0),
(10, 'Adhik Masa Bhajana Mahotsava', 1, 0),
(11, 'annadaana', 1, 50),
(12, 'annadaana', 1, 500),
(13, 'shashwath kanike', 1, 0);

-- --------------------------------------------------------

--
-- Table structure for table `masa`
--

CREATE TABLE `masa` (
  `MASA_ID` int(11) NOT NULL,
  `MASA_NAME` varchar(20) NOT NULL,
  `MASA_CODE` varchar(20) NOT NULL
) ENGINE=InnoDB DEFAULT CHARSET=latin1;

--
-- Dumping data for table `masa`
--

INSERT INTO `masa` (`MASA_ID`, `MASA_NAME`, `MASA_CODE`) VALUES
(1, 'Chaitra', 'CHA'),
(2, 'Vaishakha', 'VAI'),
(3, 'Jyesta', 'JYE'),
(4, 'Ashada', 'ASD'),
(5, 'Shravana', 'SHR'),
(6, 'Bhadrapada', 'BHA'),
(7, 'Ashwija', 'ASW'),
(8, 'Karthika', 'KAR'),
(9, 'Margasheera', 'MAR'),
(10, 'Pushya', 'PUS'),
(11, 'Magha', 'MAG'),
(12, 'Phalguna', 'PHA'),
(13, 'Purushottam', 'PUR'),
(14, 'Adhika', 'ADH');

-- --------------------------------------------------------

--
-- Table structure for table `nakshatra`
--

CREATE TABLE `nakshatra` (
  `NAKSHATRA_ID` int(11) NOT NULL,
  `NAKSHATRA_NAME` varchar(250) NOT NULL
) ENGINE=MyISAM DEFAULT CHARSET=latin1;

--
-- Dumping data for table `nakshatra`
--

INSERT INTO `nakshatra` (`NAKSHATRA_ID`, `NAKSHATRA_NAME`) VALUES
(1, 'Ashwini'),
(2, 'Bharani '),
(3, 'Kritika'),
(4, 'Rohini'),
(5, 'Mrigashirsha'),
(6, 'Ardra'),
(7, 'Punarvasu '),
(8, 'Pushya '),
(9, 'Ashlesha'),
(10, 'Magha'),
(11, 'Hubba or Purva Phalguni'),
(12, 'Uttara or Uttara Phalguni'),
(13, 'Hasta'),
(14, 'Chitra '),
(15, 'Swathi'),
(16, 'Visakha'),
(17, 'Anuradha'),
(18, 'Jyeshtha'),
(19, 'Mula'),
(20, 'Purva Ashadha'),
(21, 'Uttara Asadha'),
(22, 'Shravana'),
(23, 'Dhanishta or Sravistha'),
(24, 'Shatabhisha or Satataraka'),
(25, 'Purva Bhadra'),
(26, 'Uttara Bhadra'),
(27, 'Revati');

-- --------------------------------------------------------

--
-- Table structure for table `pages`
--

CREATE TABLE `pages` (
  `P_ID` int(11) NOT NULL,
  `M_ID` int(11) NOT NULL,
  `P_NAME` varchar(500) NOT NULL,
  `P_DESC` varchar(500) NOT NULL
) ENGINE=InnoDB DEFAULT CHARSET=latin1;

--
-- Dumping data for table `pages`
--

INSERT INTO `pages` (`P_ID`, `M_ID`, `P_NAME`, `P_DESC`) VALUES
(1, 1, 'Deity Sevas', ''),
(2, 2, 'Event Sevas', ''),
(3, 3, 'All Deity Receipt', ''),
(4, 3, 'All Event Receipt', ''),
(5, 3, 'Deity Seva', ''),
(6, 3, 'Deity Donation', ''),
(7, 3, 'Deity Kanike', ''),
(8, 3, 'Event Seva', ''),
(9, 3, 'Event Donation/Kanike', ''),
(10, 3, 'Deity/Event Hundi', ''),
(11, 3, 'Deity/Event Inkind', ''),
(12, 4, 'Deity Receipt Report', ''),
(13, 4, 'Deity Seva Report', ''),
(14, 4, 'Deity MIS Report', ''),
(15, 4, 'Current Event Receipt Report', ''),
(16, 4, 'Current Event Seva Report', ''),
(17, 4, 'Current Event MIS Report', ''),
(18, 4, 'User Event Collection Report', ''),
(19, 5, 'Add Auction Item', ''),
(20, 5, 'Bid Auction Item', ''),
(21, 5, 'Auction Receipt', ''),
(22, 5, 'Saree Outward Report', ''),
(23, 5, 'Auction Item Report', ''),
(24, 6, 'Deity Seva Settings', ''),
(25, 6, 'Event Seva Settings', ''),
(26, 6, 'Receipt Settings', ''),
(27, 6, 'Time Settings', ''),
(28, 6, 'Group Settings', ''),
(29, 6, 'Users Settings', ''),
(30, 6, 'Import Settings', ''),
(31, 6, 'Auction Settings', ''),
(32, 7, 'Print Deity Details', ''),
(33, 7, 'Print Event Details', ''),
(34, 7, 'Inkind Items', ''),
(35, 7, 'Cheque Remmittance', ''),
(36, 7, 'Change Donation/Kanike', ''),
(37, 7, 'Back Up', ''),
(38, 8, 'Book Seva', ''),
(39, 8, 'All Booked Sevas', ''),
(40, 6, 'Financial Month Settings', ''),
(41, 7, 'Deity Cheque Remmittance', ''),
(42, 9, 'Deity E.O.D', ''),
(43, 6, 'Bank Settings', ''),
(44, 9, 'E.O.D Tally', ''),
(45, 4, 'Deity Seva Summary', ''),
(46, 10, 'Event E.O.D', ''),
(47, 10, 'Event E.O.D Tally', ''),
(48, 4, 'Temple Day Book', ''),
(49, 3, 'SRNS Fund', ''),
(50, 11, 'Event Token', ''),
(51, 6, 'Deity Special Receipt Price', ''),
(52, 12, 'Deity Token', ''),
(53, 13, 'Postage', ''),
(54, 13, 'Dispatch Collection', ''),
(55, 13, 'All Postage Collection', ''),
(56, 14, 'Event Postage', ''),
(57, 14, 'Event Dispatch Collection', ''),
(58, 14, 'All Event Postage Collection', ''),
(60, 15, 'Shashwath Seva', ''),
(61, 15, 'Shashwath Loss Report', ''),
(62, 15, 'Shashwath New Member', ''),
(63, 15, 'Shashwath Member', ''),
(64, 6, 'Shashwath Period Settings', ''),
(65, 6, 'Shashwath Calendar Settings', ''),
(66, 6, 'Shashwath Existing Import', ''),
(67, 6, 'Receipt Settings', ''),
(68, 16, 'Jeernodhara Kanike', ''),
(69, 16, 'Jeernodhara Hundi', ''),
(70, 16, 'Jeernodhara Inkind', ''),
(71, 16, 'Jeernodhara Daily Report', ''),
(72, 4, 'Event Seva Summary', ''),
(73, 13, 'Postage Group', 'Postage Group'),
(74, 14, 'Event Postage Group', 'Event Postage Group'),
(75, 6, 'Shashwath Festival Settings', 'Shashwath Festival Settings'),
(76, 8, 'Booked Pending Receipts', ''),
(77, 6, 'Kanike Settings', ''),
(78, 17, 'Finance Receipts', ''),
(79, 17, 'Finance Payments', ''),
(80, 17, 'Finance Journal', ''),
(81, 17, 'Finance Contra', ''),
(82, 17, 'Balance Sheet', ''),
(83, 17, 'Income and Expenditure', ''),
(84, 17, 'Receipts and Payments', ''),
(85, 17, 'Trial Balance', ''),
(86, 17, 'Finance Add Groups', ''),
(87, 17, 'Finance Add Ledgers', ''),
(88, 17, 'Finance Add Opening Balance', ''),
(89, 6, 'Voucher Counter', ''),
(90, 6, 'Finance Prerequisites', ''),
(91, 6, 'Cheque Configuration', ''),
(92, 17, 'Finance Day Book', ''),
(93, 17, 'All Ledgers and Groups', ''),
(94, 4, 'Temple Inkind Report', ''),
(95, 4, 'Temple Inkind Report', '');

-- --------------------------------------------------------

--
-- Table structure for table `postage`
--

CREATE TABLE `postage` (
  `POSTAGE_ID` int(11) NOT NULL,
  `RECEIPT_ID` int(11) NOT NULL,
  `POSTAGE_CATEGORY` int(11) NOT NULL,
  `POSTAGE_STATUS` int(11) NOT NULL,
  `REVISED_PRICE` varchar(100) NOT NULL,
  `POSTAGE_COMPANY` varchar(500) NOT NULL,
  `POSTAGE_TRACKING` varchar(500) NOT NULL,
  `LABEL_COUNTER` int(11) NOT NULL,
  `DATE_TIME` varchar(100) NOT NULL,
  `DATE` varchar(100) NOT NULL
) ENGINE=InnoDB DEFAULT CHARSET=latin1;

-- --------------------------------------------------------

--
-- Table structure for table `postage_group`
--

CREATE TABLE `postage_group` (
  `PG_ID` int(11) NOT NULL,
  `PG_NAME` varchar(250) NOT NULL,
  `PG_DESC` varchar(500) NOT NULL
) ENGINE=InnoDB DEFAULT CHARSET=latin1;

--
-- Dumping data for table `postage_group`
--

INSERT INTO `postage_group` (`PG_ID`, `PG_NAME`, `PG_DESC`) VALUES
(1, 'Sevadhar', 'Sevadhar Group');

-- --------------------------------------------------------

--
-- Table structure for table `rashi`
--

CREATE TABLE `rashi` (
  `RASHI_ID` int(11) NOT NULL,
  `RASHI_NAME` varchar(250) NOT NULL
) ENGINE=MyISAM DEFAULT CHARSET=latin1;

--
-- Dumping data for table `rashi`
--

INSERT INTO `rashi` (`RASHI_ID`, `RASHI_NAME`) VALUES
(1, 'Mesha'),
(2, 'Vrishabha'),
(3, 'Mithuna'),
(4, 'Karkataka'),
(5, 'Simha'),
(6, 'Kanya'),
(7, 'Tula'),
(8, 'Vrishchika'),
(9, 'Dhanu'),
(10, 'Makara'),
(11, 'Kumbha'),
(12, 'Meena');

-- --------------------------------------------------------

--
-- Table structure for table `rashi_nakshatra_group`
--

CREATE TABLE `rashi_nakshatra_group` (
  `RNG_ID` int(11) NOT NULL,
  `RASHI_ID` int(11) NOT NULL,
  `NAKSHATRA_ID` int(11) NOT NULL
) ENGINE=MyISAM DEFAULT CHARSET=latin1;

--
-- Dumping data for table `rashi_nakshatra_group`
--

INSERT INTO `rashi_nakshatra_group` (`RNG_ID`, `RASHI_ID`, `NAKSHATRA_ID`) VALUES
(1, 1, 1),
(2, 1, 2),
(3, 1, 3),
(4, 2, 3),
(5, 2, 4),
(6, 2, 5),
(7, 3, 5),
(8, 3, 6),
(9, 3, 7),
(10, 4, 7),
(11, 4, 8),
(12, 4, 9),
(13, 5, 10),
(14, 5, 11),
(15, 5, 12),
(16, 6, 12),
(17, 6, 13),
(18, 6, 14),
(19, 7, 14),
(20, 7, 15),
(21, 7, 16),
(22, 8, 16),
(23, 8, 17),
(24, 8, 18),
(25, 9, 19),
(26, 9, 20),
(27, 9, 21),
(28, 10, 21),
(29, 10, 22),
(30, 10, 23),
(31, 11, 23),
(32, 11, 24),
(33, 11, 25),
(34, 12, 25),
(35, 12, 26),
(36, 12, 27);

-- --------------------------------------------------------

--
-- Table structure for table `samvatsara`
--

CREATE TABLE `samvatsara` (
  `SAM_ID` int(11) NOT NULL,
  `SAM_NAME` varchar(20) NOT NULL
) ENGINE=InnoDB DEFAULT CHARSET=latin1;

--
-- Dumping data for table `samvatsara`
--

INSERT INTO `samvatsara` (`SAM_ID`, `SAM_NAME`) VALUES
(1, 'Prabhava'),
(2, 'Vibhava'),
(3, 'Sukla'),
(4, 'Pramodaduta'),
(5, 'Prajapati'),
(6, 'Angirasa'),
(7, 'Srimukha'),
(8, 'Bhava'),
(9, 'Yuva'),
(10, 'Dhatru'),
(11, 'Isvara'),
(12, 'Bahudhanya'),
(13, 'Pramathi'),
(14, 'Vikrama'),
(15, 'Vrushapraja'),
(16, 'Chitrabhanu'),
(17, 'Subhanu'),
(18, 'Tarana'),
(19, 'Parthiva'),
(20, 'Vyaya'),
(21, 'Sarvajit'),
(22, 'Sarvadharin'),
(23, 'Virodhin'),
(24, 'Vikrti'),
(25, 'Khara'),
(26, 'Nandana'),
(27, 'Vijaya'),
(28, 'Jaya'),
(29, 'Manmatha'),
(30, 'Durmukha'),
(31, 'Hevilambi'),
(32, 'Vilambi'),
(33, 'Vikari'),
(34, 'Sharvari'),
(35, 'Plava'),
(36, 'Subhakrta'),
(37, 'Sobhakratha'),
(38, 'Krodhin'),
(39, 'Visvvasu'),
(40, 'Parabhava'),
(41, 'Plavanga'),
(42, 'Kilaka'),
(43, 'Saumya'),
(44, 'Sadharana'),
(45, 'Virodhakrta'),
(46, 'Paridhavin'),
(47, 'Pramadin'),
(48, 'Ananda'),
(49, 'Raksasa'),
(50, 'Nala/Anala'),
(51, 'Pingala'),
(52, 'Kalayukta'),
(53, 'Siddharthin'),
(54, 'Raudra'),
(55, 'Durmati'),
(56, 'Dundubhi'),
(57, 'Rudhirodgarin'),
(58, 'Raktaksin'),
(59, 'Krodhana/Manyu'),
(60, 'Akshaya');

-- --------------------------------------------------------

--
-- Table structure for table `seva_booking`
--

CREATE TABLE `seva_booking` (
  `SB_ID` int(11) NOT NULL,
  `SB_NO` varchar(1000) NOT NULL,
  `SB_DATE` varchar(100) NOT NULL,
  `SB_NAME` varchar(500) NOT NULL,
  `SB_PHONE` varchar(255) NOT NULL,
  `SB_ADDRESS` varchar(10000) NOT NULL,
  `SB_ISSUED_BY_ID` int(11) NOT NULL,
  `SB_ISSUED_BY` varchar(500) NOT NULL,
  `SB_CATEGORY_ID` int(11) NOT NULL,
  `SB_ACTIVE` int(11) NOT NULL,
  `SB_DEACTIVE_NOTES` varchar(1000) NOT NULL,
  `SB_DEACTIVE_BY_ID` int(11) NOT NULL,
  `SB_DEACTIVE_BY` varchar(250) NOT NULL,
  `DEACTIVE_DATE` varchar(100) NOT NULL,
  `DEACTIVE_DATE_TIME` varchar(100) NOT NULL,
  `DATE_TIME` datetime NOT NULL DEFAULT CURRENT_TIMESTAMP,
  `SB_PAYMENT_STATUS` int(11) NOT NULL,
  `SB_PAYMENT_DATE` datetime DEFAULT NULL
) ENGINE=InnoDB DEFAULT CHARSET=latin1;

-- --------------------------------------------------------

--
-- Table structure for table `seva_limit`
--

CREATE TABLE `seva_limit` (
  `SL_ID` int(11) NOT NULL,
  `SEVA_ID` int(11) NOT NULL,
  `SEVA_DATE` varchar(10000) NOT NULL,
  `SEVA_LIMIT` int(11) NOT NULL,
  `SEVA_COUNTER` int(11) NOT NULL
) ENGINE=MyISAM DEFAULT CHARSET=latin1;

-- --------------------------------------------------------

--
-- Table structure for table `shashwath_festival_setting`
--

CREATE TABLE `shashwath_festival_setting` (
  `SFS_ID` int(255) NOT NULL,
  `SFS_NAME` varchar(255) NOT NULL,
  `SFS_THITHI_CODE` varchar(255) NOT NULL,
  `SFS_MASA` varchar(255) NOT NULL,
  `SFS_MOON` varchar(255) NOT NULL,
  `SFS_THITHI` varchar(255) NOT NULL
) ENGINE=InnoDB DEFAULT CHARSET=latin1;

--
-- Dumping data for table `shashwath_festival_setting`
--

INSERT INTO `shashwath_festival_setting` (`SFS_ID`, `SFS_NAME`, `SFS_THITHI_CODE`, `SFS_MASA`, `SFS_MOON`, `SFS_THITHI`) VALUES
(1, 'Vasanth Pooje - Chaithra ', 'CHASH01', 'Chaitra', 'Shuddha', 'Padya'),
(2, 'Vasanth Pooje - Vaishakh', 'VAISH01', 'Vaishakha', 'Shuddha', 'Padya'),
(3, 'Ganesh Chaturthi', 'BHASH04', 'Bhadrapada', 'Shuddha', 'Chowthi'),
(4, 'Karthika deepa uthsava', 'KARBH30', 'Karthika', 'Bahula', 'Amavasya'),
(5, 'sankashti', 'JYEBH07', 'Jyesta', 'Bahula', 'Saptami');

-- --------------------------------------------------------

--
-- Table structure for table `shashwath_loss_paid`
--

CREATE TABLE `shashwath_loss_paid` (
  `SLP_ID` bigint(255) NOT NULL,
  `SO_ID` bigint(255) NOT NULL,
  `RECEIPT_ID` bigint(255) NOT NULL,
  `AMOUNT` int(11) NOT NULL,
  `SLP_SS_ID` bigint(255) NOT NULL
) ENGINE=InnoDB DEFAULT CHARSET=latin1;

-- --------------------------------------------------------

--
-- Table structure for table `shashwath_mandali_member_details`
--

CREATE TABLE `shashwath_mandali_member_details` (
  `MM_ID` int(11) NOT NULL,
  `SM_ID` int(11) NOT NULL,
  `MM_NAME` varchar(1000) NOT NULL,
  `MM_PHONE` varchar(24) NOT NULL,
  `MM_PHONE2` varchar(50) NOT NULL,
  `MM_RASHI` varchar(255) NOT NULL,
  `MM_NAKSHATRA` varchar(255) NOT NULL,
  `MM_GOTRA` varchar(255) NOT NULL,
  `MM_CITY` varchar(32) NOT NULL,
  `MM_STATE` varchar(32) NOT NULL,
  `MM_ADDR1` varchar(32) NOT NULL,
  `MM_ADDR2` varchar(32) NOT NULL,
  `MM_COUNTRY` varchar(32) NOT NULL,
  `MM_PIN` bigint(32) NOT NULL,
  `MM_REMARKS` varchar(255) NOT NULL,
  `MM_ACTIVE_STATUS` int(11) NOT NULL DEFAULT '1',
  `MM_POSTAGE` int(11) NOT NULL
) ENGINE=InnoDB DEFAULT CHARSET=latin1;

-- --------------------------------------------------------

--
-- Table structure for table `shashwath_members`
--

CREATE TABLE `shashwath_members` (
  `SM_ID` bigint(255) NOT NULL,
  `SM_REF` bigint(255) NOT NULL,
  `SM_NAME` varchar(1000) NOT NULL,
  `SM_PHONE` varchar(24) NOT NULL,
  `SM_PHONE2` varchar(50) NOT NULL,
  `SM_ADDR1` varchar(32) NOT NULL,
  `SM_ADDR2` varchar(32) NOT NULL,
  `SM_CITY` varchar(32) NOT NULL,
  `SM_STATE` varchar(32) NOT NULL,
  `SM_COUNTRY` varchar(32) NOT NULL,
  `SM_PIN` bigint(32) NOT NULL,
  `SM_RASHI` varchar(32) NOT NULL,
  `SM_NAKSHATRA` varchar(255) NOT NULL,
  `SM_GOTRA` varchar(255) NOT NULL,
  `REMARKS` varchar(255) NOT NULL,
  `SM_MERGE_STATUS` int(11) NOT NULL,
  `SM_APPEAR_STATUS` int(11) NOT NULL COMMENT 'This field is temporarily added for member merge',
  `IS_MANDALI` int(11) NOT NULL
) ENGINE=InnoDB DEFAULT CHARSET=latin1;

-- --------------------------------------------------------

--
-- Table structure for table `shashwath_member_delete_history`
--

CREATE TABLE `shashwath_member_delete_history` (
  `SMDH_ID` int(11) NOT NULL,
  `SM_ID` int(11) NOT NULL,
  `SM_NAME` varchar(255) NOT NULL,
  `SM_PHONE` varchar(255) NOT NULL,
  `SM_ADDR` varchar(255) NOT NULL,
  `SM_REMARK` varchar(255) NOT NULL,
  `DELETED_BY` varchar(255) NOT NULL,
  `DELETED_DATE_TIME` varchar(255) NOT NULL
) ENGINE=InnoDB DEFAULT CHARSET=latin1;

-- --------------------------------------------------------

--
-- Table structure for table `shashwath_member_import`
--

CREATE TABLE `shashwath_member_import` (
  `sm_id` bigint(20) NOT NULL,
  `sm_reciept_no` varchar(100) NOT NULL,
  `sm_reciept_date` varchar(50) NOT NULL,
  `sm_member_name` varchar(150) NOT NULL,
  `sm_addr1` varchar(150) NOT NULL,
  `sm_addr2` varchar(150) NOT NULL,
  `sm_city` varchar(150) NOT NULL,
  `sm_pincode` varchar(50) NOT NULL,
  `sm_phone` varchar(50) NOT NULL,
  `sm_purpose` varchar(400) NOT NULL,
  `sm_gotra` varchar(100) NOT NULL,
  `sm_status` int(1) NOT NULL
) ENGINE=InnoDB DEFAULT CHARSET=utf8mb4;

-- --------------------------------------------------------

--
-- Table structure for table `shashwath_member_seva_reference`
--

CREATE TABLE `shashwath_member_seva_reference` (
  `SMR_ID` bigint(32) NOT NULL,
  `SMR_ABBR1` varchar(20) NOT NULL,
  `SM_ABBR1` varchar(32) NOT NULL,
  `SM_REF` bigint(20) NOT NULL,
  `SS_ABBR1` varchar(32) NOT NULL,
  `SS_REF` bigint(32) NOT NULL
) ENGINE=InnoDB DEFAULT CHARSET=latin1;

--
-- Dumping data for table `shashwath_member_seva_reference`
--

INSERT INTO `shashwath_member_seva_reference` (`SMR_ID`, `SMR_ABBR1`, `SM_ABBR1`, `SM_REF`, `SS_ABBR1`, `SS_REF`) VALUES
(1, 'SLVT', 'M', 3947, 'SS', 4620);

-- --------------------------------------------------------

--
-- Table structure for table `shashwath_period_setting`
--

CREATE TABLE `shashwath_period_setting` (
  `SP_ID` int(11) NOT NULL,
  `PERIOD_NAME` varchar(24) NOT NULL,
  `PERIOD` int(11) NOT NULL,
  `P_STATUS` int(1) NOT NULL
) ENGINE=InnoDB DEFAULT CHARSET=latin1;

--
-- Dumping data for table `shashwath_period_setting`
--

INSERT INTO `shashwath_period_setting` (`SP_ID`, `PERIOD_NAME`, `PERIOD`, `P_STATUS`) VALUES
(1, 'Lifetime', 999, 1),
(3, 'birthday', 70, 0);

-- --------------------------------------------------------

--
-- Table structure for table `shashwath_seva`
--

CREATE TABLE `shashwath_seva` (
  `SS_ID` bigint(255) NOT NULL,
  `SS_REF` bigint(255) NOT NULL,
  `SM_ID` bigint(255) NOT NULL,
  `SS_RECEIPT_NO` varchar(100) NOT NULL,
  `SS_RECEIPT_DATE` varchar(10) NOT NULL,
  `DEITY_ID` bigint(255) NOT NULL,
  `SEVA_ID` bigint(255) NOT NULL,
  `SEVA_QTY` int(10) NOT NULL,
  `SEVA_TYPE` varchar(24) NOT NULL,
  `CAL_TYPE` varchar(24) NOT NULL,
  `THITHI_CODE` varchar(24) NOT NULL,
  `ENG_DATE` varchar(24) NOT NULL,
  `EVERY_WEEK_MONTH` varchar(255) NOT NULL,
  `SP_ID` bigint(255) NOT NULL,
  `SP_COUNTER` bigint(255) NOT NULL,
  `SS_STATUS` bigint(255) NOT NULL,
  `SS_VERIFICATION` int(1) NOT NULL,
  `SS_VERIFICATION_BY_ID` int(11) NOT NULL,
  `SS_VERIFICATION_DATE_TIME` varchar(100) NOT NULL,
  `SS_VERIFICATION_DATE` varchar(10) NOT NULL,
  `MASA` varchar(20) NOT NULL,
  `BASED_ON_MOON` varchar(20) NOT NULL,
  `THITHI_NAME` varchar(20) NOT NULL,
  `SEVA_NOTES` varchar(255) NOT NULL,
  `ACCUMULATED_LOSS` bigint(20) NOT NULL,
  `SS_ENTERED_BY_ID` int(11) NOT NULL,
  `SS_ENTERED_DATE_TIME` varchar(100) NOT NULL,
  `SS_ENTERED_DATE` varchar(10) NOT NULL,
  `NO_OF_SEVAS` int(255) NOT NULL DEFAULT '1',
  `SEVA_GEN_COUNTER` int(11) NOT NULL DEFAULT '1',
  `MERGE_STATUS` int(11) NOT NULL
) ENGINE=InnoDB DEFAULT CHARSET=latin1;

-- --------------------------------------------------------

--
-- Table structure for table `shashwath_seva_delete_history`
--

CREATE TABLE `shashwath_seva_delete_history` (
  `SSDH_ID` int(11) NOT NULL,
  `SS_ID` int(11) NOT NULL,
  `SM_ID` int(11) NOT NULL,
  `SS_REF` int(11) NOT NULL,
  `SS_RECEIPT_NO` varchar(100) NOT NULL,
  `SEVA_ID` int(11) NOT NULL,
  `DEITY_ID` int(11) NOT NULL,
  `QTY` int(11) NOT NULL,
  `SEVA_TYPE` varchar(24) NOT NULL,
  `CAL_TYPE` varchar(24) NOT NULL,
  `THITHI_CODE_ENG_DATE` varchar(255) NOT NULL,
  `RECEIPT_ID` bigint(11) NOT NULL,
  `RECEIPT_NO` varchar(1000) NOT NULL,
  `RECEIPT_DATE` varchar(255) NOT NULL,
  `RECEIPT_PRICE` int(11) NOT NULL,
  `DELETE_REASON` varchar(255) NOT NULL,
  `DELETED_DATE_TIME` varchar(255) NOT NULL,
  `DELETED_BY` int(11) NOT NULL
) ENGINE=InnoDB DEFAULT CHARSET=latin1;

-- --------------------------------------------------------

--
-- Table structure for table `temple_details`
--

CREATE TABLE `temple_details` (
  `TEMPLE_NAME` varchar(255) NOT NULL,
  `TEMPLE_ABBR` varchar(255) NOT NULL,
  `TRUST_NAME` varchar(255) NOT NULL
) ENGINE=InnoDB DEFAULT CHARSET=latin1;

--
-- Dumping data for table `temple_details`
--

INSERT INTO `temple_details` (`TEMPLE_NAME`, `TEMPLE_ABBR`, `TRUST_NAME`) VALUES
('DEMO-TEMPLE', 'DT', 'D-TRUST');

-- --------------------------------------------------------

--
-- Table structure for table `thithi`
--

CREATE TABLE `thithi` (
  `THITHI_ID` int(11) NOT NULL,
  `THITHI_NAME` varchar(20) NOT NULL,
  `THITHI_CODE` varchar(11) NOT NULL,
  `BOM_ID` int(11) NOT NULL
) ENGINE=InnoDB DEFAULT CHARSET=latin1;

--
-- Dumping data for table `thithi`
--

INSERT INTO `thithi` (`THITHI_ID`, `THITHI_NAME`, `THITHI_CODE`, `BOM_ID`) VALUES
(1, 'Padya', '01', 1),
(2, 'Bidige', '02', 1),
(3, 'Tadige', '03', 1),
(4, 'Chowthi', '04', 1),
(5, 'Panchami', '05', 1),
(6, 'Shashthi', '06', 1),
(7, 'Saptami', '07', 1),
(8, 'Ashtami', '08', 1),
(9, 'Navami', '09', 1),
(10, 'Dashami', '10', 1),
(11, 'Ekadashi', '11', 1),
(12, 'Dwadashi', '12', 1),
(13, 'Trayodashi', '13', 1),
(14, 'Chaturdashi', '14', 1),
(15, 'Hunnime', '15', 1),
(16, 'Padya', '01', 2),
(17, 'Bidige', '02', 2),
(18, 'Tadige', '03', 2),
(19, 'Chowthi', '04', 2),
(20, 'Panchami', '05', 2),
(21, 'Shashthi', '06', 2),
(22, 'Saptami', '07', 2),
(23, 'Ashtami', '08', 2),
(24, 'Navami', '09', 2),
(25, 'Dashami', '10', 2),
(26, 'Ekadashi', '11', 2),
(27, 'Dwadashi', '12', 2),
(28, 'Trayodashi', '13', 2),
(29, 'Chaturdashi', '14', 2),
(30, 'Amavasya', '30', 2);

-- --------------------------------------------------------

--
-- Table structure for table `time_setting`
--

CREATE TABLE `time_setting` (
  `TIME_ID` bigint(255) NOT NULL,
  `TIME_FROM` varchar(100) NOT NULL,
  `TIME_TO` varchar(100) NOT NULL,
  `USER_ID` int(11) NOT NULL
) ENGINE=InnoDB DEFAULT CHARSET=latin1;

--
-- Dumping data for table `time_setting`
--

INSERT INTO `time_setting` (`TIME_ID`, `TIME_FROM`, `TIME_TO`, `USER_ID`) VALUES
(1, '12:00 AM', '9:00 AM', 26),
(2, '1:00 AM', '2:00 AM', 26),
(3, '1:00 PM', '2:00 PM', 26),
(4, '8:30 PM', '8:00 AM', 26),
(5, '1:00 PM', '3:00 PM', 26),
(6, '1:00 PM', '2:00 PM', 26),
(7, '1:00 AM', '1:30 PM', 26),
(8, '1:00 PM', '1:30 PM', 26);

-- --------------------------------------------------------

--
-- Table structure for table `trust_auction_item`
--

CREATE TABLE `trust_auction_item` (
  `AI_ID` bigint(20) NOT NULL,
  `AI_NAME` varchar(255) NOT NULL,
  `AI_PREFIX` varchar(255) NOT NULL,
  `AI_STATUS` int(11) NOT NULL,
  `AI_COUNTER` int(11) NOT NULL,
  `USER_ID` int(11) NOT NULL,
  `DATE_TIME` varchar(255) NOT NULL,
  `DATE` varchar(255) NOT NULL
) ENGINE=InnoDB DEFAULT CHARSET=latin1;

-- --------------------------------------------------------

--
-- Table structure for table `trust_auction_item_bid_range`
--

CREATE TABLE `trust_auction_item_bid_range` (
  `IBR_ID` bigint(20) NOT NULL,
  `IBR_AI_ID` int(11) NOT NULL,
  `IBR_AIC_ID` int(11) NOT NULL,
  `ITEM_FROM_PRICE` int(11) NOT NULL,
  `ITEM_TO_PRICE` int(11) NOT NULL,
  `MIN_BID_VALUE` int(11) NOT NULL,
  `USER_ID` int(11) NOT NULL,
  `DATE_TIME` varchar(255) NOT NULL,
  `DATE` varchar(255) NOT NULL
) ENGINE=InnoDB DEFAULT CHARSET=latin1;

-- --------------------------------------------------------

--
-- Table structure for table `trust_auction_item_category`
--

CREATE TABLE `trust_auction_item_category` (
  `AIC_ID` bigint(255) NOT NULL,
  `AIC_NAME` varchar(255) NOT NULL,
  `AI_ID` int(11) NOT NULL,
  `AIC_STATUS` int(11) NOT NULL
) ENGINE=InnoDB DEFAULT CHARSET=latin1;

--
-- Dumping data for table `trust_auction_item_category`
--

INSERT INTO `trust_auction_item_category` (`AIC_ID`, `AIC_NAME`, `AI_ID`, `AIC_STATUS`) VALUES
(1, 'Deity', 2, 1),
(2, 'Seva', 2, 1),
(3, 'Immersion', 2, 1),
(4, 'Procession', 2, 1);

-- --------------------------------------------------------

--
-- Table structure for table `trust_auction_item_default_bid`
--

CREATE TABLE `trust_auction_item_default_bid` (
  `IDB_ID` bigint(255) NOT NULL,
  `IDB_AI_ID` int(11) NOT NULL,
  `IDB_AIC_ID` int(11) NOT NULL,
  `DEFAULT_BID_VALUE` int(11) NOT NULL,
  `USER_ID` int(11) NOT NULL,
  `DATE_TIME` varchar(255) NOT NULL,
  `DATE` varchar(255) NOT NULL
) ENGINE=InnoDB DEFAULT CHARSET=latin1;

-- --------------------------------------------------------

--
-- Table structure for table `trust_auction_item_list`
--

CREATE TABLE `trust_auction_item_list` (
  `AIL_ID` bigint(255) NOT NULL,
  `AIL_NAME` varchar(255) NOT NULL,
  `AIL_NUMBER` varchar(255) NOT NULL,
  `AIL_EMAIL` varchar(255) DEFAULT NULL,
  `AIL_ADDRESS` varchar(255) DEFAULT NULL,
  `AIL_EVENT_NAME` varchar(255) NOT NULL,
  `AIL_EVENT_ID` int(11) NOT NULL,
  `ITEM_REF_NO` varchar(255) NOT NULL,
  `AIL_ITEM_STATUS` int(11) NOT NULL,
  `AIL_ITEM_ID` int(11) NOT NULL,
  `AIL_ITEM_NAME` varchar(255) NOT NULL,
  `AIL_AIC_ID` int(11) DEFAULT NULL,
  `AIL_AIC_NAME` varchar(255) DEFAULT NULL,
  `AIC_SEVA_DATE` varchar(255) DEFAULT NULL,
  `AIL_ITEM_DETAILS` varchar(255) DEFAULT NULL,
  `AIL_ITEM_PRICE` int(11) NOT NULL,
  `USER_ID` int(11) NOT NULL,
  `DATE_TIME` varchar(255) NOT NULL,
  `DATE` varchar(255) NOT NULL
) ENGINE=InnoDB DEFAULT CHARSET=latin1;

-- --------------------------------------------------------

--
-- Table structure for table `trust_auction_receipt`
--

CREATE TABLE `trust_auction_receipt` (
  `AR_ID` bigint(255) NOT NULL,
  `BIL_ID` bigint(255) NOT NULL,
  `AR_RECEIPT_NO` varchar(255) NOT NULL,
  `AR_RECEIPT_DATE` varchar(255) NOT NULL,
  `AR_ITEM_ID` int(11) NOT NULL,
  `AR_ITEM_NAME` varchar(255) NOT NULL,
  `AR_ITEM_DETAILS` varchar(255) NOT NULL,
  `AR_EVENT_NAME` varchar(255) NOT NULL,
  `AR_EVENT_ID` int(11) NOT NULL,
  `AR_NAME` varchar(255) NOT NULL,
  `AR_NUMBER` varchar(500) NOT NULL,
  `AR_EMAIL` varchar(255) NOT NULL,
  `AR_ADDRESS` varchar(255) NOT NULL,
  `AR_BID_PRICE` int(11) NOT NULL,
  `AR_PAYMENT_MODE` varchar(500) NOT NULL,
  `AR_CHEQUE_NO` varchar(500) NOT NULL,
  `AR_CHEQUE_DATE` varchar(500) NOT NULL,
  `AR_BANK_NAME` varchar(500) NOT NULL,
  `AR_BRANCH_NAME` varchar(500) NOT NULL,
  `AR_TRANSACTION_ID` varchar(500) NOT NULL,
  `USER_ID` int(11) NOT NULL,
  `DATE_TIME` varchar(255) NOT NULL,
  `TET_RECEIPT_ID` bigint(255) NOT NULL,
  `PRINT_STATUS` int(11) NOT NULL DEFAULT '1'
) ENGINE=InnoDB DEFAULT CHARSET=latin1;

-- --------------------------------------------------------

--
-- Table structure for table `trust_bank`
--

CREATE TABLE `trust_bank` (
  `BANK_ID` int(11) NOT NULL,
  `BANK_NAME` varchar(250) NOT NULL,
  `ACCOUNT_NO` varchar(250) NOT NULL,
  `BANK_BRANCH` varchar(250) NOT NULL,
  `BANK_LOCATION` varchar(250) NOT NULL,
  `BANK_IFSC_CODE` varchar(250) NOT NULL
) ENGINE=InnoDB DEFAULT CHARSET=latin1;

-- --------------------------------------------------------

--
-- Table structure for table `trust_bank_ledger_allocation`
--

CREATE TABLE `trust_bank_ledger_allocation` (
  `T_BLA_ID` int(11) NOT NULL,
  `T_BANK_FGLH_ID` int(255) NOT NULL,
  `T_LEDGER_FGLH_ID` int(255) NOT NULL
) ENGINE=InnoDB DEFAULT CHARSET=latin1;

-- --------------------------------------------------------

--
-- Table structure for table `trust_bid_item_list`
--

CREATE TABLE `trust_bid_item_list` (
  `BIL_ID` bigint(255) NOT NULL,
  `BID_REF_NO` varchar(255) NOT NULL,
  `AIL_ID` bigint(255) NOT NULL,
  `ITEM_REF_NO` varchar(255) NOT NULL,
  `BIL_ITEM_ID` int(11) NOT NULL,
  `BIL_ITEM_NAME` varchar(255) NOT NULL,
  `BIL_ITEM_DETAILS` varchar(255) NOT NULL,
  `BIL_EVENT_NAME` varchar(255) NOT NULL,
  `BIL_EVENT_ID` int(11) NOT NULL,
  `BIL_NAME` varchar(255) NOT NULL,
  `BIL_NUMBER` bigint(11) NOT NULL,
  `BIL_EMAIL` varchar(255) NOT NULL,
  `BIL_ADDRESS` varchar(255) NOT NULL,
  `BIL_BID_PRICE` int(11) NOT NULL,
  `USER_ID` int(11) NOT NULL,
  `DATE_TIME` varchar(255) NOT NULL,
  `DATE` varchar(255) NOT NULL,
  `PRINT_STATUS` int(11) NOT NULL DEFAULT '0'
) ENGINE=InnoDB DEFAULT CHARSET=latin1;

-- --------------------------------------------------------

--
-- Table structure for table `trust_bid_reference_counter`
--

CREATE TABLE `trust_bid_reference_counter` (
  `BRC_ID` int(11) NOT NULL,
  `BRC_COUNTER` int(11) NOT NULL
) ENGINE=InnoDB DEFAULT CHARSET=latin1;

--
-- Dumping data for table `trust_bid_reference_counter`
--

INSERT INTO `trust_bid_reference_counter` (`BRC_ID`, `BRC_COUNTER`) VALUES
(1, 7);

-- --------------------------------------------------------

--
-- Table structure for table `trust_block_date_time`
--

CREATE TABLE `trust_block_date_time` (
  `TBDT_ID` bigint(11) NOT NULL,
  `H_ID` int(11) NOT NULL,
  `TBDT_DATE` varchar(250) NOT NULL,
  `HBL_ID` int(11) DEFAULT NULL,
  `TBDT_FROM_TIME` varchar(100) DEFAULT NULL,
  `TBDT_TO_TIME` varchar(100) DEFAULT NULL,
  `TBDT_NOTES` varchar(1000) DEFAULT NULL,
  `TBDT_ACTIVE` int(11) NOT NULL,
  `TBDT_BY_ID` int(11) NOT NULL,
  `TBDT_BY_NAME` varchar(250) NOT NULL,
  `DATE` varchar(250) NOT NULL,
  `DATE_TIME` varchar(250) NOT NULL
) ENGINE=InnoDB DEFAULT CHARSET=latin1;

-- --------------------------------------------------------

--
-- Table structure for table `trust_booking_counter`
--

CREATE TABLE `trust_booking_counter` (
  `COUNTER_ID` int(11) NOT NULL,
  `ABBR1` varchar(250) NOT NULL,
  `ABBR2` varchar(250) NOT NULL,
  `BOOKING_COUNTER` int(11) NOT NULL,
  `TBC_BY_ID` int(11) NOT NULL,
  `TBC_BY_NAME` varchar(500) NOT NULL,
  `DATE` varchar(250) NOT NULL,
  `DATE_TIME` varchar(250) NOT NULL
) ENGINE=InnoDB DEFAULT CHARSET=latin1;

--
-- Dumping data for table `trust_booking_counter`
--

INSERT INTO `trust_booking_counter` (`COUNTER_ID`, `ABBR1`, `ABBR2`, `BOOKING_COUNTER`, `TBC_BY_ID`, `TBC_BY_NAME`, `DATE`, `DATE_TIME`) VALUES
(1, 'SLVSST', 'SB', 0, 26, 'Developer', '15-06-18', '15-06-2018 12:12:23 PM ');

-- --------------------------------------------------------

--
-- Table structure for table `trust_deity_user_collection_history`
--

CREATE TABLE `trust_deity_user_collection_history` (
  `TDUCH_ID` bigint(11) NOT NULL,
  `TDUC_ID` int(11) NOT NULL,
  `TDUCH_BY_ID` int(11) NOT NULL,
  `TDUCH_BY_NAME` varchar(250) NOT NULL,
  `TDUCH_DATE_TIME` varchar(250) NOT NULL,
  `TDUCH_DATE` date NOT NULL
) ENGINE=InnoDB DEFAULT CHARSET=latin1;

-- --------------------------------------------------------

--
-- Table structure for table `trust_eod_time_setting`
--

CREATE TABLE `trust_eod_time_setting` (
  `TIME_ID` bigint(20) NOT NULL,
  `TIME_FROM` varchar(100) NOT NULL,
  `TIME_TO` varchar(100) NOT NULL,
  `USER_ID` int(11) NOT NULL
) ENGINE=InnoDB DEFAULT CHARSET=latin1;

--
-- Dumping data for table `trust_eod_time_setting`
--

INSERT INTO `trust_eod_time_setting` (`TIME_ID`, `TIME_FROM`, `TIME_TO`, `USER_ID`) VALUES
(1, '20:30:01', '23:59:59', 26);

-- --------------------------------------------------------

--
-- Table structure for table `trust_event`
--

CREATE TABLE `trust_event` (
  `TET_ID` int(11) NOT NULL,
  `TET_CODE` varchar(1000) NOT NULL,
  `TET_NAME` varchar(10000) NOT NULL,
  `TET_FROM_DATE_TIME` varchar(10000) NOT NULL,
  `TET_TO_DATE_TIME` varchar(10000) NOT NULL,
  `DATE_TIME` varchar(10000) NOT NULL,
  `DATE` varchar(10000) NOT NULL,
  `USER_ID` int(11) NOT NULL,
  `TET_ACTIVE` int(11) NOT NULL,
  `T_COMP_ID` int(11) NOT NULL
) ENGINE=MyISAM DEFAULT CHARSET=latin1;

-- --------------------------------------------------------

--
-- Table structure for table `trust_event_bank`
--

CREATE TABLE `trust_event_bank` (
  `BANK_ID` int(11) NOT NULL,
  `BANK_NAME` varchar(250) NOT NULL,
  `ACCOUNT_NO` varchar(250) NOT NULL,
  `BANK_BRANCH` varchar(250) NOT NULL,
  `BANK_LOCATION` varchar(250) NOT NULL,
  `BANK_IFSC_CODE` varchar(250) NOT NULL
) ENGINE=InnoDB DEFAULT CHARSET=latin1;

-- --------------------------------------------------------

--
-- Table structure for table `trust_event_eod_time_setting`
--

CREATE TABLE `trust_event_eod_time_setting` (
  `TIME_ID` bigint(20) NOT NULL,
  `TIME_FROM` varchar(100) NOT NULL,
  `TIME_TO` varchar(100) NOT NULL,
  `USER_ID` int(11) NOT NULL
) ENGINE=InnoDB DEFAULT CHARSET=latin1;

--
-- Dumping data for table `trust_event_eod_time_setting`
--

INSERT INTO `trust_event_eod_time_setting` (`TIME_ID`, `TIME_FROM`, `TIME_TO`, `USER_ID`) VALUES
(1, '20:30:01', '23:59:59', 26);

-- --------------------------------------------------------

--
-- Table structure for table `trust_event_history`
--

CREATE TABLE `trust_event_history` (
  `TEH_ID` bigint(255) NOT NULL,
  `TET_ID` int(11) NOT NULL,
  `TET_NAME` varchar(250) NOT NULL,
  `TET_FROM` varchar(250) NOT NULL,
  `TET_TO` varchar(250) NOT NULL,
  `TET_STATUS` int(11) NOT NULL,
  `USER_ID` int(11) NOT NULL,
  `DATE_TIME` varchar(250) NOT NULL,
  `DATE` varchar(250) NOT NULL
) ENGINE=InnoDB DEFAULT CHARSET=latin1;

-- --------------------------------------------------------

--
-- Table structure for table `trust_event_inkind_offered`
--

CREATE TABLE `trust_event_inkind_offered` (
  `TET_IKO_ID` bigint(255) NOT NULL,
  `TET_RECEIPT_ID` bigint(255) NOT NULL,
  `IK_ITEM_ID` bigint(255) NOT NULL,
  `IK_ITEM_NAME` varchar(250) NOT NULL,
  `IK_ITEM_UNIT` varchar(250) NOT NULL,
  `IK_ITEM_QTY` float(11,3) NOT NULL,
  `IK_APPRX_AMT` int(11) NOT NULL,
  `IK_ITEM_DESC` varchar(255) NOT NULL
) ENGINE=MyISAM DEFAULT CHARSET=latin1;

-- --------------------------------------------------------

--
-- Table structure for table `trust_event_print_history`
--

CREATE TABLE `trust_event_print_history` (
  `TEPH_ID` bigint(20) NOT NULL,
  `RECEIPT_ID` int(11) NOT NULL,
  `DATE_TIME` varchar(250) NOT NULL,
  `USER_ID` int(11) NOT NULL,
  `DATE` varchar(250) NOT NULL
) ENGINE=InnoDB DEFAULT CHARSET=latin1;

-- --------------------------------------------------------

--
-- Table structure for table `trust_event_receipt`
--

CREATE TABLE `trust_event_receipt` (
  `TET_RECEIPT_ID` bigint(255) NOT NULL,
  `TET_RECEIPT_NO` varchar(1000) NOT NULL,
  `TET_RECEIPT_DATE` varchar(1000) NOT NULL,
  `TET_RECEIPT_NAME` varchar(1000) NOT NULL,
  `TET_RECEIPT_PHONE` varchar(250) DEFAULT NULL,
  `TET_RECEIPT_PAN_NO` varchar(255) NOT NULL,
  `TET_RECEIPT_ADHAAR_NO` varchar(255) NOT NULL,
  `TET_RECEIPT_EMAIL` varchar(250) DEFAULT NULL,
  `TET_RECEIPT_ADDRESS` varchar(250) DEFAULT NULL,
  `TET_RECEIPT_RASHI` varchar(1000) DEFAULT NULL,
  `TET_RECEIPT_NAKSHATRA` varchar(1000) DEFAULT NULL,
  `RECEIPT_TET_NAME` varchar(1000) NOT NULL,
  `RECEIPT_TET_ID` int(11) NOT NULL,
  `TET_RECEIPT_PRICE` int(11) NOT NULL,
  `TET_RECEIPT_PAYMENT_METHOD` varchar(1000) NOT NULL,
  `CHEQUE_NO` varchar(250) NOT NULL,
  `CHEQUE_DATE` varchar(250) NOT NULL,
  `BANK_NAME` varchar(250) NOT NULL,
  `BRANCH_NAME` varchar(250) NOT NULL,
  `TRANSACTION_ID` varchar(250) DEFAULT NULL,
  `T_FGLH_ID` int(11) NOT NULL,
  `TET_RECEIPT_PAYMENT_METHOD_NOTES` varchar(1000) DEFAULT NULL,
  `TET_RECEIPT_ISSUED_BY` varchar(1000) NOT NULL,
  `TET_RECEIPT_ISSUED_BY_ID` int(11) NOT NULL,
  `DATE_TIME` varchar(1000) NOT NULL,
  `TET_RECEIPT_ACTIVE` int(11) NOT NULL,
  `TET_RECEIPT_CATEGORY_ID` int(11) NOT NULL,
  `PAYMENT_STATUS` varchar(250) NOT NULL,
  `PAYMENT_CONFIRMED_BY_NAME` varchar(500) NOT NULL,
  `PAYMENT_CONFIRMED_BY` int(11) NOT NULL,
  `PAYMENT_DATE_TIME` varchar(250) NOT NULL,
  `PAYMENT_DATE` varchar(250) NOT NULL,
  `CHEQUE_CREDITED_DATE` varchar(250) NOT NULL,
  `AUTHORISED_STATUS` varchar(250) NOT NULL,
  `AUTHORISED_BY` int(11) NOT NULL,
  `AUTHORISED_BY_NAME` varchar(500) NOT NULL,
  `AUTHORISED_DATE_TIME` varchar(250) NOT NULL,
  `AUTHORISED_DATE` varchar(250) NOT NULL,
  `EOD_CONFIRMED_BY_ID` int(11) DEFAULT NULL,
  `EOD_CONFIRMED_BY_NAME` varchar(250) DEFAULT NULL,
  `EOD_CONFIRMED_DATE_TIME` varchar(250) DEFAULT NULL,
  `EOD_CONFIRMED_DATE` varchar(250) DEFAULT NULL,
  `REFERENCE` varchar(100) NOT NULL,
  `REFERENCE_NO` int(11) NOT NULL,
  `CANCELLED_BY` varchar(250) NOT NULL,
  `CANCELLED_BY_ID` int(11) NOT NULL,
  `CANCELLED_DATE` varchar(500) NOT NULL,
  `CANCELLED_DATE_TIME` varchar(500) NOT NULL,
  `CANCEL_NOTES` varchar(255) NOT NULL,
  `POSTAGE_CHECK` int(11) NOT NULL,
  `POSTAGE_PRICE` int(11) NOT NULL,
  `POSTAGE_GROUP_ID` int(11) NOT NULL,
  `ADDRESS_LINE1` varchar(1000) NOT NULL,
  `ADDRESS_LINE2` varchar(1000) NOT NULL,
  `CITY` varchar(1000) NOT NULL,
  `COUNTRY` varchar(1000) NOT NULL,
  `PINCODE` varchar(1000) NOT NULL,
  `PRINT_STATUS` int(11) NOT NULL DEFAULT '0'
) ENGINE=MyISAM DEFAULT CHARSET=latin1;

-- --------------------------------------------------------

--
-- Table structure for table `trust_event_receipt_category`
--

CREATE TABLE `trust_event_receipt_category` (
  `TET_RECEIPT_CATEGORY_ID` int(11) NOT NULL,
  `TET_RECEIPT_CATEGORY_TYPE` varchar(250) NOT NULL,
  `TET_ACTIVE_RECEIPT_COUNTER_ID` int(11) NOT NULL,
  `T_FGLH_ID` int(11) NOT NULL
) ENGINE=MyISAM DEFAULT CHARSET=latin1;

--
-- Dumping data for table `trust_event_receipt_category`
--

INSERT INTO `trust_event_receipt_category` (`TET_RECEIPT_CATEGORY_ID`, `TET_RECEIPT_CATEGORY_TYPE`, `TET_ACTIVE_RECEIPT_COUNTER_ID`, `T_FGLH_ID`) VALUES
(1, 'Seva', 18, 40),
(2, 'Donation/Kanike', 18, 42),
(3, 'Hundi', 18, 43),
(4, 'Inkind', 19, 0);

-- --------------------------------------------------------

--
-- Table structure for table `trust_event_receipt_counter`
--

CREATE TABLE `trust_event_receipt_counter` (
  `TET_RECEIPT_COUNTER_ID` bigint(255) NOT NULL,
  `TET_ABBR1` varchar(250) NOT NULL,
  `TET_ABBR2` varchar(250) NOT NULL,
  `TET_RECEIPT_COUNTER` bigint(255) NOT NULL,
  `USER_ID` bigint(255) NOT NULL,
  `EVENT_ID` bigint(255) NOT NULL,
  `DATE_TIME` varchar(250) NOT NULL,
  `DATE` varchar(250) NOT NULL
) ENGINE=MyISAM DEFAULT CHARSET=latin1;

--
-- Dumping data for table `trust_event_receipt_counter`
--

INSERT INTO `trust_event_receipt_counter` (`TET_RECEIPT_COUNTER_ID`, `TET_ABBR1`, `TET_ABBR2`, `TET_RECEIPT_COUNTER`, `USER_ID`, `EVENT_ID`, `DATE_TIME`, `DATE`) VALUES
(1, 'BSM', 'SN', 0, 1, 2, '', ''),
(2, 'BSM', 'IK', 0, 1, 2, '', ''),
(6, 'SSMS', 'SN', 0, 26, 10, '05-09-2017 17:29:46 PM', '05-09-2017'),
(7, 'SSMS', 'IK', 0, 26, 10, '05-09-2017 17:29:46 PM', '05-09-2017'),
(17, 'BSM', 'IK', 0, 26, 3, '29-12-2023 10:17:03 AM', '29-12-2023'),
(16, 'BSM', 'SN', 0, 26, 3, '29-12-2023 10:17:03 AM', '29-12-2023'),
(15, 'TEST', 'ti', 0, 26, 2, '20-12-2023 16:36:51 PM', '20-12-2023'),
(14, 'TEST', 'TS', 0, 26, 2, '20-12-2023 16:36:51 PM', '20-12-2023'),
(18, 'VET', 'VET', 0, 26, 4, '10-01-2024 12:57:35 PM', '10-01-2024'),
(19, 'VET', 'VT', 0, 26, 4, '10-01-2024 12:57:35 PM', '10-01-2024');

-- --------------------------------------------------------

--
-- Table structure for table `trust_event_seva`
--

CREATE TABLE `trust_event_seva` (
  `TET_SEVA_ID` bigint(255) NOT NULL,
  `TET_SEVA_CODE` varchar(1000) NOT NULL,
  `TET_SEVA_NAME` varchar(1000) NOT NULL,
  `TET_ID` int(11) NOT NULL,
  `TET_SEVA_FROM_DATE_TIME` varchar(1000) NOT NULL,
  `TET_SEVA_TO_DATE_TIME` varchar(1000) NOT NULL,
  `TET_SEVA_DESC` varchar(10000) NOT NULL,
  `DATE_TIME` varchar(1000) NOT NULL,
  `DATE` varchar(1000) NOT NULL,
  `USER_ID` int(11) NOT NULL,
  `TET_SEVA_ACTIVE` int(11) NOT NULL,
  `TET_SEVA_QUANTITY_CHECKER` int(11) NOT NULL,
  `IS_SEVA` int(11) NOT NULL,
  `IS_TOKEN` int(11) NOT NULL,
  `RESTRICT_DATE` int(11) NOT NULL
) ENGINE=MyISAM DEFAULT CHARSET=latin1;

-- --------------------------------------------------------

--
-- Table structure for table `trust_event_seva_limit`
--

CREATE TABLE `trust_event_seva_limit` (
  `TET_SL_ID` bigint(255) NOT NULL,
  `TET_SEVA_ID` bigint(255) NOT NULL,
  `TET_IS_SEVA` int(11) NOT NULL,
  `TET_SEVA_DATE` varchar(1000) NOT NULL,
  `TET_SEVA_LIMIT` int(11) NOT NULL,
  `TET_SEVA_COUNTER` int(11) NOT NULL,
  `DATE_TIME` varchar(250) NOT NULL,
  `DATE` varchar(250) NOT NULL,
  `USER_ID` int(11) NOT NULL
) ENGINE=MyISAM DEFAULT CHARSET=latin1;

-- --------------------------------------------------------

--
-- Table structure for table `trust_event_seva_offered`
--

CREATE TABLE `trust_event_seva_offered` (
  `TET_SO_ID` bigint(255) NOT NULL,
  `TET_SO_SEVA_NAME` varchar(1000) NOT NULL,
  `TET_SO_SEVA_ID` int(11) NOT NULL,
  `TET_SO_IS_SEVA` int(11) NOT NULL,
  `TET_SO_DATE` varchar(1000) DEFAULT NULL,
  `TET_SO_QUANTITY` int(11) DEFAULT '1',
  `TET_SO_PRICE` int(11) NOT NULL,
  `TET_RECEIPT_ID` bigint(255) NOT NULL,
  `TET_UPDATED_SO_DATE` varchar(250) NOT NULL,
  `TET_UPDATED_BY_ID` int(11) NOT NULL
) ENGINE=MyISAM DEFAULT CHARSET=latin1;

-- --------------------------------------------------------

--
-- Table structure for table `trust_event_seva_price`
--

CREATE TABLE `trust_event_seva_price` (
  `TET_SEVA_PRICE_ID` bigint(255) NOT NULL,
  `TET_SEVA_PRICE_ACTIVE` int(11) NOT NULL,
  `DATE_TIME` varchar(1000) NOT NULL,
  `DATE` varchar(1000) NOT NULL,
  `USER_ID` int(11) NOT NULL,
  `TET_ID` int(11) NOT NULL,
  `TET_SEVA_ID` int(11) NOT NULL,
  `TET_SEVA_PRICE` int(11) NOT NULL
) ENGINE=MyISAM DEFAULT CHARSET=latin1;

-- --------------------------------------------------------

--
-- Table structure for table `trust_event_user_collection`
--

CREATE TABLE `trust_event_user_collection` (
  `TEUC_ID` int(11) NOT NULL,
  `TEUC_BY_ID` int(11) DEFAULT NULL,
  `TEUC_BY_NAME` varchar(250) DEFAULT NULL,
  `TEUC_EOD_DATE` date DEFAULT NULL,
  `TEUC_CREDIT` int(11) DEFAULT NULL,
  `TEUC_CASH` int(11) DEFAULT NULL,
  `TEUC_CHEQUE` int(11) DEFAULT NULL,
  `TEUC_DIRECT_CREDIT` int(11) DEFAULT NULL,
  `TEUC_DEBIT_CREDIT_CARD` int(11) DEFAULT NULL,
  `TEUC_CASH_CHEQUE` int(11) DEFAULT NULL,
  `TEUC_CHEQUE_NO` varchar(100) DEFAULT NULL,
  `TEUC_CHEQUE_DATE` varchar(100) DEFAULT NULL,
  `TEUC_BANK_NAME` varchar(250) DEFAULT NULL,
  `TEUC_BRANCH_NAME` varchar(250) DEFAULT NULL,
  `TEUC_IS_DEPOSITED` int(11) DEFAULT NULL,
  `TEUC_CHEQUE_TEUC_ID` int(11) DEFAULT NULL,
  `TEUC_DEBIT` int(11) DEFAULT NULL,
  `TEUC_CASH_DEPOSIT` int(11) DEFAULT NULL,
  `TEUC_CHEQUE_DEPOSIT` int(11) DEFAULT NULL,
  `TEUC_BANK_ID` int(11) DEFAULT NULL,
  `TEUC_DATE_TIME` varchar(250) DEFAULT NULL,
  `TEUC_DATE` date DEFAULT NULL,
  `TEUC_LEDGER_ID` int(11) NOT NULL,
  `TEUC_RECEIPT_ID` int(11) NOT NULL,
  `TEUC_DEPOSIT_DATE` int(11) NOT NULL
) ENGINE=InnoDB DEFAULT CHARSET=latin1;

-- --------------------------------------------------------

--
-- Table structure for table `trust_event_user_collection_history`
--

CREATE TABLE `trust_event_user_collection_history` (
  `TEUCH_ID` bigint(11) NOT NULL,
  `TEUC_ID` int(11) NOT NULL,
  `TEUCH_BY_ID` int(11) NOT NULL,
  `TEUCH_BY_NAME` varchar(250) NOT NULL,
  `TEUCH_DATE_TIME` varchar(250) NOT NULL,
  `TEUCH_DATE` date NOT NULL
) ENGINE=InnoDB DEFAULT CHARSET=latin1;

-- --------------------------------------------------------

--
-- Table structure for table `trust_finance_cheque_book_details`
--

CREATE TABLE `trust_finance_cheque_book_details` (
  `T_FCBD_ID` int(11) NOT NULL,
  `T_FGLH_ID` int(11) NOT NULL,
  `T_CHEQUE_BOOK_NO` varchar(255) NOT NULL,
  `T_CHEQUE_BOOK_NAME` varchar(255) NOT NULL,
  `T_FROM_NO` varchar(255) NOT NULL,
  `T_TO_NO` varchar(255) NOT NULL,
  `T_NO_OF_CHEQUE` int(25) NOT NULL,
  `T_FCBD_STATUS` varchar(255) NOT NULL
) ENGINE=InnoDB DEFAULT CHARSET=latin1;

-- --------------------------------------------------------

--
-- Table structure for table `trust_finance_cheque_detail`
--

CREATE TABLE `trust_finance_cheque_detail` (
  `T_FCD_ID` int(11) NOT NULL,
  `T_FCBD_ID` int(11) NOT NULL,
  `T_CHEQUE_NO` varchar(255) NOT NULL,
  `T_FLT_DATE` varchar(255) NOT NULL,
  `T_FAVOURING_NAME` varchar(255) NOT NULL,
  `T_FCD_STATUS` varchar(255) NOT NULL,
  `T_VOUCHER_NO` varchar(255) NOT NULL,
  `T_CHEQUE_DATE` varchar(255) NOT NULL,
  `T_RECONCILED_DATE` varchar(255) NOT NULL,
  `T_CHEQUE_CANCELLED_NOTES` varchar(255) NOT NULL,
  `T_USER_ID` int(11) NOT NULL,
  `T_IS_MULTI_PAYMENT` int(11) NOT NULL
) ENGINE=InnoDB DEFAULT CHARSET=latin1;

-- --------------------------------------------------------

--
-- Table structure for table `trust_finance_committee`
--

CREATE TABLE `trust_finance_committee` (
  `T_COMP_ID` int(255) NOT NULL,
  `T_COMP_NAME` varchar(255) NOT NULL
) ENGINE=InnoDB DEFAULT CHARSET=latin1;

-- --------------------------------------------------------

--
-- Table structure for table `trust_finance_prerequisites`
--

CREATE TABLE `trust_finance_prerequisites` (
  `T_FP_ID` int(11) NOT NULL,
  `T_FP_FIN_BEGIN_DATE` varchar(255) NOT NULL,
  `T_FP_BOOKS_BEGIN_DATE` varchar(255) NOT NULL,
  `T_DATE_TIME` varchar(255) NOT NULL,
  `T_USER_ID` int(11) NOT NULL
) ENGINE=InnoDB DEFAULT CHARSET=latin1;

-- --------------------------------------------------------

--
-- Table structure for table `trust_finance_voucher_counter`
--

CREATE TABLE `trust_finance_voucher_counter` (
  `T_FVC_ID` int(11) NOT NULL,
  `T_FVC_NAME` varchar(255) NOT NULL,
  `T_FVC_ABBR1` varchar(255) NOT NULL,
  `T_FVC_ABBR2` varchar(255) NOT NULL,
  `T_FVC_COUNTER` int(11) NOT NULL
) ENGINE=InnoDB DEFAULT CHARSET=latin1;

--
-- Dumping data for table `trust_finance_voucher_counter`
--

INSERT INTO `trust_finance_voucher_counter` (`T_FVC_ID`, `T_FVC_NAME`, `T_FVC_ABBR1`, `T_FVC_ABBR2`, `T_FVC_COUNTER`) VALUES
(1, 'Receipt', 'SLVSST', 'R', 0),
(2, 'Payment(Petty Cash)', 'SLVSST', 'P_PC', 0),
(3, 'Payment(Bank)', 'SLVSST', 'P_B', 0),
(4, 'Contra', 'SLVSST', 'C', 0),
(5, 'Journal', 'SLVSST', 'J', 0);

-- --------------------------------------------------------

--
-- Table structure for table `trust_financial_group_ledger_heads`
--

CREATE TABLE `trust_financial_group_ledger_heads` (
  `T_FGLH_ID` int(255) NOT NULL,
  `T_FGLH_NAME` varchar(255) NOT NULL,
  `T_FGLH_PARENT_ID` int(10) NOT NULL,
  `T_PRIMARY_PARENT_CODE` varchar(10) NOT NULL,
  `T_LEDGER_PRIMARY_PARENT_CODE` varchar(10) NOT NULL,
  `T_TYPE_ID` varchar(1) NOT NULL,
  `T_LF_A` int(255) NOT NULL,
  `T_RG_A` int(255) NOT NULL,
  `T_LF_L` int(255) NOT NULL,
  `T_RG_L` int(255) NOT NULL,
  `T_LF_I` int(255) NOT NULL,
  `T_RG_I` int(255) NOT NULL,
  `T_LF_E` int(255) NOT NULL,
  `T_RG_E` int(255) NOT NULL,
  `T_LEVELS` varchar(255) NOT NULL,
  `T_STATUTORY_STATUS` int(11) NOT NULL,
  `T_OP_BAL` int(11) NOT NULL,
  `T_BANK_NAME` varchar(255) NOT NULL,
  `T_ACCOUNT_NO` varchar(255) NOT NULL,
  `T_BANK_BRANCH` varchar(255) NOT NULL,
  `T_BANK_LOCATION` varchar(255) NOT NULL,
  `T_BANK_IFSC_CODE` varchar(255) NOT NULL,
  `T_IS_JOURNAL_STATUS` int(255) NOT NULL,
  `T_COMP_ID` varchar(255) NOT NULL,
  `T_IS_TERMINAL` int(255) NOT NULL,
  `T_IS_FD_STATUS` int(11) NOT NULL,
  `T_FD_MATURITY_START_DATE` varchar(255) NOT NULL,
  `T_FD_MATURITY_END_DATE` varchar(255) NOT NULL,
  `T_FD_INTEREST_RATE` float NOT NULL
) ENGINE=InnoDB DEFAULT CHARSET=latin1;

--
-- Dumping data for table `trust_financial_group_ledger_heads`
--

INSERT INTO `trust_financial_group_ledger_heads` (`T_FGLH_ID`, `T_FGLH_NAME`, `T_FGLH_PARENT_ID`, `T_PRIMARY_PARENT_CODE`, `T_LEDGER_PRIMARY_PARENT_CODE`, `T_TYPE_ID`, `T_LF_A`, `T_RG_A`, `T_LF_L`, `T_RG_L`, `T_LF_I`, `T_RG_I`, `T_LF_E`, `T_RG_E`, `T_LEVELS`, `T_STATUTORY_STATUS`, `T_OP_BAL`, `T_BANK_NAME`, `T_ACCOUNT_NO`, `T_BANK_BRANCH`, `T_BANK_LOCATION`, `T_BANK_IFSC_CODE`, `T_IS_JOURNAL_STATUS`, `T_COMP_ID`, `T_IS_TERMINAL`, `T_IS_FD_STATUS`, `T_FD_MATURITY_START_DATE`, `T_FD_MATURITY_END_DATE`, `T_FD_INTEREST_RATE`) VALUES
(1, 'Asset', 0, '', '', 'A', 1, 50, 0, 0, 0, 0, 0, 0, 'MG', 1, 0, '', '', '', '', '', 0, '', 0, 0, '', '', 0),
(2, 'Liablities', 0, '', '', 'L', 0, 0, 1, 12, 0, 0, 0, 0, 'MG', 1, 0, '', '', '', '', '', 0, '', 0, 0, '', '', 0),
(3, 'Income', 0, '', '', 'I', 0, 0, 0, 0, 1, 32, 0, 0, 'MG', 1, 0, '', '', '', '', '', 0, '', 0, 0, '', '', 0),
(4, 'Expense', 0, '', '', 'E', 0, 0, 0, 0, 0, 0, 1, 12, 'MG', 1, 0, '', '', '', '', '', 0, '', 0, 0, '', '', 0),
(5, 'Current Asset', 1, '5', '', 'A', 18, 49, 0, 0, 0, 0, 0, 0, 'PG', 0, 0, '', '', '', '', '', 0, '', 0, 0, '', '', 0),
(6, 'Fixed Asset', 1, '6', '', 'A', 12, 17, 0, 0, 0, 0, 0, 0, 'PG', 0, 0, '', '', '', '', '', 0, '', 0, 0, '', '', 0),
(7, 'Cash and Bank Balance', 5, '', '5', 'A', 21, 48, 0, 0, 0, 0, 0, 0, 'SG', 0, 0, '', '', '', '', '', 0, '', 0, 0, '', '', 0),
(8, 'Cash in Hand', 7, '', '5', 'A', 44, 47, 0, 0, 0, 0, 0, 0, 'SG', 0, 0, '', '', '', '', '', 0, '', 0, 0, '', '', 0),
(9, 'Cash at Bank', 7, '', '5', 'A', 22, 43, 0, 0, 0, 0, 0, 0, 'SG', 0, 0, '', '', '', '', '', 0, '', 0, 0, '', '', 0),
(10, 'Deposit', 5, '', '5', 'A', 19, 20, 0, 0, 0, 0, 0, 0, 'SG', 0, 0, '', '', '', '', '', 0, '', 0, 0, '', '', 0),
(11, 'Current Liablities', 2, '11', '', 'L', 0, 0, 10, 11, 0, 0, 0, 0, 'PG', 0, 0, '', '', '', '', '', 0, '', 0, 0, '', '', 0),
(12, 'Fund of Trust', 2, '12', '', 'L', 0, 0, 8, 9, 0, 0, 0, 0, 'PG', 0, 0, '', '', '', '', '', 0, '', 0, 0, '', '', 0),
(13, 'Temple Collection', 3, '13', '', 'I', 0, 0, 0, 0, 26, 31, 0, 0, 'PG', 0, 0, '', '', '', '', '', 0, '', 0, 0, '', '', 0),
(14, 'Direct Incomes', 3, '14', '', 'I', 0, 0, 0, 0, 24, 25, 0, 0, 'PG', 0, 0, '', '', '', '', '', 0, '', 0, 0, '', '', 0),
(15, 'Direct Expense', 4, '15', '', 'E', 0, 0, 0, 0, 0, 0, 10, 11, 'PG', 0, 0, '', '', '', '', '', 0, '', 0, 0, '', '', 0),
(16, 'Indirect Expense', 4, '16', '', 'E', 0, 0, 0, 0, 0, 0, 8, 9, 'PG', 0, 0, '', '', '', '', '', 0, '', 0, 0, '', '', 0),
(39, 'Event Collection', 3, '39', '', 'I', 0, 0, 0, 0, 4, 13, 0, 0, 'PG', 0, 0, '', '', '', '', '', 0, '', 0, 0, '', '', 0),
(40, 'Event Seva Collection', 39, '', '39', 'I', 0, 0, 0, 0, 11, 12, 0, 0, 'LG', 0, 1, '', '', '', '', '', 1, '2', 0, 0, '', '', 0),
(42, 'Event DonationKanike Collection', 39, '', '39', 'I', 0, 0, 0, 0, 7, 8, 0, 0, 'LG', 0, 1, '', '', '', '', '', 1, '2', 0, 0, '', '', 0),
(43, 'Event Hundi Collection', 39, '', '39', 'I', 0, 0, 0, 0, 5, 6, 0, 0, 'LG', 0, 1, '', '', '', '', '', 1, '2', 0, 0, '', '', 0),
(44, 'cash', 8, '', '5', 'A', 45, 46, 0, 0, 0, 0, 0, 0, 'LG', 0, 1, '', '', '', '', '', 1, '1,2', 0, 0, '', '', 0);

-- --------------------------------------------------------

--
-- Table structure for table `trust_financial_ledger_transcations`
--

CREATE TABLE `trust_financial_ledger_transcations` (
  `T_FLT_ID` int(255) NOT NULL,
  `T_FGLH_ID` int(255) NOT NULL,
  `T_VOUCHER_NO` varchar(255) NOT NULL,
  `T_FLT_DR` decimal(15,2) NOT NULL,
  `T_FLT_CR` decimal(15,2) NOT NULL,
  `T_FLT_DATE` varchar(255) NOT NULL,
  `T_FLT_DATE_TIME` varchar(255) NOT NULL,
  `T_FLT_NARRATION` varchar(255) NOT NULL,
  `T_RP_TYPE` varchar(255) NOT NULL,
  `T_FLT_USER_ID` int(11) NOT NULL,
  `T_RECEIPT_ID` int(255) NOT NULL,
  `T_PAYMENT_METHOD` varchar(100) NOT NULL,
  `T_RECEIPT_FAVOURING_NAME` varchar(255) NOT NULL,
  `T_COMP_ID` varchar(255) NOT NULL,
  `T_PC_PAY_GROUP` varchar(255) NOT NULL,
  `T_CASH_DEPOSITED_STATUS` varchar(255) NOT NULL,
  `T_CASH_DEPOSITED_DATE` varchar(255) NOT NULL,
  `T_CHEQUE_NO` varchar(100) NOT NULL,
  `T_FLT_DEPOSIT_PAYMENT_DATE` varchar(255) NOT NULL,
  `T_BANK_NAME` varchar(255) NOT NULL,
  `T_BRANCH_NAME` varchar(255) NOT NULL,
  `T_CHEQUE_DATE` varchar(100) NOT NULL,
  `T_RECEIPT_CHEQUE_CANCEL_NOTES` varchar(255) NOT NULL,
  `T_CHEQUE_RECONCILED_DATE` varchar(100) NOT NULL,
  `T_RECONCILED_DATE_TIME` varchar(255) NOT NULL,
  `T_RECONCILED_BY` varchar(255) NOT NULL,
  `T_PAYMENT_STATUS` varchar(100) NOT NULL,
  `T_TRANSACTION_STATUS` varchar(255) NOT NULL DEFAULT 'Active'
) ENGINE=InnoDB DEFAULT CHARSET=latin1;

-- --------------------------------------------------------

--
-- Table structure for table `trust_finnancial_heads_history`
--

CREATE TABLE `trust_finnancial_heads_history` (
  `T_FHH_ID` int(255) NOT NULL,
  `T_FGLH_ID` int(255) NOT NULL,
  `T_FGLH_NAME` varchar(255) NOT NULL,
  `T_USER_ID` int(255) NOT NULL,
  `T_OPERATION` varchar(255) NOT NULL,
  `T_LEVELS` varchar(255) NOT NULL,
  `T_COMP_ID` varchar(255) NOT NULL,
  `T_OLD_OP_BAL` varchar(255) NOT NULL,
  `T_DATE` varchar(255) NOT NULL,
  `T_DATE_TIME` varchar(255) NOT NULL,
  `T_OLD_FGLH_PARENT_ID` int(11) NOT NULL
) ENGINE=InnoDB DEFAULT CHARSET=latin1;

-- --------------------------------------------------------

--
-- Table structure for table `trust_hall_booking`
--

CREATE TABLE `trust_hall_booking` (
  `HB_ID` bigint(10) NOT NULL,
  `HB_NO` varchar(500) NOT NULL,
  `HB_DATE` date NOT NULL,
  `HB_NAME` varchar(250) NOT NULL,
  `HB_NUMBER` varchar(250) DEFAULT NULL,
  `HB_ADDRESS` varchar(500) DEFAULT NULL,
  `HB_PAYMENT_STATUS` int(11) NOT NULL,
  `HB_ACTIVE` int(11) NOT NULL,
  `CANCELLED_BY` varchar(250) DEFAULT NULL,
  `CANCELLED_BY_ID` int(11) DEFAULT NULL,
  `CANCELLED_DATE` varchar(500) DEFAULT NULL,
  `CANCELLED_DATE_TIME` varchar(500) DEFAULT NULL,
  `CANCEL_NOTES` varchar(500) DEFAULT NULL,
  `HB_NOTES` varchar(500) DEFAULT NULL,
  `ENTERED_BY` int(11) NOT NULL,
  `ENTERED_BY_NAME` varchar(250) NOT NULL,
  `DATE_TIME` datetime NOT NULL DEFAULT CURRENT_TIMESTAMP,
  `DATE` date NOT NULL,
  `PRINT_STATUS` int(11) NOT NULL DEFAULT '0'
) ENGINE=InnoDB DEFAULT CHARSET=latin1;

-- --------------------------------------------------------

--
-- Table structure for table `trust_hall_booking_list`
--

CREATE TABLE `trust_hall_booking_list` (
  `HBL_ID` bigint(10) NOT NULL,
  `H_ID` int(11) NOT NULL,
  `H_NAME` varchar(250) NOT NULL,
  `HB_ID` int(11) NOT NULL,
  `FN_TYPE` int(11) NOT NULL,
  `HB_BOOK_DATE` varchar(250) NOT NULL,
  `HB_BOOK_TIME_FROM` varchar(250) NOT NULL,
  `HB_BOOK_TIME_TO` varchar(250) NOT NULL,
  `IS_DONE` int(11) DEFAULT NULL,
  `FN_CANCEL_NOTES` varchar(500) DEFAULT NULL,
  `HBL_ACTIVE` int(11) NOT NULL,
  `CANCELLED_BY` varchar(250) DEFAULT NULL,
  `CANCELLED_BY_ID` int(11) DEFAULT NULL,
  `CANCELLED_DATE` varchar(500) DEFAULT NULL,
  `CANCELLED_DATE_TIME` varchar(500) DEFAULT NULL,
  `ENTERED_BY` int(11) NOT NULL,
  `ENTERED_BY_NAME` varchar(250) NOT NULL,
  `DATE_TIME` datetime NOT NULL DEFAULT CURRENT_TIMESTAMP,
  `DATE` date NOT NULL
) ENGINE=InnoDB DEFAULT CHARSET=latin1;

-- --------------------------------------------------------

--
-- Table structure for table `trust_inkind_items`
--

CREATE TABLE `trust_inkind_items` (
  `INKIND_ITEM_ID` bigint(255) NOT NULL,
  `INKIND_ITEM_NAME` varchar(250) NOT NULL,
  `INKIND_UNIT` varchar(250) NOT NULL,
  `INKIND_DESC` varchar(500) NOT NULL,
  `CREATED_BY_ID` int(11) NOT NULL,
  `DATE_TIME` varchar(100) NOT NULL,
  `DATE` varchar(100) NOT NULL
) ENGINE=MyISAM DEFAULT CHARSET=latin1;

--
-- Dumping data for table `trust_inkind_items`
--

INSERT INTO `trust_inkind_items` (`INKIND_ITEM_ID`, `INKIND_ITEM_NAME`, `INKIND_UNIT`, `INKIND_DESC`, `CREATED_BY_ID`, `DATE_TIME`, `DATE`) VALUES
(1, 'Rice', 'Kgs', '', 32, '16-08-2018 20:52:59 PM', '16-08-18'),
(2, 'Jaggery', 'Kgs', '', 32, '16-08-2018 20:53:13 PM', '16-08-18'),
(3, 'Coconut / gingelly oil', 'Ltrs', '', 32, '16-08-2018 20:53:46 PM', '16-08-18'),
(4, 'Coconut', 'Nos', '', 32, '16-08-2018 20:54:06 PM', '16-08-18'),
(5, 'Sugar', 'Kgs', '', 32, '16-08-2018 20:54:33 PM', '16-08-18'),
(6, 'Ghee', 'Ltrs', '', 32, '16-08-2018 20:54:46 PM', '16-08-18'),
(7, 'Saree', 'pcs', '', 32, '12-10-2018 18:10:05 PM', '12-10-18'),
(8, 'Gold', 'Grams', '', 26, '17-10-2022 12:28:44 PM', '17-10-22'),
(9, 'Silver', 'Grams', '', 26, '17-10-2022 12:29:03 PM', '17-10-22'),
(10, 'Silver', 'Kgs', '', 26, '17-10-2022 12:29:24 PM', '17-10-22');

-- --------------------------------------------------------

--
-- Table structure for table `trust_inkind_offered`
--

CREATE TABLE `trust_inkind_offered` (
  `T_IKO_ID` bigint(255) NOT NULL,
  `T_RECEIPT_ID` bigint(255) NOT NULL,
  `IK_ITEM_ID` bigint(255) NOT NULL,
  `IK_ITEM_NAME` varchar(255) NOT NULL,
  `IK_ITEM_UNIT` varchar(255) NOT NULL,
  `IK_ITEM_QTY` float(11,3) NOT NULL,
  `IK_APPRX_AMT` int(11) NOT NULL,
  `IK_ITEM_DESC` varchar(255) NOT NULL
) ENGINE=InnoDB DEFAULT CHARSET=latin1;

-- --------------------------------------------------------

--
-- Table structure for table `trust_menu`
--

CREATE TABLE `trust_menu` (
  `TM_ID` int(11) NOT NULL,
  `TRUST_MENU_NAME` varchar(250) NOT NULL,
  `TRUST_MENU_DESC` varchar(250) NOT NULL
) ENGINE=InnoDB DEFAULT CHARSET=latin1;

--
-- Dumping data for table `trust_menu`
--

INSERT INTO `trust_menu` (`TM_ID`, `TRUST_MENU_NAME`, `TRUST_MENU_DESC`) VALUES
(1, 'Settings', ''),
(2, 'Hall', ''),
(3, 'Receipt', ''),
(4, 'Reports', ''),
(5, 'Trust E.O.D.', ''),
(6, 'Others', ''),
(7, 'Event Sevas', ''),
(8, 'Trust Event E.O.D.', ''),
(9, 'Event Token', ''),
(10, 'Event Postage', ''),
(11, 'Auction', ''),
(12, 'Finance', '');

-- --------------------------------------------------------

--
-- Table structure for table `trust_pages`
--

CREATE TABLE `trust_pages` (
  `TP_ID` int(11) NOT NULL,
  `TM_ID` int(11) NOT NULL,
  `TP_NAME` varchar(500) NOT NULL,
  `TP_DESC` varchar(500) NOT NULL
) ENGINE=InnoDB DEFAULT CHARSET=latin1;

--
-- Dumping data for table `trust_pages`
--

INSERT INTO `trust_pages` (`TP_ID`, `TM_ID`, `TP_NAME`, `TP_DESC`) VALUES
(1, 1, 'Users Settings', ''),
(2, 1, 'Group Settings', ''),
(3, 1, 'Hall Settings', ''),
(4, 2, 'Book Hall', ''),
(5, 2, 'All Hall Bookings', ''),
(6, 3, 'All Trust Receipt', ''),
(7, 3, 'New Trust Receipt', ''),
(8, 1, 'Block Date Settings', ''),
(9, 4, 'Trust Receipt Report', ''),
(10, 4, 'Trust MIS Report', ''),
(11, 5, 'E.O.D. Report', ''),
(12, 5, 'E.O.D. Tally', ''),
(13, 1, 'Bank Settings', ''),
(14, 4, 'Hall Bookings Report', ''),
(15, 1, 'Check Remmittance', ''),
(16, 1, 'Event Seva Settings', ''),
(17, 6, 'Event Cheque Remmittance', ''),
(18, 1, 'Receipt Settings', ''),
(19, 6, 'Inkind Items', ''),
(20, 7, 'Event Sevas', ''),
(21, 3, 'All Event Receipt', ''),
(22, 3, 'Event Seva', ''),
(23, 3, 'Event Donation/Kanike', ''),
(24, 3, 'Event Hundi', ''),
(25, 3, 'Event Inkind', ''),
(26, 4, 'Current Event Receipt Report', ''),
(27, 4, 'Current Event Seva Report', ''),
(28, 4, 'Current Event MIS Report', ''),
(29, 4, 'User Event Collection Report', ''),
(30, 8, 'Event E.O.D. Report', ''),
(31, 8, 'Event E.O.D. Tally', ''),
(32, 4, 'Trust Day Book', ''),
(33, 9, 'Trust Event Token', ''),
(34, 6, 'Function Types', ''),
(35, 10, 'Event Postage', ''),
(36, 10, 'Event Dispatch Collection', ''),
(37, 10, 'All Event Postage Collection', ''),
(38, 1, 'Trust Import Settings', ''),
(39, 11, 'Add Auction Item', ''),
(40, 11, 'Bid Auction Item', ''),
(41, 11, 'Auction Receipt', ''),
(42, 11, 'Saree Outward Report', ''),
(43, 11, 'Auction Item Report', ''),
(44, 1, 'Auction Settings', ''),
(45, 4, 'Event Seva Summary', ''),
(46, 10, 'Trust Event Postage Group', ''),
(47, 4, 'Trust Inkind Report', ''),
(48, 12, 'Finance Receipts', ''),
(64, 12, 'Finance Payments', ''),
(65, 12, 'Finance Journal', ''),
(66, 12, 'Finance Contra', ''),
(67, 12, 'Balance Sheet', ''),
(68, 12, 'Income and Expenditure', ''),
(69, 12, 'Receipts and Payments', ''),
(70, 12, 'Trial Balance', ''),
(71, 12, 'Finance Add Groups', ''),
(72, 12, 'Finance Add Ledgers', ''),
(73, 12, 'Finance Add Opening Balance', ''),
(74, 12, 'All Ledgers and Groups', ''),
(75, 12, 'Finance Day Book', ''),
(76, 12, 'Finance Prerequisites', ''),
(77, 12, 'Voucher Counter', ''),
(78, 12, 'Cheque Configuration', '');

-- --------------------------------------------------------

--
-- Table structure for table `trust_receipt`
--

CREATE TABLE `trust_receipt` (
  `TR_ID` int(11) NOT NULL,
  `TR_NO` varchar(100) NOT NULL,
  `RECEIPT_DATE` varchar(100) NOT NULL,
  `RECEIPT_NAME` varchar(250) NOT NULL,
  `RECEIPT_NUMBER` varchar(100) NOT NULL,
  `RECEIPT_PAN_NO` varchar(255) NOT NULL,
  `RECEIPT_ADHAAR_NO` varchar(255) NOT NULL,
  `RECEIPT_EMAIL` varchar(500) NOT NULL,
  `RECEIPT_ADDRESS` mediumtext NOT NULL,
  `RECEIPT_PAYMENT_METHOD` varchar(100) NOT NULL,
  `CHEQUE_DATE` varchar(100) NOT NULL,
  `CHEQUE_NO` varchar(100) NOT NULL,
  `BANK_NAME` varchar(250) NOT NULL,
  `BRANCH_NAME` varchar(250) NOT NULL,
  `TRANSACTION_ID` varchar(100) NOT NULL,
  `PAYMENT_STATUS` varchar(100) NOT NULL,
  `TR_PAYMENT_METHOD_NOTES` mediumtext NOT NULL,
  `PAYMENT_CONFIRMED_BY_NAME` varchar(500) DEFAULT NULL,
  `PAYMENT_CONFIRMED_BY` int(11) DEFAULT NULL,
  `PAYMENT_DATE_TIME` varchar(250) DEFAULT NULL,
  `PAYMENT_DATE` varchar(250) DEFAULT NULL,
  `CHEQUE_CREDITED_DATE` varchar(250) DEFAULT NULL,
  `T_FGLH_ID` int(11) NOT NULL,
  `HB_ID` int(11) DEFAULT NULL,
  `FH_ID` int(11) NOT NULL,
  `FH_NAME` varchar(250) NOT NULL,
  `FH_AMOUNT` int(11) NOT NULL,
  `TR_ACTIVE` int(11) NOT NULL,
  `CANCELLED_BY` varchar(250) DEFAULT NULL,
  `CANCELLED_BY_ID` int(11) DEFAULT NULL,
  `CANCELLED_DATE` varchar(500) DEFAULT NULL,
  `CANCELLED_DATE_TIME` varchar(500) DEFAULT NULL,
  `CANCEL_NOTES` varchar(500) DEFAULT NULL,
  `ENTERED_BY` int(11) NOT NULL,
  `ENTERED_BY_NAME` varchar(250) NOT NULL,
  `DATE_TIME` varchar(100) NOT NULL,
  `DATE` varchar(100) NOT NULL,
  `AUTHORISED_STATUS` varchar(100) NOT NULL,
  `AUTHORISED_BY` int(11) DEFAULT NULL,
  `AUTHORISED_BY_NAME` varchar(250) DEFAULT NULL,
  `AUTHORISED_DATE_TIME` varchar(500) DEFAULT NULL,
  `AUTHORISED_DATE` varchar(250) DEFAULT NULL,
  `EOD_CONFIRMED_BY_ID` int(11) DEFAULT NULL,
  `EOD_CONFIRMED_BY_NAME` varchar(250) DEFAULT NULL,
  `EOD_CONFIRMED_DATE_TIME` varchar(250) DEFAULT NULL,
  `EOD_CONFIRMED_DATE` varchar(250) DEFAULT NULL,
  `PRINT_STATUS` int(11) NOT NULL DEFAULT '0',
  `RECEIPT_ISSUED_BY` varchar(255) NOT NULL,
  `RECEIPT_ISSUED_BY_ID` int(11) NOT NULL,
  `RECEIPT_CATEGORY_ID` int(11) NOT NULL,
  `POSTAGE_CHECK` int(11) NOT NULL,
  `POSTAGE_PRICE` int(11) NOT NULL,
  `POSTAGE_GROUP_ID` int(11) NOT NULL,
  `ADDRESS_LINE1` varchar(255) NOT NULL,
  `ADDRESS_LINE2` varchar(255) NOT NULL,
  `CITY` varchar(255) NOT NULL,
  `COUNTRY` varchar(255) NOT NULL,
  `PINCODE` int(11) NOT NULL
) ENGINE=InnoDB DEFAULT CHARSET=latin1;

-- --------------------------------------------------------

--
-- Table structure for table `trust_receipt_category`
--

CREATE TABLE `trust_receipt_category` (
  `T_RECEIPT_CATEGORY_ID` int(11) NOT NULL,
  `T_RECEIPT_CATEGORY_TYPE` varchar(255) NOT NULL,
  `T_ACTIVE_RECEIPT_COUNTER_ID` int(11) NOT NULL
) ENGINE=InnoDB DEFAULT CHARSET=latin1;

--
-- Dumping data for table `trust_receipt_category`
--

INSERT INTO `trust_receipt_category` (`T_RECEIPT_CATEGORY_ID`, `T_RECEIPT_CATEGORY_TYPE`, `T_ACTIVE_RECEIPT_COUNTER_ID`) VALUES
(1, 'Seva', 1),
(2, 'Donation/Kanike', 2),
(3, 'Hundi', 3),
(4, 'Inkind', 4);

-- --------------------------------------------------------

--
-- Table structure for table `trust_receipt_counter`
--

CREATE TABLE `trust_receipt_counter` (
  `T_RECEIPT_COUNTER_ID` bigint(255) NOT NULL,
  `T_ABBR1` varchar(255) NOT NULL,
  `T_ABBR2` varchar(255) NOT NULL,
  `T_RECEIPT_COUNTER` bigint(255) NOT NULL,
  `USER_ID` bigint(255) NOT NULL,
  `DATE_TIME` varchar(255) NOT NULL,
  `DATE` varchar(255) NOT NULL
) ENGINE=InnoDB DEFAULT CHARSET=latin1;

--
-- Dumping data for table `trust_receipt_counter`
--

INSERT INTO `trust_receipt_counter` (`T_RECEIPT_COUNTER_ID`, `T_ABBR1`, `T_ABBR2`, `T_RECEIPT_COUNTER`, `USER_ID`, `DATE_TIME`, `DATE`) VALUES
(1, 'TRUST', 'SN', 0, 0, '', ''),
(2, 'TRUST', 'IK', 0, 0, '', ''),
(3, 'TRUST', 'DN_KN', 0, 0, '', ''),
(4, 'TRUST', 'HU', 0, 0, '', '');

-- --------------------------------------------------------

--
-- Table structure for table `trust_user_collection`
--

CREATE TABLE `trust_user_collection` (
  `TUC_ID` int(11) NOT NULL,
  `TUC_BY_ID` int(11) NOT NULL,
  `TUC_RECEIPT_ID` int(11) NOT NULL,
  `TUC_BY_NAME` varchar(250) NOT NULL,
  `TUC_EOD_DATE` date NOT NULL,
  `TUC_CREDIT` int(11) DEFAULT NULL,
  `TUC_CASH` int(11) DEFAULT NULL,
  `TUC_CHEQUE` int(11) DEFAULT NULL,
  `TUC_DIRECT_CREDIT` int(11) DEFAULT NULL,
  `TUC_DEBIT_CREDIT_CARD` int(11) DEFAULT NULL,
  `TUC_CASH_CHEQUE` int(11) DEFAULT NULL,
  `TUC_CHEQUE_NO` varchar(100) DEFAULT NULL,
  `TUC_CHEQUE_DATE` varchar(100) DEFAULT NULL,
  `TUC_BANK_NAME` varchar(250) DEFAULT NULL,
  `TUC_BRANCH_NAME` varchar(250) DEFAULT NULL,
  `TUC_IS_DEPOSITED` int(11) DEFAULT NULL,
  `TUC_DEPOSIT_DATE` int(11) NOT NULL,
  `TUC_CHEQUE_TUC_ID` int(11) DEFAULT NULL,
  `TUC_DEBIT` int(11) DEFAULT NULL,
  `TUC_CASH_DEPOSIT` int(11) DEFAULT NULL,
  `TUC_CHEQUE_DEPOSIT` int(11) DEFAULT NULL,
  `TUC_BANK_ID` int(11) DEFAULT NULL,
  `TUC_DATE_TIME` varchar(250) NOT NULL,
  `TUC_DATE` date NOT NULL,
  `TUC_LEDGER_ID` int(11) NOT NULL
) ENGINE=InnoDB DEFAULT CHARSET=latin1;

-- --------------------------------------------------------

--
-- Table structure for table `trust_user_collection_history`
--

CREATE TABLE `trust_user_collection_history` (
  `TUCH_ID` bigint(11) NOT NULL,
  `TUC_ID` int(11) NOT NULL,
  `TUCH_BY_ID` int(11) NOT NULL,
  `TUCH_BY_NAME` varchar(250) NOT NULL,
  `TUCH_DATE_TIME` varchar(250) NOT NULL,
  `TUCH_DATE` date NOT NULL
) ENGINE=InnoDB DEFAULT CHARSET=latin1;

-- --------------------------------------------------------

--
-- Table structure for table `users`
--

CREATE TABLE `users` (
  `USER_ID` bigint(255) NOT NULL,
  `USER_FULL_NAME` varchar(250) NOT NULL,
  `USER_EMAIL` varchar(250) DEFAULT NULL,
  `USER_PHONE` varchar(250) DEFAULT NULL,
  `USER_ADDRESS` varchar(250) DEFAULT NULL,
  `USER_GROUP` bigint(255) NOT NULL,
  `CREATION_TIME` varchar(250) DEFAULT NULL,
  `CREATED_BY` varchar(250) DEFAULT NULL,
  `USER_PASSWORD` varchar(250) DEFAULT NULL,
  `USER_LOGIN_NAME` varchar(250) DEFAULT NULL,
  `USER_ACTIVE` int(11) DEFAULT NULL,
  `USER_TYPE` varchar(250) NOT NULL
) ENGINE=MyISAM DEFAULT CHARSET=latin1;

--
-- Dumping data for table `users`
--

INSERT INTO `users` (`USER_ID`, `USER_FULL_NAME`, `USER_EMAIL`, `USER_PHONE`, `USER_ADDRESS`, `USER_GROUP`, `CREATION_TIME`, `CREATED_BY`, `USER_PASSWORD`, `USER_LOGIN_NAME`, `USER_ACTIVE`, `USER_TYPE`) VALUES
(31, 'Admin', '', '082020860', '', 1, '21-07-2017 17:25:54 PM', '26', 'c1c5e42a2fee7a1b8634a5f2c706cf11', 'admin', 1, 'Admin'),
(26, 'Developer ', 'dev@pinnaclemedia.in', '9916213542', '', 6, '20-07-2017 16:48:20 PM', '3', 'c1c5e42a2fee7a1b8634a5f2c706cf11', 'dev', 1, 'Super Admin');

-- --------------------------------------------------------

--
-- Table structure for table `user_groups`
--

CREATE TABLE `user_groups` (
  `GROUP_ID` bigint(255) NOT NULL,
  `GROUP_NAME` varchar(10000) NOT NULL,
  `GROUP_DESC` varchar(10000) NOT NULL,
  `GROUP_ACTIVE` int(11) NOT NULL
) ENGINE=MyISAM DEFAULT CHARSET=latin1;

--
-- Dumping data for table `user_groups`
--

INSERT INTO `user_groups` (`GROUP_ID`, `GROUP_NAME`, `GROUP_DESC`, `GROUP_ACTIVE`) VALUES
(6, 'Super Admin', 'Pinnacle Media', 1);

-- --------------------------------------------------------

--
-- Table structure for table `user_logins`
--

CREATE TABLE `user_logins` (
  `LOGIN_ID` bigint(255) NOT NULL,
  `USER_ID` int(11) NOT NULL,
  `LOGIN_TIME` varchar(250) NOT NULL,
  `LOGIN_DEVICE_DETAILS` varchar(250) NOT NULL,
  `DEVICE_IP` varchar(250) NOT NULL,
  `LOGOUT_TIME` varchar(250) NOT NULL,
  `PLATFORM` varchar(250) NOT NULL
) ENGINE=MyISAM DEFAULT CHARSET=latin1;

--
-- Dumping data for table `user_logins`
--

INSERT INTO `user_logins` (`LOGIN_ID`, `USER_ID`, `LOGIN_TIME`, `LOGIN_DEVICE_DETAILS`, `DEVICE_IP`, `LOGOUT_TIME`, `PLATFORM`) VALUES
(1, 26, '2023-11-30 12:12:26', 'Chrome119.0.0.0', '192.168.6.38', '2023-11-30 12:33:01', 'Unknown Windows OS'),
(2, 26, '2023-11-30 12:33:06', 'Chrome119.0.0.0', '192.168.6.38', '2023-11-30 12:33:54', 'Unknown Windows OS'),
(3, 26, '2023-11-30 12:33:58', 'Chrome119.0.0.0', '192.168.6.38', '2023-11-30 12:39:49', 'Unknown Windows OS'),
(4, 26, '2023-11-30 12:39:54', 'Chrome119.0.0.0', '192.168.6.38', '2023-11-30 12:48:56', 'Unknown Windows OS'),
(5, 26, '2023-11-30 12:51:07', 'Chrome119.0.0.0', '192.168.6.38', '2023-11-30 12:51:33', 'Unknown Windows OS'),
(6, 31, '2023-11-30 12:51:43', 'Chrome119.0.0.0', '192.168.6.38', '2023-11-30 12:59:49', 'Unknown Windows OS'),
(7, 26, '2023-11-30 12:59:54', 'Chrome119.0.0.0', '192.168.6.38', '2023-11-30 14:28:08', 'Unknown Windows OS'),
(8, 26, '2023-11-30 13:00:32', 'Chrome119.0.0.0', '192.168.6.60', '', 'Unknown Windows OS'),
(9, 31, '2023-11-30 14:28:17', 'Chrome119.0.0.0', '192.168.6.38', '2023-11-30 14:45:48', 'Unknown Windows OS'),
(10, 26, '2023-11-30 14:45:53', 'Chrome119.0.0.0', '192.168.6.38', '', 'Unknown Windows OS'),
(11, 26, '2023-11-30 16:17:20', 'Chrome119.0.0.0', '192.168.6.38', '', 'Unknown Windows OS'),
(12, 26, '2023-12-01 08:45:35', 'Chrome119.0.0.0', '192.168.6.38', '2023-12-01 09:28:45', 'Unknown Windows OS'),
(13, 26, '2023-12-01 09:28:50', 'Chrome119.0.0.0', '192.168.6.38', '2023-12-01 10:38:00', 'Unknown Windows OS'),
(14, 26, '2023-12-01 09:44:30', 'Chrome119.0.0.0', '192.168.6.60', '', 'Unknown Windows OS'),
(15, 31, '2023-12-01 10:38:14', 'Chrome119.0.0.0', '192.168.6.38', '2023-12-01 15:18:38', 'Unknown Windows OS'),
(16, 26, '2023-12-01 15:18:43', 'Chrome119.0.0.0', '192.168.6.38', '2023-12-01 16:02:30', 'Unknown Windows OS'),
(17, 31, '2023-12-01 16:02:34', 'Chrome119.0.0.0', '192.168.6.38', '2023-12-01 16:40:39', 'Unknown Windows OS'),
(18, 26, '2023-12-01 16:40:45', 'Chrome119.0.0.0', '192.168.6.38', '', 'Unknown Windows OS'),
(19, 26, '2023-12-01 16:55:38', 'Chrome119.0.0.0', '192.168.6.38', '', 'Unknown Windows OS'),
(20, 26, '2023-12-02 08:38:39', 'Chrome119.0.0.0', '192.168.6.60', '2023-12-02 08:49:20', 'Unknown Windows OS'),
(21, 26, '2023-12-02 08:41:51', 'Chrome119.0.0.0', '192.168.6.38', '2023-12-02 09:01:59', 'Unknown Windows OS'),
(22, 26, '2023-12-02 08:49:25', 'Chrome119.0.0.0', '192.168.6.60', '2023-12-02 12:41:10', 'Unknown Windows OS'),
(23, 26, '2023-12-02 09:02:05', 'Chrome119.0.0.0', '192.168.6.38', '2023-12-02 14:19:50', 'Unknown Windows OS'),
(24, 26, '2023-12-02 12:41:25', 'Chrome119.0.0.0', '192.168.6.60', '', 'Unknown Windows OS'),
(25, 26, '2023-12-02 14:21:09', 'Chrome119.0.0.0', '192.168.6.38', '', 'Unknown Windows OS'),
(26, 26, '2023-12-04 08:37:03', 'Chrome119.0.0.0', '192.168.6.60', '2023-12-04 10:34:24', 'Unknown Windows OS'),
(27, 26, '2023-12-04 08:44:30', 'Chrome119.0.0.0', '192.168.6.38', '', 'Unknown Windows OS'),
(28, 26, '2023-12-04 09:39:46', 'Chrome119.0.0.0', '192.168.6.139', '2023-12-04 10:19:34', 'Unknown Windows OS'),
(29, 26, '2023-12-04 10:34:31', 'Chrome119.0.0.0', '192.168.6.60', '', 'Unknown Windows OS'),
(30, 26, '2023-12-06 12:17:16', 'Chrome119.0.0.0', '192.168.6.38', '2023-12-04 12:19:49', 'Unknown Windows OS'),
(31, 26, '2023-12-04 12:19:53', 'Chrome119.0.0.0', '192.168.6.38', '', 'Unknown Windows OS'),
(32, 26, '2024-05-06 12:20:25', 'Chrome119.0.0.0', '192.168.6.38', '2023-12-06 12:40:19', 'Unknown Windows OS'),
(33, 26, '2023-12-06 12:40:24', 'Chrome119.0.0.0', '192.168.6.38', '2023-12-05 08:45:36', 'Unknown Windows OS'),
(34, 26, '2023-12-04 14:22:35', 'Chrome119.0.0.0', '192.168.6.60', '', 'Unknown Windows OS'),
(35, 26, '2023-12-05 08:36:54', 'Chrome119.0.0.0', '192.168.6.60', '2023-12-05 13:51:01', 'Unknown Windows OS'),
(36, 26, '2023-12-05 08:45:41', 'Chrome119.0.0.0', '192.168.6.38', '', 'Unknown Windows OS'),
(37, 26, '2023-12-05 13:51:08', 'Chrome119.0.0.0', '192.168.6.60', '2023-12-05 14:13:00', 'Unknown Windows OS'),
(38, 26, '2023-12-05 14:13:11', 'Chrome119.0.0.0', '192.168.6.60', '', 'Unknown Windows OS'),
(39, 26, '2023-12-05 16:32:41', 'Chrome119.0.0.0', '192.168.6.38', '', 'Unknown Windows OS'),
(40, 26, '2023-12-06 08:35:39', 'Chrome119.0.0.0', '192.168.6.60', '', 'Unknown Windows OS'),
(41, 26, '2023-12-06 08:43:03', 'Chrome119.0.0.0', '192.168.6.38', '', 'Unknown Windows OS'),
(42, 26, '2023-12-07 08:52:40', 'Chrome119.0.0.0', '192.168.6.38', '', 'Unknown Windows OS'),
(43, 26, '2023-12-08 09:42:02', 'Chrome119.0.0.0', '192.168.6.38', '', 'Unknown Windows OS'),
(44, 26, '2023-12-08 13:50:18', 'Chrome119.0.0.0', '192.168.6.38', '2023-12-07 08:33:37', 'Unknown Windows OS'),
(45, 26, '2023-12-07 08:33:43', 'Chrome119.0.0.0', '192.168.6.38', '', 'Unknown Windows OS'),
(46, 26, '2023-12-07 08:36:23', 'Chrome119.0.0.0', '192.168.6.60', '', 'Unknown Windows OS'),
(47, 26, '2023-12-07 10:24:29', 'Chrome119.0.0.0', '192.168.6.38', '', 'Unknown Windows OS'),
(48, 26, '2023-12-07 14:45:53', 'Chrome119.0.0.0', '192.168.6.38', '', 'Unknown Windows OS'),
(49, 26, '2023-12-08 08:41:21', 'Chrome120.0.0.0', '192.168.6.60', '', 'Unknown Windows OS'),
(50, 26, '2023-12-09 08:41:56', 'Chrome120.0.0.0', '192.168.6.60', '', 'Unknown Windows OS'),
(51, 26, '2023-12-09 10:14:26', 'Chrome119.0.0.0', '192.168.6.38', '2023-12-09 10:22:07', 'Unknown Windows OS'),
(52, 26, '2023-12-09 10:32:44', 'Chrome119.0.0.0', '192.168.6.38', '', 'Unknown Windows OS'),
(53, 26, '2023-12-10 11:11:06', 'Chrome119.0.0.0', '192.168.6.38', '', 'Unknown Windows OS'),
(54, 26, '2023-12-12 09:12:22', 'Chrome119.0.0.0', '192.168.6.38', '', 'Unknown Windows OS'),
(55, 26, '2023-12-12 08:37:51', 'Chrome120.0.0.0', '192.168.6.60', '', 'Unknown Windows OS'),
(56, 26, '2023-12-13 08:33:44', 'Chrome120.0.0.0', '192.168.6.60', '2023-12-13 08:51:42', 'Unknown Windows OS'),
(57, 26, '2023-12-13 08:37:27', 'Chrome119.0.0.0', '192.168.6.38', '', 'Unknown Windows OS'),
(58, 26, '2023-12-13 08:51:48', 'Chrome120.0.0.0', '192.168.6.60', '', 'Unknown Windows OS'),
(59, 26, '2023-12-13 14:05:03', 'Chrome119.0.0.0', '192.168.6.38', '2023-12-13 15:49:15', 'Unknown Windows OS'),
(60, 26, '2023-12-13 15:49:20', 'Chrome119.0.0.0', '192.168.6.38', '', 'Unknown Windows OS'),
(61, 26, '2023-12-14 08:35:07', 'Chrome119.0.0.0', '192.168.6.38', '2024-12-14 09:43:25', 'Unknown Windows OS'),
(62, 26, '2023-12-14 08:40:47', 'Chrome120.0.0.0', '192.168.6.60', '', 'Unknown Windows OS'),
(63, 26, '2024-12-14 09:43:37', 'Chrome119.0.0.0', '192.168.6.38', '2024-01-01 09:43:59', 'Unknown Windows OS'),
(64, 26, '2024-01-01 09:44:04', 'Chrome119.0.0.0', '192.168.6.38', '', 'Unknown Windows OS'),
(65, 26, '2023-12-14 14:12:06', 'Chrome120.0.0.0', '192.168.6.60', '', 'Unknown Windows OS'),
(66, 26, '2023-12-15 08:38:08', 'Chrome120.0.0.0', '192.168.6.60', '', 'Unknown Windows OS'),
(67, 26, '2023-12-15 14:51:58', 'Chrome120.0.0.0', '192.168.6.38', '2023-12-16 14:57:35', 'Unknown Windows OS'),
(68, 26, '2023-12-16 14:57:40', 'Chrome120.0.0.0', '192.168.6.38', '', 'Unknown Windows OS'),
(69, 26, '2023-12-16 14:58:09', 'Chrome120.0.0.0', '192.168.6.38', '2023-12-15 15:09:04', 'Unknown Windows OS'),
(70, 26, '2023-12-15 15:09:09', 'Chrome120.0.0.0', '192.168.6.38', '2023-12-15 15:13:41', 'Unknown Windows OS'),
(71, 26, '2023-12-15 15:13:47', 'Chrome120.0.0.0', '192.168.6.38', '', 'Unknown Windows OS'),
(72, 26, '2023-12-16 08:32:52', 'Chrome120.0.0.0', '192.168.6.38', '', 'Unknown Windows OS'),
(73, 26, '2023-12-16 08:37:10', 'Chrome120.0.0.0', '192.168.6.60', '2023-12-16 14:56:22', 'Unknown Windows OS'),
(74, 26, '2023-12-16 14:56:28', 'Chrome120.0.0.0', '192.168.6.60', '', 'Unknown Windows OS'),
(75, 26, '2023-12-18 08:40:28', 'Chrome120.0.0.0', '192.168.6.60', '', 'Unknown Windows OS'),
(76, 26, '2023-12-18 09:45:47', 'Chrome120.0.0.0', '192.168.6.38', '2023-12-18 10:03:44', 'Unknown Windows OS'),
(77, 26, '2023-12-18 10:03:50', 'Chrome120.0.0.0', '192.168.6.38', '2023-12-18 10:41:39', 'Unknown Windows OS'),
(78, 26, '2023-12-18 12:56:46', 'Chrome120.0.0.0', '192.168.6.38', '2023-12-18 13:38:58', 'Unknown Windows OS'),
(79, 26, '2023-12-19 08:42:25', 'Chrome120.0.0.0', '192.168.6.60', '', 'Unknown Windows OS'),
(80, 26, '2023-12-19 08:46:09', 'Chrome120.0.0.0', '192.168.6.38', '2023-12-19 09:36:34', 'Unknown Windows OS'),
(81, 26, '2023-12-19 09:36:42', 'Chrome120.0.0.0', '192.168.6.38', '2023-12-19 09:45:23', 'Unknown Windows OS'),
(82, 26, '2023-12-19 09:45:28', 'Chrome120.0.0.0', '192.168.6.38', '2023-12-19 10:17:37', 'Unknown Windows OS'),
(83, 26, '2023-12-19 10:17:42', 'Chrome120.0.0.0', '192.168.6.38', '2023-12-19 10:18:00', 'Unknown Windows OS'),
(84, 26, '2023-12-19 10:18:05', 'Chrome120.0.0.0', '192.168.6.38', '2023-12-19 10:18:54', 'Unknown Windows OS'),
(85, 26, '2023-12-19 10:18:59', 'Chrome120.0.0.0', '192.168.6.38', '2023-12-19 10:31:19', 'Unknown Windows OS'),
(86, 26, '2023-12-19 10:31:24', 'Chrome120.0.0.0', '192.168.6.38', '2023-12-19 10:34:47', 'Unknown Windows OS'),
(87, 26, '2023-12-19 10:34:52', 'Chrome120.0.0.0', '192.168.6.38', '2023-12-19 10:35:33', 'Unknown Windows OS'),
(88, 26, '2023-12-19 10:35:37', 'Chrome120.0.0.0', '192.168.6.38', '', 'Unknown Windows OS'),
(89, 26, '2023-12-19 12:16:45', 'Chrome120.0.0.0', '192.168.6.60', '', 'Unknown Windows OS'),
(90, 26, '2023-12-20 12:22:25', 'Chrome120.0.0.0', '192.168.6.38', '', 'Unknown Windows OS'),
(91, 26, '2023-12-22 12:32:12', 'Chrome120.0.0.0', '192.168.6.38', '', 'Unknown Windows OS'),
(92, 26, '2023-12-19 12:34:34', 'Chrome120.0.0.0', '192.168.6.38', '2023-12-19 12:34:55', 'Unknown Windows OS'),
(93, 26, '2023-12-19 12:35:00', 'Chrome120.0.0.0', '192.168.6.38', '2023-12-19 12:36:35', 'Unknown Windows OS'),
(94, 26, '2023-12-19 12:36:40', 'Chrome120.0.0.0', '192.168.6.38', '2023-12-19 12:48:46', 'Unknown Windows OS'),
(95, 26, '2023-12-19 12:48:51', 'Chrome120.0.0.0', '192.168.6.38', '', 'Unknown Windows OS'),
(96, 26, '2023-12-20 13:47:30', 'Chrome120.0.0.0', '192.168.6.38', '2023-12-20 14:03:54', 'Unknown Windows OS'),
(97, 26, '2023-12-20 14:03:58', 'Chrome120.0.0.0', '192.168.6.38', '2023-12-20 14:56:53', 'Unknown Windows OS'),
(98, 26, '2023-12-20 14:56:58', 'Chrome120.0.0.0', '192.168.6.38', '2023-12-20 14:59:50', 'Unknown Windows OS'),
(99, 26, '2023-12-20 14:59:55', 'Chrome120.0.0.0', '192.168.6.38', '2023-12-20 15:01:59', 'Unknown Windows OS'),
(100, 26, '2023-12-20 15:10:15', 'Chrome120.0.0.0', '192.168.6.38', '2023-12-19 15:10:46', 'Unknown Windows OS'),
(101, 26, '2023-12-19 15:10:51', 'Chrome120.0.0.0', '192.168.6.38', '2023-12-19 16:07:22', 'Unknown Windows OS'),
(102, 26, '2023-12-19 16:07:30', 'Chrome120.0.0.0', '192.168.6.38', '2023-12-19 17:24:59', 'Unknown Windows OS'),
(103, 26, '2023-12-19 16:22:49', 'Chrome120.0.0.0', '192.168.6.60', '', 'Unknown Windows OS'),
(104, 26, '2023-12-19 17:25:04', 'Chrome120.0.0.0', '192.168.6.38', '2023-12-19 17:26:14', 'Unknown Windows OS'),
(105, 26, '2023-12-19 17:26:19', 'Chrome120.0.0.0', '192.168.6.38', '2023-12-19 17:28:05', 'Unknown Windows OS'),
(106, 26, '2023-12-19 17:28:12', 'Chrome120.0.0.0', '192.168.6.38', '', 'Unknown Windows OS'),
(107, 26, '2023-12-20 08:32:12', 'Chrome120.0.0.0', '192.168.6.38', '2023-12-20 08:49:59', 'Unknown Windows OS'),
(108, 26, '2023-12-20 08:42:02', 'Chrome120.0.0.0', '192.168.6.60', '', 'Unknown Windows OS'),
(109, 26, '2023-12-20 08:50:44', 'Chrome120.0.0.0', '192.168.6.38', '2023-12-20 10:12:12', 'Unknown Windows OS'),
(110, 26, '2023-12-20 10:12:18', 'Chrome120.0.0.0', '192.168.6.38', '2023-12-20 10:13:05', 'Unknown Windows OS'),
(111, 26, '2023-12-20 10:13:11', 'Chrome120.0.0.0', '192.168.6.38', '2023-12-20 10:21:36', 'Unknown Windows OS'),
(112, 26, '2023-12-20 10:21:41', 'Chrome120.0.0.0', '192.168.6.38', '2023-12-20 10:21:54', 'Unknown Windows OS'),
(113, 26, '2023-12-20 10:22:25', 'Chrome120.0.0.0', '192.168.6.38', '2023-12-20 10:25:05', 'Unknown Windows OS'),
(114, 26, '2023-12-20 10:25:10', 'Chrome120.0.0.0', '192.168.6.38', '2023-12-20 10:28:54', 'Unknown Windows OS'),
(115, 26, '2023-12-20 10:29:00', 'Chrome120.0.0.0', '192.168.6.38', '2023-12-20 10:29:11', 'Unknown Windows OS'),
(116, 26, '2023-12-20 10:29:17', 'Chrome120.0.0.0', '192.168.6.38', '2023-12-20 10:29:56', 'Unknown Windows OS'),
(117, 26, '2023-12-20 10:30:00', 'Chrome120.0.0.0', '192.168.6.38', '2023-12-20 10:43:21', 'Unknown Windows OS'),
(118, 26, '2023-12-20 10:43:30', 'Chrome120.0.0.0', '192.168.6.38', '2023-12-20 10:43:40', 'Unknown Windows OS'),
(119, 26, '2023-12-20 10:52:16', 'Chrome120.0.0.0', '192.168.6.38', '2023-12-20 10:52:22', 'Unknown Windows OS'),
(120, 26, '2023-12-20 10:52:26', 'Chrome120.0.0.0', '192.168.6.38', '2023-12-20 10:52:31', 'Unknown Windows OS'),
(121, 26, '2023-12-20 10:52:41', 'Chrome120.0.0.0', '192.168.6.38', '2023-12-20 10:52:48', 'Unknown Windows OS'),
(122, 26, '2023-12-20 10:52:53', 'Chrome120.0.0.0', '192.168.6.38', '2023-12-20 10:52:57', 'Unknown Windows OS'),
(123, 26, '2023-12-20 10:53:00', 'Chrome120.0.0.0', '192.168.6.38', '2023-12-20 10:53:04', 'Unknown Windows OS'),
(124, 26, '2023-12-20 10:53:28', 'Chrome120.0.0.0', '192.168.6.38', '2023-12-20 10:53:32', 'Unknown Windows OS'),
(125, 26, '2023-12-20 10:53:39', 'Chrome120.0.0.0', '192.168.6.38', '2023-12-20 10:53:42', 'Unknown Windows OS'),
(126, 26, '2023-12-20 10:53:48', 'Chrome120.0.0.0', '192.168.6.38', '2023-12-20 14:12:41', 'Unknown Windows OS'),
(127, 26, '2023-12-20 12:55:15', 'Chrome120.0.0.0', '192.168.6.60', '', 'Unknown Windows OS'),
(128, 26, '2023-12-20 14:12:48', 'Chrome120.0.0.0', '192.168.6.38', '2023-12-20 14:13:18', 'Unknown Windows OS'),
(129, 26, '2023-12-20 14:13:23', 'Chrome120.0.0.0', '192.168.6.38', '2023-12-20 14:13:31', 'Unknown Windows OS'),
(130, 26, '2023-12-20 14:13:35', 'Chrome120.0.0.0', '192.168.6.38', '2023-12-20 14:14:57', 'Unknown Windows OS'),
(131, 26, '2023-12-20 14:15:03', 'Chrome120.0.0.0', '192.168.6.38', '2023-12-20 14:15:42', 'Unknown Windows OS'),
(132, 26, '2023-12-20 14:15:48', 'Chrome120.0.0.0', '192.168.6.38', '2023-12-20 14:19:07', 'Unknown Windows OS'),
(133, 26, '2023-12-20 14:19:29', 'Chrome120.0.0.0', '192.168.6.38', '2023-12-20 14:20:20', 'Unknown Windows OS'),
(134, 26, '2023-12-20 14:20:24', 'Chrome120.0.0.0', '192.168.6.38', '2023-12-20 14:21:36', 'Unknown Windows OS'),
(135, 26, '2023-12-20 14:21:43', 'Chrome120.0.0.0', '192.168.6.38', '2023-12-20 14:25:09', 'Unknown Windows OS'),
(136, 26, '2023-12-20 14:25:14', 'Chrome120.0.0.0', '192.168.6.38', '2023-12-20 14:43:41', 'Unknown Windows OS'),
(137, 26, '2023-12-20 14:43:46', 'Chrome120.0.0.0', '192.168.6.38', '2023-12-20 15:01:34', 'Unknown Windows OS'),
(138, 26, '2023-12-20 15:01:39', 'Chrome120.0.0.0', '192.168.6.38', '', 'Unknown Windows OS'),
(139, 26, '2023-12-21 17:20:32', 'Chrome120.0.0.0', '192.168.6.38', '2023-12-21 08:36:25', 'Unknown Windows OS'),
(140, 26, '2023-12-21 08:31:57', 'Chrome120.0.0.0', '192.168.6.60', '', 'Unknown Windows OS'),
(141, 26, '2023-12-21 08:36:31', 'Chrome120.0.0.0', '192.168.6.38', '', 'Unknown Windows OS'),
(142, 26, '2023-12-25 08:50:14', 'Chrome120.0.0.0', '192.168.6.38', '2023-12-21 10:50:14', 'Unknown Windows OS'),
(143, 26, '2023-12-21 10:50:19', 'Chrome120.0.0.0', '192.168.6.38', '2023-12-21 10:58:25', 'Unknown Windows OS'),
(144, 26, '2023-12-21 10:58:29', 'Chrome120.0.0.0', '192.168.6.38', '2023-12-21 11:08:36', 'Unknown Windows OS'),
(145, 26, '2023-12-21 11:08:16', 'Chrome120.0.0.0', '127.0.0.1', '', 'Unknown Windows OS'),
(146, 26, '2023-12-21 11:08:41', 'Chrome120.0.0.0', '192.168.6.38', '2023-12-21 11:26:37', 'Unknown Windows OS'),
(147, 26, '2023-12-21 11:26:40', 'Chrome120.0.0.0', '192.168.6.38', '2023-12-21 11:58:15', 'Unknown Windows OS'),
(148, 26, '2023-12-21 11:58:19', 'Chrome120.0.0.0', '192.168.6.38', '2023-12-21 12:08:09', 'Unknown Windows OS'),
(149, 26, '2023-12-21 12:08:13', 'Chrome120.0.0.0', '192.168.6.38', '2023-12-21 12:41:03', 'Unknown Windows OS'),
(150, 26, '2023-12-21 12:41:10', 'Chrome120.0.0.0', '192.168.6.38', '2023-12-21 13:28:33', 'Unknown Windows OS'),
(151, 26, '2023-12-21 12:46:38', 'Chrome120.0.0.0', '192.168.6.60', '', 'Unknown Windows OS'),
(152, 26, '2023-12-21 13:29:00', 'Chrome120.0.0.0', '192.168.6.38', '', 'Unknown Windows OS'),
(153, 26, '2023-12-21 13:31:36', 'Chrome120.0.0.0', '192.168.6.38', '', 'Unknown Windows OS'),
(154, 26, '2023-12-22 15:06:53', 'Chrome120.0.0.0', '192.168.6.38', '2023-12-22 08:40:34', 'Unknown Windows OS'),
(155, 26, '2023-12-22 08:40:58', 'Chrome120.0.0.0', '192.168.6.38', '', 'Unknown Windows OS'),
(156, 26, '2023-12-22 08:42:51', 'Chrome120.0.0.0', '192.168.6.60', '', 'Unknown Windows OS'),
(157, 26, '2023-12-22 09:59:37', 'Chrome120.0.0.0', '192.168.6.38', '2023-12-22 10:05:19', 'Unknown Windows OS'),
(158, 26, '2023-12-22 10:05:56', 'Chrome120.0.0.0', '192.168.6.38', '2023-12-22 10:06:38', 'Unknown Windows OS'),
(159, 26, '2023-12-22 10:06:42', 'Chrome120.0.0.0', '192.168.6.38', '2023-12-22 10:07:06', 'Unknown Windows OS'),
(160, 26, '2023-12-22 10:07:16', 'Chrome120.0.0.0', '192.168.6.38', '2023-12-22 10:42:45', 'Unknown Windows OS'),
(161, 26, '2023-12-22 10:42:53', 'Chrome120.0.0.0', '192.168.6.38', '2023-04-10 11:25:25', 'Unknown Windows OS'),
(162, 26, '2023-04-10 11:25:57', 'Chrome120.0.0.0', '192.168.6.38', '', 'Unknown Windows OS'),
(163, 31, '2023-12-22 11:53:14', 'Chrome120.0.0.0', '192.168.6.38', '2023-12-22 11:54:44', 'Unknown Windows OS'),
(164, 26, '2023-12-22 11:54:50', 'Chrome120.0.0.0', '192.168.6.38', '', 'Unknown Windows OS'),
(165, 26, '2023-12-23 15:33:24', 'Chrome120.0.0.0', '192.168.6.38', '2023-12-23 08:34:34', 'Unknown Windows OS'),
(166, 26, '2023-12-23 08:41:37', 'Chrome120.0.0.0', '192.168.6.38', '2023-12-23 09:13:50', 'Unknown Windows OS'),
(167, 26, '2023-12-23 08:46:04', 'Chrome120.0.0.0', '192.168.6.60', '', 'Unknown Windows OS'),
(168, 26, '2023-12-23 09:13:59', 'Chrome120.0.0.0', '192.168.6.38', '2023-12-23 09:41:18', 'Unknown Windows OS'),
(169, 26, '2023-12-23 09:41:25', 'Chrome120.0.0.0', '192.168.6.38', '', 'Unknown Windows OS'),
(170, 26, '2023-12-27 08:39:57', 'Chrome120.0.0.0', '192.168.6.38', '2023-12-27 08:43:45', 'Unknown Windows OS'),
(171, 26, '2023-12-27 08:43:35', 'Chrome120.0.0.0', '192.168.6.60', '2023-12-27 08:53:41', 'Unknown Windows OS'),
(172, 26, '2023-12-27 08:43:51', 'Chrome120.0.0.0', '192.168.6.38', '2023-12-27 09:35:01', 'Unknown Windows OS'),
(173, 26, '2023-12-27 08:53:52', 'Chrome120.0.0.0', '192.168.6.60', '2023-12-27 12:08:09', 'Unknown Windows OS'),
(174, 26, '2023-12-27 09:35:08', 'Chrome120.0.0.0', '192.168.6.38', '2023-12-27 09:35:27', 'Unknown Windows OS'),
(175, 26, '2023-12-27 09:35:33', 'Chrome120.0.0.0', '192.168.6.38', '', 'Unknown Windows OS'),
(176, 26, '2023-12-27 12:08:39', 'Chrome120.0.0.0', '192.168.6.60', '2023-12-28 14:03:07', 'Unknown Windows OS'),
(177, 26, '2023-12-28 14:03:15', 'Chrome120.0.0.0', '192.168.6.60', '2023-12-27 15:06:38', 'Unknown Windows OS'),
(178, 26, '2023-12-28 14:14:27', 'Chrome120.0.0.0', '192.168.6.38', '', 'Unknown Windows OS'),
(179, 26, '2023-12-27 15:07:11', 'Chrome120.0.0.0', '192.168.6.60', '2023-12-27 15:07:24', 'Unknown Windows OS'),
(180, 26, '2023-12-27 15:08:06', 'Chrome120.0.0.0', '192.168.6.60', '2023-12-27 15:11:47', 'Unknown Windows OS'),
(181, 26, '2023-12-27 15:11:54', 'Chrome120.0.0.0', '192.168.6.60', '', 'Unknown Windows OS'),
(182, 26, '2023-12-28 15:58:59', 'Chrome120.0.0.0', '192.168.6.38', '2023-12-28 16:02:56', 'Unknown Windows OS'),
(183, 26, '2023-12-28 16:03:02', 'Chrome120.0.0.0', '192.168.6.38', '2023-12-27 17:13:31', 'Unknown Windows OS'),
(184, 26, '2023-12-27 17:13:37', 'Chrome120.0.0.0', '192.168.6.38', '2023-12-27 17:13:50', 'Unknown Windows OS'),
(185, 26, '2023-12-27 17:13:55', 'Chrome120.0.0.0', '192.168.6.38', '2023-12-27 17:21:20', 'Unknown Windows OS'),
(186, 26, '2023-12-27 17:21:24', 'Chrome120.0.0.0', '192.168.6.38', '', 'Unknown Windows OS'),
(187, 26, '2023-12-28 08:39:50', 'Chrome120.0.0.0', '192.168.6.38', '2023-12-28 09:32:00', 'Unknown Windows OS'),
(188, 26, '2023-12-28 09:12:56', 'Chrome120.0.0.0', '192.168.6.60', '', 'Unknown Windows OS'),
(189, 26, '2023-12-28 09:32:04', 'Chrome120.0.0.0', '192.168.6.38', '2023-12-28 09:38:22', 'Unknown Windows OS'),
(190, 26, '2023-12-28 09:38:26', 'Chrome120.0.0.0', '192.168.6.38', '2023-12-28 10:29:11', 'Unknown Windows OS'),
(191, 26, '2023-12-28 10:29:15', 'Chrome120.0.0.0', '192.168.6.38', '2023-12-28 10:32:14', 'Unknown Windows OS'),
(192, 26, '2023-12-28 10:32:18', 'Chrome120.0.0.0', '192.168.6.38', '2023-12-28 10:34:51', 'Unknown Windows OS'),
(193, 26, '2023-12-28 10:34:55', 'Chrome120.0.0.0', '192.168.6.38', '2023-12-28 10:49:10', 'Unknown Windows OS'),
(194, 26, '2023-12-28 10:49:15', 'Chrome120.0.0.0', '192.168.6.38', '2023-12-28 10:49:31', 'Unknown Windows OS'),
(195, 26, '2023-12-28 10:49:35', 'Chrome120.0.0.0', '192.168.6.38', '', 'Unknown Windows OS'),
(196, 26, '2023-12-29 08:48:10', 'Chrome120.0.0.0', '192.168.6.60', '', 'Unknown Windows OS'),
(197, 26, '2023-12-29 08:50:44', 'Chrome120.0.0.0', '192.168.6.38', '2023-12-29 09:23:21', 'Unknown Windows OS'),
(198, 26, '2023-12-29 09:23:44', 'Chrome120.0.0.0', '192.168.6.38', '2023-12-29 09:29:15', 'Unknown Windows OS'),
(199, 26, '2023-12-29 09:29:24', 'Chrome120.0.0.0', '192.168.6.38', '2023-12-29 10:14:11', 'Unknown Windows OS'),
(200, 26, '2023-12-29 10:14:16', 'Chrome120.0.0.0', '192.168.6.38', '2023-12-29 11:44:49', 'Unknown Windows OS'),
(201, 26, '2023-12-29 11:32:06', 'Chrome120.0.0.0', '192.168.6.57', '', 'Unknown Windows OS'),
(202, 26, '2023-12-29 11:45:18', 'Chrome120.0.0.0', '192.168.6.38', '', 'Unknown Windows OS'),
(203, 26, '2023-12-29 13:38:51', 'Chrome120.0.0.0', '192.168.6.60', '', 'Unknown Windows OS'),
(204, 26, '2023-12-30 14:51:36', 'Chrome120.0.0.0', '192.168.6.38', '2023-12-29 15:41:56', 'Unknown Windows OS'),
(205, 26, '2023-12-29 15:42:01', 'Chrome120.0.0.0', '192.168.6.38', '2023-12-29 16:37:55', 'Unknown Windows OS'),
(206, 26, '2023-12-29 16:38:00', 'Chrome120.0.0.0', '192.168.6.38', '2023-12-29 16:40:37', 'Unknown Windows OS'),
(207, 26, '2023-12-29 16:40:43', 'Chrome120.0.0.0', '192.168.6.38', '', 'Unknown Windows OS'),
(208, 26, '2024-01-05 08:40:46', 'Chrome120.0.0.0', '192.168.6.60', '2024-01-02 09:04:38', 'Unknown Windows OS'),
(209, 26, '2024-01-05 08:41:34', 'Chrome120.0.0.0', '192.168.6.38', '2024-01-02 08:42:22', 'Unknown Windows OS'),
(210, 26, '2024-01-02 08:42:28', 'Chrome120.0.0.0', '192.168.6.38', '', 'Unknown Windows OS'),
(211, 26, '2024-01-02 09:04:51', 'Chrome120.0.0.0', '192.168.6.60', '2024-01-02 09:25:18', 'Unknown Windows OS'),
(212, 26, '2024-01-02 09:08:03', 'Chrome120.0.0.0', '::1', '', 'Unknown Windows OS'),
(213, 26, '2024-01-02 09:25:24', 'Chrome120.0.0.0', '192.168.6.60', '2024-01-02 09:28:00', 'Unknown Windows OS'),
(214, 26, '2024-01-02 09:28:13', 'Chrome120.0.0.0', '192.168.6.60', '', 'Unknown Windows OS'),
(215, 26, '2024-01-03 09:53:17', 'Chrome120.0.0.0', '192.168.6.38', '', 'Unknown Windows OS'),
(216, 26, '2024-01-03 10:36:22', 'Chrome120.0.0.0', '192.168.6.60', '', 'Unknown Windows OS'),
(217, 26, '2024-01-02 10:39:27', 'Chrome120.0.0.0', '192.168.6.60', '2024-01-02 10:52:00', 'Unknown Windows OS'),
(218, 26, '2024-01-02 10:52:22', 'Chrome120.0.0.0', '192.168.6.60', '2024-01-07 16:17:36', 'Unknown Windows OS'),
(219, 26, '2024-01-05 11:14:30', 'Chrome120.0.0.0', '192.168.6.38', '', 'Unknown Windows OS'),
(220, 26, '2024-02-01 12:20:54', 'Chrome120.0.0.0', '192.168.6.38', '2024-01-02 12:31:16', 'Unknown Windows OS'),
(221, 26, '2024-01-02 12:31:21', 'Chrome120.0.0.0', '192.168.6.38', '', 'Unknown Windows OS'),
(222, 26, '2024-01-03 13:24:46', 'Chrome120.0.0.0', '192.168.6.38', '2024-01-02 13:50:30', 'Unknown Windows OS'),
(223, 26, '2024-01-02 13:50:35', 'Chrome120.0.0.0', '192.168.6.38', '', 'Unknown Windows OS'),
(224, 26, '2024-01-04 14:52:07', 'Chrome120.0.0.0', '192.168.6.38', '', 'Unknown Windows OS'),
(225, 26, '2024-01-07 15:36:08', 'Chrome120.0.0.0', '192.168.6.38', '2024-01-02 16:30:32', 'Unknown Windows OS'),
(226, 26, '2024-01-07 16:17:44', 'Chrome120.0.0.0', '192.168.6.60', '2024-01-07 16:18:35', 'Unknown Windows OS'),
(227, 26, '2024-01-07 16:18:42', 'Chrome120.0.0.0', '192.168.6.60', '2024-01-07 16:21:02', 'Unknown Windows OS'),
(228, 26, '2024-01-07 16:21:13', 'Chrome120.0.0.0', '192.168.6.60', '', 'Unknown Windows OS'),
(229, 26, '2024-01-02 16:30:39', 'Chrome120.0.0.0', '192.168.6.38', '2024-01-10 16:46:23', 'Unknown Windows OS'),
(230, 26, '2024-01-10 16:46:32', 'Chrome120.0.0.0', '192.168.6.38', '', 'Unknown Windows OS'),
(231, 26, '2024-01-10 16:48:15', 'Chrome120.0.0.0', '192.168.6.38', '2024-01-10 16:49:41', 'Unknown Windows OS'),
(232, 26, '2024-01-10 16:50:13', 'Chrome120.0.0.0', '192.168.6.38', '2024-01-10 16:53:31', 'Unknown Windows OS'),
(233, 26, '2024-01-10 16:53:38', 'Chrome120.0.0.0', '192.168.6.38', '2024-01-10 17:03:15', 'Unknown Windows OS'),
(234, 26, '2024-01-10 17:03:20', 'Chrome120.0.0.0', '192.168.6.38', '2024-01-10 17:03:28', 'Unknown Windows OS'),
(235, 26, '2024-01-02 17:03:42', 'Chrome120.0.0.0', '192.168.6.38', '2024-01-02 17:04:07', 'Unknown Windows OS'),
(236, 26, '2024-01-02 17:04:11', 'Chrome120.0.0.0', '192.168.6.38', '2024-01-10 17:05:07', 'Unknown Windows OS'),
(237, 26, '2024-01-10 17:05:13', 'Chrome120.0.0.0', '192.168.6.38', '', 'Unknown Windows OS'),
(238, 26, '2024-01-10 17:08:12', 'Chrome120.0.0.0', '192.168.6.38', '2024-01-02 17:10:40', 'Unknown Windows OS'),
(239, 26, '2024-01-02 17:10:46', 'Chrome120.0.0.0', '192.168.6.38', '2024-01-02 17:11:33', 'Unknown Windows OS'),
(240, 26, '2024-01-02 17:11:38', 'Chrome120.0.0.0', '192.168.6.38', '2024-01-02 17:16:44', 'Unknown Windows OS'),
(241, 26, '2024-01-02 17:16:49', 'Chrome120.0.0.0', '192.168.6.38', '', 'Unknown Windows OS'),
(242, 26, '2024-01-03 08:32:43', 'Chrome120.0.0.0', '192.168.6.60', '2024-01-03 08:46:21', 'Unknown Windows OS'),
(243, 26, '2024-01-03 08:40:23', 'Chrome120.0.0.0', '192.168.6.38', '', 'Unknown Windows OS'),
(244, 26, '2024-01-03 08:46:29', 'Chrome120.0.0.0', '192.168.6.60', '', 'Unknown Windows OS'),
(245, 26, '2024-01-03 08:49:56', 'Chrome120.0.0.0', '192.168.6.60', '2024-01-11 09:34:20', 'Unknown Windows OS'),
(246, 26, '2024-01-04 08:51:15', 'Chrome120.0.0.0', '192.168.6.38', '', 'Unknown Windows OS'),
(247, 26, '2024-01-03 09:18:59', 'Chrome120.0.0.0', '192.168.6.38', '', 'Unknown Windows OS'),
(248, 26, '2024-01-11 09:33:38', 'Chrome120.0.0.0', '192.168.6.38', '2024-01-11 09:37:36', 'Unknown Windows OS'),
(249, 26, '2024-01-11 09:34:38', 'Chrome120.0.0.0', '192.168.6.60', '2024-01-12 09:39:11', 'Unknown Windows OS'),
(250, 26, '2024-01-11 09:37:45', 'Chrome120.0.0.0', '192.168.6.38', '2024-01-11 09:43:22', 'Unknown Windows OS'),
(251, 26, '2024-01-12 09:39:16', 'Chrome120.0.0.0', '192.168.6.60', '2024-01-12 09:39:57', 'Unknown Windows OS'),
(252, 26, '2024-01-12 09:40:05', 'Chrome120.0.0.0', '192.168.6.60', '2024-01-11 09:40:45', 'Unknown Windows OS'),
(253, 26, '2024-01-11 09:40:59', 'Chrome120.0.0.0', '192.168.6.60', '2024-01-10 09:50:44', 'Unknown Windows OS'),
(254, 26, '2024-01-11 09:43:28', 'Chrome120.0.0.0', '192.168.6.38', '2024-01-11 09:44:43', 'Unknown Windows OS'),
(255, 26, '2024-01-11 09:44:48', 'Chrome120.0.0.0', '192.168.6.38', '', 'Unknown Windows OS'),
(256, 26, '2024-01-12 09:46:04', 'Chrome120.0.0.0', '192.168.6.38', '2024-01-03 09:47:33', 'Unknown Windows OS'),
(257, 26, '2024-01-03 09:47:37', 'Chrome120.0.0.0', '192.168.6.38', '', 'Unknown Windows OS'),
(258, 26, '2024-01-10 09:50:51', 'Chrome120.0.0.0', '192.168.6.60', '2024-01-10 09:51:27', 'Unknown Windows OS'),
(259, 26, '2024-01-10 09:51:35', 'Chrome120.0.0.0', '192.168.6.60', '2024-01-09 09:52:28', 'Unknown Windows OS'),
(260, 26, '2024-01-09 09:52:32', 'Chrome120.0.0.0', '192.168.6.60', '2024-01-03 10:37:23', 'Unknown Windows OS'),
(261, 26, '2024-01-09 09:53:27', 'Chrome120.0.0.0', '192.168.6.38', '', 'Unknown Windows OS'),
(262, 26, '2024-01-10 09:58:15', 'Chrome120.0.0.0', '192.168.6.38', '2024-01-10 09:59:37', 'Unknown Windows OS'),
(263, 26, '2024-01-10 09:59:43', 'Chrome120.0.0.0', '192.168.6.38', '2024-01-10 10:00:04', 'Unknown Windows OS'),
(264, 26, '2024-01-10 10:00:10', 'Chrome120.0.0.0', '192.168.6.38', '2024-01-10 10:00:37', 'Unknown Windows OS'),
(265, 26, '2024-01-10 10:00:42', 'Chrome120.0.0.0', '192.168.6.38', '2024-01-10 10:01:51', 'Unknown Windows OS'),
(266, 26, '2024-01-10 10:02:06', 'Chrome120.0.0.0', '192.168.6.38', '2024-01-10 10:03:01', 'Unknown Windows OS'),
(267, 26, '2024-01-10 10:03:18', 'Chrome120.0.0.0', '192.168.6.38', '2024-01-03 10:05:05', 'Unknown Windows OS'),
(268, 26, '2024-01-03 10:05:10', 'Chrome120.0.0.0', '192.168.6.38', '2024-01-03 10:07:57', 'Unknown Windows OS'),
(269, 26, '2024-01-03 10:08:01', 'Chrome120.0.0.0', '192.168.6.38', '', 'Unknown Windows OS'),
(270, 26, '2024-01-03 10:37:28', 'Chrome120.0.0.0', '192.168.6.60', '2024-01-12 11:07:05', 'Unknown Windows OS'),
(271, 26, '2024-01-12 10:52:01', 'Chrome120.0.0.0', '192.168.6.38', '2024-01-12 11:08:45', 'Unknown Windows OS'),
(272, 26, '2024-01-12 11:07:12', 'Chrome120.0.0.0', '192.168.6.60', '2024-01-12 11:08:13', 'Unknown Windows OS'),
(273, 26, '2024-01-12 11:08:20', 'Chrome120.0.0.0', '192.168.6.60', '', 'Unknown Windows OS'),
(274, 26, '2024-01-12 11:08:50', 'Chrome120.0.0.0', '192.168.6.38', '2024-01-10 11:09:12', 'Unknown Windows OS'),
(275, 26, '2024-01-10 11:09:31', 'Chrome120.0.0.0', '192.168.6.38', '', 'Unknown Windows OS'),
(276, 26, '2024-01-10 11:10:32', 'Chrome120.0.0.0', '192.168.6.60', '', 'Unknown Windows OS'),
(277, 26, '2024-01-14 11:20:16', 'Chrome120.0.0.0', '192.168.6.60', '2024-01-13 11:25:37', 'Unknown Windows OS'),
(278, 26, '2024-01-13 11:25:44', 'Chrome120.0.0.0', '192.168.6.60', '', 'Unknown Windows OS'),
(279, 26, '2024-01-03 11:33:31', 'Chrome120.0.0.0', '192.168.6.38', '2024-01-03 11:33:39', 'Unknown Windows OS'),
(280, 26, '2024-01-03 11:33:43', 'Chrome120.0.0.0', '192.168.6.38', '2024-01-03 11:43:00', 'Unknown Windows OS'),
(281, 26, '2024-01-03 11:43:36', 'Chrome120.0.0.0', '192.168.6.38', '', 'Unknown Windows OS'),
(282, 26, '2024-01-03 13:42:05', 'Chrome120.0.0.0', '192.168.6.60', '2024-01-03 13:50:30', 'Unknown Windows OS'),
(283, 26, '2024-01-03 13:50:37', 'Chrome120.0.0.0', '192.168.6.60', '2024-01-04 15:05:31', 'Unknown Windows OS'),
(284, 26, '2024-01-03 14:24:50', 'Chrome120.0.0.0', '192.168.6.38', '', 'Unknown Windows OS'),
(285, 26, '2024-01-04 14:46:39', 'Chrome120.0.0.0', '192.168.6.38', '2024-01-04 14:55:10', 'Unknown Windows OS'),
(286, 26, '2024-01-04 14:55:16', 'Chrome120.0.0.0', '192.168.6.38', '2024-01-04 15:28:19', 'Unknown Windows OS'),
(287, 26, '2024-01-04 15:05:36', 'Chrome120.0.0.0', '192.168.6.60', '', 'Unknown Windows OS'),
(288, 26, '2024-01-04 15:28:25', 'Chrome120.0.0.0', '192.168.6.38', '2024-01-04 08:37:40', 'Unknown Windows OS'),
(289, 26, '2024-01-04 08:38:22', 'Chrome120.0.0.0', '192.168.6.38', '2024-01-04 08:43:11', 'Unknown Windows OS'),
(290, 26, '2024-01-04 08:42:02', 'Chrome120.0.0.0', '192.168.6.60', '2024-01-04 08:48:51', 'Unknown Windows OS'),
(291, 26, '2024-01-04 08:43:16', 'Chrome120.0.0.0', '192.168.6.38', '2024-01-04 08:43:38', 'Unknown Windows OS'),
(292, 26, '2024-01-06 08:43:54', 'Chrome120.0.0.0', '192.168.6.38', '', 'Unknown Windows OS'),
(293, 26, '2024-01-06 08:44:05', 'Chrome120.0.0.0', '192.168.6.38', '2024-01-04 08:48:49', 'Unknown Windows OS'),
(294, 26, '2024-01-04 08:49:49', 'Chrome120.0.0.0', '192.168.6.60', '2024-01-04 11:14:56', 'Unknown Windows OS'),
(295, 26, '2024-01-04 08:49:57', 'Chrome120.0.0.0', '192.168.6.38', '2024-01-04 08:50:03', 'Unknown Windows OS'),
(296, 26, '2024-01-04 08:50:08', 'Chrome120.0.0.0', '192.168.6.38', '2024-01-04 09:05:25', 'Unknown Windows OS'),
(297, 26, '2024-01-04 09:05:31', 'Chrome120.0.0.0', '192.168.6.38', '2024-01-04 09:29:22', 'Unknown Windows OS'),
(298, 26, '2024-01-04 09:29:27', 'Chrome120.0.0.0', '192.168.6.38', '2024-01-04 09:30:47', 'Unknown Windows OS'),
(299, 26, '2024-01-04 09:30:54', 'Chrome120.0.0.0', '192.168.6.38', '2024-01-04 09:37:17', 'Unknown Windows OS'),
(300, 26, '2024-01-04 09:37:24', 'Chrome120.0.0.0', '192.168.6.38', '2024-01-04 09:54:47', 'Unknown Windows OS'),
(301, 26, '2024-01-04 09:54:57', 'Chrome120.0.0.0', '192.168.6.38', '2024-01-04 09:55:06', 'Unknown Windows OS'),
(302, 26, '2024-01-04 09:55:10', 'Chrome120.0.0.0', '192.168.6.38', '2024-01-04 10:00:00', 'Unknown Windows OS'),
(303, 26, '2024-01-04 10:00:08', 'Chrome120.0.0.0', '192.168.6.38', '2024-01-04 10:46:16', 'Unknown Windows OS'),
(304, 26, '2024-01-04 10:46:22', 'Chrome120.0.0.0', '192.168.6.38', '2024-01-04 10:54:44', 'Unknown Windows OS'),
(305, 26, '2024-01-04 10:54:50', 'Chrome120.0.0.0', '192.168.6.38', '2024-01-04 10:54:56', 'Unknown Windows OS'),
(306, 26, '2024-01-04 10:55:00', 'Chrome120.0.0.0', '192.168.6.38', '', 'Unknown Windows OS'),
(307, 26, '2024-01-04 11:15:02', 'Chrome120.0.0.0', '192.168.6.60', '2024-01-04 11:29:33', 'Unknown Windows OS'),
(308, 26, '2024-01-04 11:29:48', 'Chrome120.0.0.0', '192.168.6.60', '2024-01-06 11:54:22', 'Unknown Windows OS'),
(309, 26, '2024-01-04 11:32:34', 'Chrome120.0.0.0', '192.168.6.57', '', 'Unknown Windows OS'),
(310, 26, '2024-01-05 11:56:55', 'Chrome120.0.0.0', '192.168.6.38', '', 'Unknown Windows OS'),
(311, 26, '2024-01-06 11:54:29', 'Chrome120.0.0.0', '192.168.6.60', '2024-01-06 11:59:49', 'Unknown Windows OS'),
(312, 26, '2024-01-06 11:54:55', 'Chrome120.0.0.0', '192.168.6.38', '', 'Unknown Windows OS'),
(313, 26, '2024-01-06 12:00:13', 'Chrome120.0.0.0', '192.168.6.60', '2024-01-04 13:33:32', 'Unknown Windows OS'),
(314, 26, '2024-01-07 13:24:24', 'Chrome120.0.0.0', '192.168.6.38', '2024-01-04 13:24:37', 'Unknown Windows OS'),
(315, 26, '2024-01-04 13:24:46', 'Chrome120.0.0.0', '192.168.6.38', '', 'Unknown Windows OS'),
(316, 26, '2024-01-04 13:33:41', 'Chrome120.0.0.0', '192.168.6.60', '2024-01-07 13:49:53', 'Unknown Windows OS'),
(317, 26, '2024-01-07 13:46:47', 'Chrome120.0.0.0', '192.168.6.38', '', 'Unknown Windows OS'),
(318, 26, '2024-01-07 13:49:52', 'Chrome120.0.0.0', '192.168.6.57', '', 'Unknown Windows OS'),
(319, 26, '2024-01-07 13:50:11', 'Chrome120.0.0.0', '192.168.6.60', '2024-01-04 14:41:05', 'Unknown Windows OS'),
(320, 26, '2024-01-04 14:40:18', 'Chrome120.0.0.0', '192.168.6.38', '', 'Unknown Windows OS'),
(321, 26, '2024-01-04 14:41:12', 'Chrome120.0.0.0', '192.168.6.60', '2024-01-04 14:57:49', 'Unknown Windows OS'),
(322, 26, '2024-01-04 14:57:56', 'Chrome120.0.0.0', '192.168.6.60', '2024-01-04 15:23:04', 'Unknown Windows OS'),
(323, 26, '2024-01-04 15:23:12', 'Chrome120.0.0.0', '192.168.6.60', '', 'Unknown Windows OS'),
(324, 26, '2024-01-05 08:15:01', 'Chrome120.0.0.0', '192.168.6.60', '2024-01-05 08:50:55', 'Unknown Windows OS'),
(325, 26, '2024-01-05 08:26:25', 'Chrome120.0.0.0', '192.168.6.38', '2024-01-05 09:03:43', 'Unknown Windows OS'),
(326, 26, '2024-01-05 08:51:04', 'Chrome120.0.0.0', '192.168.6.60', '2024-01-05 08:54:30', 'Unknown Windows OS'),
(327, 26, '2024-01-05 08:54:41', 'Chrome120.0.0.0', '192.168.6.60', '2024-01-05 09:03:24', 'Unknown Windows OS'),
(328, 26, '2024-01-05 09:03:33', 'Chrome120.0.0.0', '192.168.6.60', '', 'Unknown Windows OS'),
(329, 26, '2024-01-05 09:03:58', 'Chrome120.0.0.0', '192.168.6.38', '2024-01-05 09:53:17', 'Unknown Windows OS'),
(330, 26, '2024-01-05 09:53:22', 'Chrome120.0.0.0', '192.168.6.38', '2024-01-05 10:47:23', 'Unknown Windows OS'),
(331, 26, '2024-01-05 10:47:28', 'Chrome120.0.0.0', '192.168.6.38', '2024-01-05 10:48:52', 'Unknown Windows OS'),
(332, 26, '2024-01-05 10:48:58', 'Chrome120.0.0.0', '192.168.6.38', '2024-01-05 14:05:47', 'Unknown Windows OS'),
(333, 26, '2024-01-05 14:06:22', 'Chrome120.0.0.0', '192.168.6.38', '2024-01-05 14:51:33', 'Unknown Windows OS'),
(334, 26, '2024-01-05 14:52:06', 'Chrome120.0.0.0', '192.168.6.38', '2024-01-05 16:24:17', 'Unknown Windows OS'),
(335, 26, '2024-01-05 15:57:33', 'Chrome120.0.0.0', '192.168.6.60', '', 'Unknown Windows OS'),
(336, 26, '2024-01-05 16:24:21', 'Chrome120.0.0.0', '192.168.6.38', '', 'Unknown Windows OS'),
(337, 26, '2024-01-06 08:50:40', 'Chrome120.0.0.0', '192.168.6.38', '2024-01-06 08:53:43', 'Unknown Windows OS'),
(338, 26, '2024-01-06 08:54:34', 'Chrome120.0.0.0', '192.168.6.38', '2024-01-06 09:00:50', 'Unknown Windows OS'),
(339, 26, '2024-01-06 09:03:25', 'Chrome120.0.0.0', '192.168.6.38', '2024-01-06 09:18:21', 'Unknown Windows OS'),
(340, 26, '2024-01-06 09:18:26', 'Chrome120.0.0.0', '192.168.6.38', '2024-01-06 09:30:36', 'Unknown Windows OS'),
(341, 26, '2024-01-06 09:30:44', 'Chrome120.0.0.0', '192.168.6.38', '2024-01-06 09:40:45', 'Unknown Windows OS'),
(342, 26, '2024-01-06 09:42:17', 'Chrome120.0.0.0', '192.168.6.38', '', 'Unknown Windows OS'),
(343, 26, '2024-01-07 10:27:25', 'Chrome120.0.0.0', '192.168.6.38', '2024-01-07 11:17:23', 'Unknown Windows OS'),
(344, 26, '2024-01-07 11:17:31', 'Chrome120.0.0.0', '192.168.6.38', '2024-01-07 11:45:34', 'Unknown Windows OS'),
(345, 26, '2024-01-07 11:45:40', 'Chrome120.0.0.0', '192.168.6.38', '', 'Unknown Windows OS'),
(346, 26, '2024-01-07 15:03:57', 'Chrome120.0.0.0', '192.168.6.57', '', 'Unknown Windows OS'),
(347, 26, '2024-01-08 08:40:53', 'Chrome120.0.0.0', '192.168.6.38', '2024-01-08 09:27:53', 'Unknown Windows OS'),
(348, 26, '2024-01-08 09:27:59', 'Chrome120.0.0.0', '192.168.6.38', '2024-01-08 10:09:41', 'Unknown Windows OS'),
(349, 26, '2024-01-08 10:09:52', 'Chrome120.0.0.0', '192.168.6.38', '2024-01-08 11:27:02', 'Unknown Windows OS'),
(350, 26, '2024-01-08 10:24:10', 'Firefox121.0', '192.168.6.54', '', 'Unknown Windows OS'),
(351, 26, '2024-01-08 11:27:10', 'Chrome120.0.0.0', '192.168.6.38', '', 'Unknown Windows OS'),
(352, 26, '2024-01-09 12:02:48', 'Chrome120.0.0.0', '192.168.6.38', '', 'Unknown Windows OS'),
(353, 26, '2024-01-10 12:15:48', 'Chrome120.0.0.0', '192.168.6.38', '2024-01-10 12:22:08', 'Unknown Windows OS'),
(354, 26, '2024-01-10 12:22:14', 'Chrome120.0.0.0', '192.168.6.38', '2024-01-10 12:45:34', 'Unknown Windows OS'),
(355, 26, '2024-01-10 12:45:38', 'Chrome120.0.0.0', '192.168.6.38', '2024-01-10 12:46:34', 'Unknown Windows OS'),
(356, 26, '2024-01-10 12:46:39', 'Chrome120.0.0.0', '192.168.6.38', '2024-01-10 13:53:19', 'Unknown Windows OS'),
(357, 26, '2024-01-10 13:53:23', 'Chrome120.0.0.0', '192.168.6.38', '2024-01-10 13:55:00', 'Unknown Windows OS'),
(358, 26, '2024-01-10 13:55:04', 'Chrome120.0.0.0', '192.168.6.38', '', 'Unknown Windows OS'),
(359, 26, '2024-01-11 14:15:01', 'Chrome120.0.0.0', '192.168.6.38', '2024-01-09 08:42:36', 'Unknown Windows OS'),
(360, 26, '2024-01-11 16:53:29', 'Firefox121.0', '192.168.6.54', '', 'Unknown Windows OS'),
(361, 26, '2024-01-09 08:42:47', 'Chrome120.0.0.0', '192.168.6.38', '2024-01-09 08:43:07', 'Unknown Windows OS'),
(362, 26, '2024-01-09 08:44:10', 'Chrome120.0.0.0', '192.168.6.38', '', 'Unknown Windows OS'),
(363, 26, '2024-01-09 09:49:23', 'Chrome120.0.0.0', '192.168.6.38', '', 'Unknown Windows OS'),
(364, 26, '2024-01-10 10:00:47', 'Chrome120.0.0.0', '192.168.6.38', '', 'Unknown Windows OS'),
(365, 26, '2024-01-11 10:04:53', 'Chrome120.0.0.0', '192.168.6.38', '', 'Unknown Windows OS'),
(366, 26, '2024-01-11 10:20:07', 'Chrome120.0.0.0', '192.168.6.38', '', 'Unknown Windows OS'),
(367, 26, '2024-01-16 10:22:02', 'Chrome120.0.0.0', '192.168.6.38', '', 'Unknown Windows OS'),
(368, 26, '2024-01-16 10:24:34', 'Chrome120.0.0.0', '192.168.6.38', '', 'Unknown Windows OS'),
(369, 26, '2024-01-17 10:55:15', 'Chrome120.0.0.0', '192.168.6.38', '2024-01-10 08:54:09', 'Unknown Windows OS'),
(370, 26, '2024-01-17 11:07:47', 'Chrome120.0.0.0', '192.168.6.38', '', 'Unknown Windows OS'),
(371, 26, '2024-01-11 11:28:40', 'Chrome120.0.0.0', '192.168.6.38', '2024-01-11 11:57:25', 'Unknown Windows OS'),
(372, 26, '2024-01-11 11:58:54', 'Chrome120.0.0.0', '192.168.6.38', '2024-01-11 12:02:41', 'Unknown Windows OS'),
(373, 26, '2024-01-11 11:59:06', 'Chrome116.0.0.0', '192.168.6.66', '', 'Mac OS X'),
(374, 26, '2024-01-11 12:02:45', 'Chrome120.0.0.0', '192.168.6.38', '', 'Unknown Windows OS'),
(375, 26, '2024-01-11 14:09:01', 'Chrome120.0.0.0', '192.168.6.38', '2024-01-11 14:42:04', 'Unknown Windows OS'),
(376, 26, '2024-01-11 14:42:09', 'Chrome120.0.0.0', '192.168.6.38', '', 'Unknown Windows OS'),
(377, 26, '2024-01-11 15:29:36', 'Chrome116.0.0.0', '192.168.6.66', '', 'Mac OS X'),
(378, 26, '2024-01-10 08:54:31', 'Chrome120.0.0.0', '192.168.6.38', '2024-01-10 08:55:51', 'Unknown Windows OS'),
(379, 26, '2024-01-10 08:56:22', 'Chrome120.0.0.0', '192.168.6.38', '', 'Unknown Windows OS'),
(380, 26, '2024-01-10 08:56:45', 'Chrome116.0.0.0', '192.168.6.66', '2024-01-10 08:59:16', 'Mac OS X'),
(381, 26, '2024-01-10 08:59:23', 'Chrome116.0.0.0', '192.168.6.66', '2024-01-10 09:41:13', 'Mac OS X'),
(382, 26, '2024-01-10 09:01:02', 'Chrome116.0.0.0', '192.168.6.66', '', 'Mac OS X'),
(383, 26, '2024-01-10 09:26:45', 'Chrome120.0.0.0', '192.168.6.57', '2024-01-10 09:31:04', 'Unknown Windows OS'),
(384, 26, '2024-01-10 09:31:09', 'Chrome120.0.0.0', '192.168.6.57', '', 'Unknown Windows OS'),
(385, 26, '2024-01-10 09:41:30', 'Chrome116.0.0.0', '192.168.6.66', '', 'Mac OS X'),
(386, 26, '2024-01-24 10:09:45', 'Chrome120.0.0.0', '192.168.6.38', '', 'Unknown Windows OS'),
(387, 26, '2024-01-24 10:10:18', 'Firefox121.0', '192.168.6.54', '', 'Unknown Windows OS'),
(388, 26, '2024-01-24 10:24:53', 'Chrome116.0.0.0', '192.168.6.66', '2024-01-24 10:24:57', 'Mac OS X'),
(389, 26, '2024-01-24 10:25:02', 'Chrome116.0.0.0', '192.168.6.66', '', 'Mac OS X'),
(390, 26, '2024-01-24 10:28:42', 'Chrome120.0.0.0', '192.168.6.38', '', 'Unknown Windows OS'),
(391, 26, '2024-01-24 12:56:21', 'Chrome120.0.0.0', '192.168.6.38', '', 'Unknown Windows OS'),
(392, 26, '2024-01-12 13:38:56', 'Chrome120.0.0.0', '192.168.6.38', '', 'Unknown Windows OS'),
(393, 26, '2024-01-10 17:05:03', 'Chrome120.0.0.0', '192.168.6.38', '', 'Unknown Windows OS'),
(394, 26, '2024-01-11 08:48:28', 'Chrome120.0.0.0', '192.168.6.38', '', 'Unknown Windows OS'),
(395, 26, '2024-01-12 09:26:52', 'Chrome120.0.0.0', '192.168.6.38', '', 'Unknown Windows OS'),
(396, 26, '2024-01-12 11:38:53', 'Firefox121.0', '192.168.6.54', '', 'Unknown Windows OS'),
(397, 26, '2024-01-12 16:39:33', 'Chrome120.0.0.0', '192.168.6.38', '2024-01-12 08:45:47', 'Unknown Windows OS'),
(398, 26, '2024-01-12 08:47:57', 'Chrome120.0.0.0', '192.168.6.38', '2024-01-12 09:13:11', 'Unknown Windows OS'),
(399, 26, '2024-01-12 09:13:55', 'Chrome120.0.0.0', '192.168.6.38', '', 'Unknown Windows OS'),
(400, 26, '2024-01-12 09:40:05', 'Firefox121.0', '192.168.6.54', '', 'Unknown Windows OS'),
(401, 26, '2024-01-12 10:48:22', 'Chrome120.0.0.0', '192.168.6.38', '', 'Unknown Windows OS'),
(402, 26, '2024-01-13 13:49:20', 'Chrome120.0.0.0', '192.168.6.38', '2024-01-13 14:01:09', 'Unknown Windows OS'),
(403, 26, '2024-01-13 14:01:14', 'Chrome120.0.0.0', '192.168.6.38', '2024-01-13 14:02:18', 'Unknown Windows OS'),
(404, 26, '2024-01-13 14:02:22', 'Chrome120.0.0.0', '192.168.6.38', '2024-01-13 15:09:23', 'Unknown Windows OS'),
(405, 26, '2024-01-13 14:52:44', 'Firefox121.0', '192.168.6.54', '', 'Unknown Windows OS'),
(406, 26, '2024-01-13 15:09:31', 'Chrome120.0.0.0', '192.168.6.38', '2024-01-13 16:52:43', 'Unknown Windows OS'),
(407, 26, '2024-01-13 15:16:02', 'Chrome120.0.0.0', '192.168.6.57', '2024-01-13 15:17:58', 'Unknown Windows OS'),
(408, 26, '2024-01-13 15:18:02', 'Chrome120.0.0.0', '192.168.6.57', '2024-01-13 15:20:12', 'Unknown Windows OS'),
(409, 26, '2024-01-13 15:20:17', 'Chrome120.0.0.0', '192.168.6.57', '', 'Unknown Windows OS'),
(410, 26, '2024-01-13 15:26:24', 'Chrome120.0.0.0', '192.168.6.38', '2024-01-13 10:24:38', 'Unknown Windows OS'),
(411, 26, '2024-01-13 16:52:48', 'Chrome120.0.0.0', '192.168.6.38', '2024-01-13 16:58:43', 'Unknown Windows OS'),
(412, 26, '2024-01-13 16:58:58', 'Chrome120.0.0.0', '192.168.6.38', '2024-01-13 08:53:22', 'Unknown Windows OS'),
(413, 26, '2024-01-13 08:53:42', 'Chrome120.0.0.0', '192.168.6.38', '', 'Unknown Windows OS'),
(414, 26, '2024-01-13 09:08:21', 'Firefox121.0', '192.168.6.54', '2024-01-13 09:09:18', 'Unknown Windows OS'),
(415, 26, '2024-01-13 09:09:21', 'Firefox121.0', '192.168.6.54', '', 'Unknown Windows OS'),
(416, 26, '2024-01-13 10:08:52', 'Chrome116.0.0.0', '192.168.6.66', '2024-01-13 10:12:00', 'Mac OS X'),
(417, 26, '2024-01-13 10:14:59', 'Chrome116.0.0.0', '192.168.6.66', '2024-01-13 17:11:27', 'Mac OS X'),
(418, 26, '2024-01-13 10:24:43', 'Chrome120.0.0.0', '192.168.6.38', '', 'Unknown Windows OS'),
(419, 26, '2024-01-25 10:27:14', 'Chrome120.0.0.0', '192.168.6.38', '', 'Unknown Windows OS'),
(420, 26, '2024-01-25 10:38:02', 'Chrome120.0.0.0', '192.168.6.38', '2024-01-26 11:59:19', 'Unknown Windows OS'),
(421, 26, '2024-01-26 11:59:23', 'Chrome120.0.0.0', '192.168.6.38', '', 'Unknown Windows OS'),
(422, 26, '2024-01-26 12:01:06', 'Chrome120.0.0.0', '192.168.6.38', '2024-01-26 12:05:48', 'Unknown Windows OS'),
(423, 26, '2024-01-26 12:05:52', 'Chrome120.0.0.0', '192.168.6.38', '2024-01-26 12:06:21', 'Unknown Windows OS'),
(424, 26, '2024-01-26 12:06:26', 'Chrome120.0.0.0', '192.168.6.38', '2024-01-13 16:56:37', 'Unknown Windows OS'),
(425, 26, '2024-01-26 14:00:40', 'Firefox121.0', '192.168.6.54', '', 'Unknown Windows OS'),
(426, 26, '2024-01-13 16:56:55', 'Chrome120.0.0.0', '192.168.6.38', '', 'Unknown Windows OS'),
(427, 26, '2024-01-13 17:12:01', 'Chrome116.0.0.0', '192.168.6.66', '2024-01-13 17:19:59', 'Mac OS X'),
(428, 26, '2024-01-13 17:20:23', 'Chrome116.0.0.0', '192.168.6.66', '', 'Mac OS X'),
(429, 26, '2024-01-15 08:34:25', 'Chrome120.0.0.0', '192.168.6.38', '', 'Unknown Windows OS'),
(430, 26, '2024-01-16 08:55:33', 'Chrome120.0.0.0', '192.168.6.38', '2024-01-16 09:16:02', 'Unknown Windows OS'),
(431, 26, '2024-01-16 08:55:57', 'Chrome116.0.0.0', '192.168.6.66', '2024-01-27 11:22:13', 'Mac OS X'),
(432, 26, '2024-01-16 09:16:06', 'Chrome120.0.0.0', '192.168.6.38', '2024-01-16 09:17:30', 'Unknown Windows OS'),
(433, 26, '2024-01-16 09:17:36', 'Chrome120.0.0.0', '192.168.6.38', '2024-01-16 09:18:05', 'Unknown Windows OS'),
(434, 26, '2024-01-16 09:23:00', 'Chrome120.0.0.0', '192.168.6.38', '', 'Unknown Windows OS'),
(435, 26, '2024-01-17 09:27:56', 'Chrome120.0.0.0', '192.168.6.38', '', 'Unknown Windows OS'),
(436, 26, '2024-01-17 09:34:24', 'Chrome120.0.0.0', '192.168.6.38', '', 'Unknown Windows OS'),
(437, 26, '2024-01-17 09:43:14', 'Chrome120.0.0.0', '192.168.6.38', '', 'Unknown Windows OS'),
(438, 26, '2024-01-17 09:55:33', 'Chrome120.0.0.0', '192.168.6.38', '', 'Unknown Windows OS'),
(439, 26, '2024-01-17 10:00:34', 'Chrome120.0.0.0', '192.168.6.38', '', 'Unknown Windows OS'),
(440, 26, '2024-01-17 10:23:59', 'Chrome120.0.0.0', '192.168.6.38', '', 'Unknown Windows OS'),
(441, 26, '2024-01-17 10:44:48', 'Chrome120.0.0.0', '192.168.6.38', '', 'Unknown Windows OS'),
(442, 26, '2024-01-17 10:49:51', 'Chrome120.0.0.0', '192.168.6.38', '', 'Unknown Windows OS'),
(443, 26, '2024-01-17 10:54:14', 'Chrome120.0.0.0', '192.168.6.38', '', 'Unknown Windows OS'),
(444, 26, '2024-01-27 11:22:18', 'Chrome116.0.0.0', '192.168.6.66', '', 'Mac OS X'),
(445, 26, '2024-01-15 11:45:32', 'Chrome120.0.0.0', '192.168.6.57', '', 'Unknown Windows OS'),
(446, 26, '2024-01-16 12:10:38', 'Chrome120.0.0.0', '192.168.6.38', '', 'Unknown Windows OS'),
(447, 26, '2024-01-20 12:16:40', 'Chrome120.0.0.0', '192.168.6.38', '', 'Unknown Windows OS'),
(448, 26, '2024-02-20 12:17:44', 'Chrome120.0.0.0', '192.168.6.38', '', 'Unknown Windows OS'),
(449, 26, '2024-02-15 12:24:48', 'Chrome120.0.0.0', '192.168.6.38', '', 'Unknown Windows OS'),
(450, 26, '2024-01-16 12:30:40', 'Chrome120.0.0.0', '192.168.6.38', '', 'Unknown Windows OS'),
(451, 26, '2024-01-16 13:36:54', 'Chrome116.0.0.0', '192.168.6.66', '', 'Mac OS X'),
(452, 26, '2024-01-16 13:37:58', 'Chrome120.0.0.0', '192.168.6.38', '', 'Unknown Windows OS'),
(453, 26, '2024-01-18 13:40:17', 'Chrome120.0.0.0', '192.168.6.57', '', 'Unknown Windows OS'),
(454, 26, '2024-01-18 13:41:16', 'Chrome120.0.0.0', '192.168.6.38', '', 'Unknown Windows OS'),
(455, 26, '2024-01-16 13:49:55', 'Chrome120.0.0.0', '192.168.6.38', '', 'Unknown Windows OS'),
(456, 26, '2024-01-15 14:06:12', 'Chrome120.0.0.0', '192.168.6.38', '', 'Unknown Windows OS'),
(457, 26, '2024-01-15 14:37:50', 'Firefox121.0', '192.168.6.54', '', 'Unknown Windows OS'),
(458, 26, '2024-01-16 08:31:07', 'Chrome120.0.0.0', '192.168.6.38', '', 'Unknown Windows OS'),
(459, 26, '2024-01-17 08:57:33', 'Firefox121.0', '192.168.6.54', '', 'Unknown Windows OS'),
(460, 26, '2024-01-17 08:58:15', 'Chrome120.0.0.0', '192.168.6.38', '2024-01-16 10:04:55', 'Unknown Windows OS'),
(461, 26, '2024-01-16 10:04:59', 'Chrome120.0.0.0', '192.168.6.38', '2024-01-16 10:11:44', 'Unknown Windows OS'),
(462, 26, '2024-01-16 10:11:49', 'Chrome120.0.0.0', '192.168.6.38', '', 'Unknown Windows OS'),
(463, 26, '2024-01-17 10:25:48', 'Chrome120.0.0.0', '192.168.6.38', '', 'Unknown Windows OS'),
(464, 26, '2024-01-17 11:02:02', 'Chrome116.0.0.0', '192.168.6.66', '', 'Mac OS X'),
(465, 26, '2024-01-17 11:07:21', 'Chrome120.0.0.0', '192.168.6.38', '', 'Unknown Windows OS'),
(466, 26, '2024-01-18 11:15:30', 'Chrome120.0.0.0', '192.168.6.38', '', 'Unknown Windows OS'),
(467, 26, '2024-01-18 11:26:10', 'Chrome120.0.0.0', '192.168.6.39', '', 'Unknown Windows OS'),
(468, 26, '2024-01-19 11:36:04', 'Chrome120.0.0.0', '192.168.6.38', '', 'Unknown Windows OS'),
(469, 26, '2024-01-17 12:03:23', 'Chrome120.0.0.0', '192.168.6.38', '', 'Unknown Windows OS'),
(470, 26, '2024-01-18 12:06:43', 'Chrome120.0.0.0', '192.168.6.38', '', 'Unknown Windows OS'),
(471, 26, '2024-01-18 13:26:59', 'Chrome116.0.0.0', '192.168.6.66', '', 'Mac OS X'),
(472, 26, '2024-01-16 13:41:00', 'Firefox121.0', '192.168.6.54', '', 'Unknown Windows OS'),
(473, 26, '2024-01-17 08:50:37', 'Chrome120.0.0.0', '192.168.6.38', '', 'Unknown Windows OS'),
(474, 26, '2024-01-17 09:17:05', 'Chrome116.0.0.0', '192.168.6.66', '', 'Mac OS X'),
(475, 26, '2024-01-18 10:02:32', 'Chrome120.0.0.0', '192.168.6.38', '', 'Unknown Windows OS'),
(476, 26, '2024-01-19 10:54:18', 'Chrome116.0.0.0', '192.168.6.66', '', 'Mac OS X'),
(477, 26, '2024-01-19 12:11:14', 'Chrome120.0.0.0', '192.168.6.38', '2024-01-19 12:26:12', 'Unknown Windows OS'),
(478, 26, '2024-01-19 12:26:17', 'Chrome120.0.0.0', '192.168.6.38', '2024-01-19 12:26:31', 'Unknown Windows OS'),
(479, 26, '2024-01-19 12:26:35', 'Chrome120.0.0.0', '192.168.6.38', '', 'Unknown Windows OS');

-- --------------------------------------------------------

--
-- Table structure for table `user_menu`
--

CREATE TABLE `user_menu` (
  `M_ID` int(11) NOT NULL,
  `MENU_NAME` varchar(250) NOT NULL,
  `MENU_DESC` varchar(250) NOT NULL
) ENGINE=InnoDB DEFAULT CHARSET=latin1;

--
-- Dumping data for table `user_menu`
--

INSERT INTO `user_menu` (`M_ID`, `MENU_NAME`, `MENU_DESC`) VALUES
(1, 'Deity Sevas', ''),
(2, 'Event Sevas', ''),
(3, 'Receipt', ''),
(4, 'Report', ''),
(5, 'Auction', ''),
(6, 'Settings', ''),
(7, 'Others', ''),
(8, 'Booking', ''),
(9, 'Deity E.O.D.', ''),
(10, 'Event E.O.D.', ''),
(11, 'Event Token', ''),
(12, 'Deity Token', ''),
(13, 'Postage', ''),
(14, 'Event Postage', ''),
(15, 'Shashwath', ''),
(16, 'Jeernodhara', ''),
(17, 'Finance', '');

-- --------------------------------------------------------

--
-- Table structure for table `user_rights`
--

CREATE TABLE `user_rights` (
  `R_ID` int(11) NOT NULL,
  `R_NAME` varchar(10000) NOT NULL,
  `R_DESC` varchar(10000) NOT NULL
) ENGINE=MyISAM DEFAULT CHARSET=latin1;

--
-- Dumping data for table `user_rights`
--

INSERT INTO `user_rights` (`R_ID`, `R_NAME`, `R_DESC`) VALUES
(1, 'Add', 'Add Rights'),
(2, 'Edit', 'Edit Rights'),
(3, 'Active/Deactive', 'Active/Deactive Rights'),
(4, 'Authorise', 'Authorise Rights'),
(5, 'Notification', 'Notification Rights');

--
-- Indexes for dumped tables
--

--
-- Indexes for table `auction_item`
--
ALTER TABLE `auction_item`
  ADD PRIMARY KEY (`AI_ID`);

--
-- Indexes for table `auction_item_bid_range`
--
ALTER TABLE `auction_item_bid_range`
  ADD PRIMARY KEY (`IBR_ID`);

--
-- Indexes for table `auction_item_category`
--
ALTER TABLE `auction_item_category`
  ADD PRIMARY KEY (`AIC_ID`);

--
-- Indexes for table `auction_item_default_bid`
--
ALTER TABLE `auction_item_default_bid`
  ADD PRIMARY KEY (`IDB_ID`);

--
-- Indexes for table `auction_item_list`
--
ALTER TABLE `auction_item_list`
  ADD PRIMARY KEY (`AIL_ID`);

--
-- Indexes for table `auction_receipt`
--
ALTER TABLE `auction_receipt`
  ADD PRIMARY KEY (`AR_ID`);

--
-- Indexes for table `bank`
--
ALTER TABLE `bank`
  ADD PRIMARY KEY (`BANK_ID`);

--
-- Indexes for table `bank_ledger_allocation`
--
ALTER TABLE `bank_ledger_allocation`
  ADD PRIMARY KEY (`BLA_ID`);

--
-- Indexes for table `based_on_moon`
--
ALTER TABLE `based_on_moon`
  ADD PRIMARY KEY (`BOM_ID`);

--
-- Indexes for table `bid_item_list`
--
ALTER TABLE `bid_item_list`
  ADD PRIMARY KEY (`BIL_ID`);

--
-- Indexes for table `bid_reference_counter`
--
ALTER TABLE `bid_reference_counter`
  ADD PRIMARY KEY (`BRC_ID`);

--
-- Indexes for table `calendar`
--
ALTER TABLE `calendar`
  ADD PRIMARY KEY (`CAL_ID`);

--
-- Indexes for table `calendar_year_breakup`
--
ALTER TABLE `calendar_year_breakup`
  ADD PRIMARY KEY (`CAL_YEAR_ID`);

--
-- Indexes for table `deity`
--
ALTER TABLE `deity`
  ADD PRIMARY KEY (`DEITY_ID`),
  ADD UNIQUE KEY `DEITY_ID` (`DEITY_ID`),
  ADD KEY `DEITY_ID_2` (`DEITY_ID`);

--
-- Indexes for table `deity_history`
--
ALTER TABLE `deity_history`
  ADD PRIMARY KEY (`DH_ID`);

--
-- Indexes for table `deity_inkind_offered`
--
ALTER TABLE `deity_inkind_offered`
  ADD PRIMARY KEY (`IKO_ID`);

--
-- Indexes for table `deity_print_history`
--
ALTER TABLE `deity_print_history`
  ADD PRIMARY KEY (`DPH_ID`);

--
-- Indexes for table `deity_receipt`
--
ALTER TABLE `deity_receipt`
  ADD PRIMARY KEY (`RECEIPT_ID`),
  ADD KEY `RECEIPT_ID` (`RECEIPT_ID`);

--
-- Indexes for table `deity_receipt_category`
--
ALTER TABLE `deity_receipt_category`
  ADD PRIMARY KEY (`RECEIPT_CATEGORY_ID`);

--
-- Indexes for table `deity_receipt_counter`
--
ALTER TABLE `deity_receipt_counter`
  ADD PRIMARY KEY (`RECEIPT_COUNTER_ID`);

--
-- Indexes for table `deity_seva`
--
ALTER TABLE `deity_seva`
  ADD PRIMARY KEY (`SEVA_ID`);

--
-- Indexes for table `deity_seva_offered`
--
ALTER TABLE `deity_seva_offered`
  ADD PRIMARY KEY (`SO_ID`),
  ADD KEY `IDX_SS_ID` (`SS_ID`),
  ADD KEY `IDX_SO_DATE` (`SO_DATE`(1000)) USING BTREE;

--
-- Indexes for table `deity_seva_price`
--
ALTER TABLE `deity_seva_price`
  ADD PRIMARY KEY (`SEVA_PRICE_ID`);

--
-- Indexes for table `deity_shashwath_seva_generation`
--
ALTER TABLE `deity_shashwath_seva_generation`
  ADD PRIMARY KEY (`DSSG_ID`);

--
-- Indexes for table `deity_user_collection`
--
ALTER TABLE `deity_user_collection`
  ADD PRIMARY KEY (`DUC_ID`);

--
-- Indexes for table `deity_user_collection_history`
--
ALTER TABLE `deity_user_collection_history`
  ADD PRIMARY KEY (`DUCH_ID`);

--
-- Indexes for table `eod_time_setting`
--
ALTER TABLE `eod_time_setting`
  ADD PRIMARY KEY (`TIME_ID`);

--
-- Indexes for table `event`
--
ALTER TABLE `event`
  ADD PRIMARY KEY (`ET_ID`);

--
-- Indexes for table `event_bank`
--
ALTER TABLE `event_bank`
  ADD PRIMARY KEY (`BANK_ID`);

--
-- Indexes for table `event_eod_time_setting`
--
ALTER TABLE `event_eod_time_setting`
  ADD PRIMARY KEY (`TIME_ID`);

--
-- Indexes for table `event_history`
--
ALTER TABLE `event_history`
  ADD PRIMARY KEY (`EH_ID`);

--
-- Indexes for table `event_inkind_offered`
--
ALTER TABLE `event_inkind_offered`
  ADD PRIMARY KEY (`ET_IKO_ID`);

--
-- Indexes for table `event_print_history`
--
ALTER TABLE `event_print_history`
  ADD PRIMARY KEY (`EPH_ID`);

--
-- Indexes for table `event_receipt`
--
ALTER TABLE `event_receipt`
  ADD PRIMARY KEY (`ET_RECEIPT_ID`);

--
-- Indexes for table `event_receipt_category`
--
ALTER TABLE `event_receipt_category`
  ADD PRIMARY KEY (`ET_RECEIPT_CATEGORY_ID`);

--
-- Indexes for table `event_receipt_counter`
--
ALTER TABLE `event_receipt_counter`
  ADD PRIMARY KEY (`ET_RECEIPT_COUNTER_ID`);

--
-- Indexes for table `event_seva`
--
ALTER TABLE `event_seva`
  ADD PRIMARY KEY (`ET_SEVA_ID`);

--
-- Indexes for table `event_seva_change`
--
ALTER TABLE `event_seva_change`
  ADD PRIMARY KEY (`ET_SEVA_CHANGE_ID`);

--
-- Indexes for table `event_seva_limit`
--
ALTER TABLE `event_seva_limit`
  ADD PRIMARY KEY (`ET_SL_ID`);

--
-- Indexes for table `event_seva_offered`
--
ALTER TABLE `event_seva_offered`
  ADD PRIMARY KEY (`ET_SO_ID`);

--
-- Indexes for table `event_seva_price`
--
ALTER TABLE `event_seva_price`
  ADD PRIMARY KEY (`ET_SEVA_PRICE_ID`);

--
-- Indexes for table `event_user_collection`
--
ALTER TABLE `event_user_collection`
  ADD PRIMARY KEY (`EUC_ID`);

--
-- Indexes for table `event_user_collection_history`
--
ALTER TABLE `event_user_collection_history`
  ADD PRIMARY KEY (`EUCH_ID`);

--
-- Indexes for table `finacial_group_ledger_heads`
--
ALTER TABLE `finacial_group_ledger_heads`
  ADD PRIMARY KEY (`FGLH_ID`),
  ADD UNIQUE KEY `FGLH_ID` (`FGLH_ID`);

--
-- Indexes for table `finacial_group_ledger_heads_old`
--
ALTER TABLE `finacial_group_ledger_heads_old`
  ADD PRIMARY KEY (`FGLH_ID`),
  ADD UNIQUE KEY `FGLH_ID` (`FGLH_ID`);

--
-- Indexes for table `finance_cheque_book_details`
--
ALTER TABLE `finance_cheque_book_details`
  ADD PRIMARY KEY (`FCBD_ID`);

--
-- Indexes for table `finance_cheque_detail`
--
ALTER TABLE `finance_cheque_detail`
  ADD PRIMARY KEY (`FCD_ID`);

--
-- Indexes for table `finance_committee`
--
ALTER TABLE `finance_committee`
  ADD PRIMARY KEY (`COMP_ID`);

--
-- Indexes for table `finance_prerequisites`
--
ALTER TABLE `finance_prerequisites`
  ADD PRIMARY KEY (`FP_ID`);

--
-- Indexes for table `finance_voucher_counter`
--
ALTER TABLE `finance_voucher_counter`
  ADD PRIMARY KEY (`FVC_ID`);

--
-- Indexes for table `financial_head`
--
ALTER TABLE `financial_head`
  ADD PRIMARY KEY (`FH_ID`);

--
-- Indexes for table `financial_head_counter`
--
ALTER TABLE `financial_head_counter`
  ADD PRIMARY KEY (`HEAD_COUNTER_ID`);

--
-- Indexes for table `financial_ledger_transcations`
--
ALTER TABLE `financial_ledger_transcations`
  ADD PRIMARY KEY (`FLT_ID`);

--
-- Indexes for table `finnancial_heads_history`
--
ALTER TABLE `finnancial_heads_history`
  ADD PRIMARY KEY (`FHH_ID`);

--
-- Indexes for table `function`
--
ALTER TABLE `function`
  ADD PRIMARY KEY (`FN_ID`);

--
-- Indexes for table `group_menu`
--
ALTER TABLE `group_menu`
  ADD PRIMARY KEY (`GM_ID`);

--
-- Indexes for table `group_menu_history`
--
ALTER TABLE `group_menu_history`
  ADD PRIMARY KEY (`GMH_ID`);

--
-- Indexes for table `group_rights`
--
ALTER TABLE `group_rights`
  ADD PRIMARY KEY (`GR_ID`);

--
-- Indexes for table `group_trust_menu`
--
ALTER TABLE `group_trust_menu`
  ADD PRIMARY KEY (`GTM_ID`);

--
-- Indexes for table `group_trust_menu_history`
--
ALTER TABLE `group_trust_menu_history`
  ADD PRIMARY KEY (`GTMH_ID`);

--
-- Indexes for table `group_trust_rights`
--
ALTER TABLE `group_trust_rights`
  ADD PRIMARY KEY (`GTR_ID`);

--
-- Indexes for table `hall`
--
ALTER TABLE `hall`
  ADD PRIMARY KEY (`HALL_ID`);

--
-- Indexes for table `hall_financial_head`
--
ALTER TABLE `hall_financial_head`
  ADD PRIMARY KEY (`HFH_ID`);

--
-- Indexes for table `inkind_items`
--
ALTER TABLE `inkind_items`
  ADD PRIMARY KEY (`INKIND_ITEM_ID`);

--
-- Indexes for table `kanike_setting`
--
ALTER TABLE `kanike_setting`
  ADD PRIMARY KEY (`KS_ID`);

--
-- Indexes for table `masa`
--
ALTER TABLE `masa`
  ADD PRIMARY KEY (`MASA_ID`);

--
-- Indexes for table `nakshatra`
--
ALTER TABLE `nakshatra`
  ADD PRIMARY KEY (`NAKSHATRA_ID`);

--
-- Indexes for table `pages`
--
ALTER TABLE `pages`
  ADD PRIMARY KEY (`P_ID`);

--
-- Indexes for table `postage`
--
ALTER TABLE `postage`
  ADD PRIMARY KEY (`POSTAGE_ID`);

--
-- Indexes for table `postage_group`
--
ALTER TABLE `postage_group`
  ADD PRIMARY KEY (`PG_ID`);

--
-- Indexes for table `rashi`
--
ALTER TABLE `rashi`
  ADD PRIMARY KEY (`RASHI_ID`);

--
-- Indexes for table `rashi_nakshatra_group`
--
ALTER TABLE `rashi_nakshatra_group`
  ADD PRIMARY KEY (`RNG_ID`);

--
-- Indexes for table `samvatsara`
--
ALTER TABLE `samvatsara`
  ADD PRIMARY KEY (`SAM_ID`);

--
-- Indexes for table `seva_booking`
--
ALTER TABLE `seva_booking`
  ADD PRIMARY KEY (`SB_ID`);

--
-- Indexes for table `seva_limit`
--
ALTER TABLE `seva_limit`
  ADD PRIMARY KEY (`SL_ID`);

--
-- Indexes for table `shashwath_festival_setting`
--
ALTER TABLE `shashwath_festival_setting`
  ADD PRIMARY KEY (`SFS_ID`);

--
-- Indexes for table `shashwath_loss_paid`
--
ALTER TABLE `shashwath_loss_paid`
  ADD PRIMARY KEY (`SLP_ID`);

--
-- Indexes for table `shashwath_mandali_member_details`
--
ALTER TABLE `shashwath_mandali_member_details`
  ADD PRIMARY KEY (`MM_ID`);

--
-- Indexes for table `shashwath_members`
--
ALTER TABLE `shashwath_members`
  ADD PRIMARY KEY (`SM_ID`);

--
-- Indexes for table `shashwath_member_delete_history`
--
ALTER TABLE `shashwath_member_delete_history`
  ADD PRIMARY KEY (`SMDH_ID`);

--
-- Indexes for table `shashwath_member_import`
--
ALTER TABLE `shashwath_member_import`
  ADD PRIMARY KEY (`sm_id`);

--
-- Indexes for table `shashwath_member_seva_reference`
--
ALTER TABLE `shashwath_member_seva_reference`
  ADD PRIMARY KEY (`SMR_ID`);

--
-- Indexes for table `shashwath_period_setting`
--
ALTER TABLE `shashwath_period_setting`
  ADD PRIMARY KEY (`SP_ID`);

--
-- Indexes for table `shashwath_seva`
--
ALTER TABLE `shashwath_seva`
  ADD PRIMARY KEY (`SS_ID`);

--
-- Indexes for table `shashwath_seva_delete_history`
--
ALTER TABLE `shashwath_seva_delete_history`
  ADD PRIMARY KEY (`SSDH_ID`);

--
-- Indexes for table `thithi`
--
ALTER TABLE `thithi`
  ADD PRIMARY KEY (`THITHI_ID`);

--
-- Indexes for table `time_setting`
--
ALTER TABLE `time_setting`
  ADD PRIMARY KEY (`TIME_ID`);

--
-- Indexes for table `trust_auction_item`
--
ALTER TABLE `trust_auction_item`
  ADD PRIMARY KEY (`AI_ID`);

--
-- Indexes for table `trust_auction_item_bid_range`
--
ALTER TABLE `trust_auction_item_bid_range`
  ADD PRIMARY KEY (`IBR_ID`);

--
-- Indexes for table `trust_auction_item_category`
--
ALTER TABLE `trust_auction_item_category`
  ADD PRIMARY KEY (`AIC_ID`);

--
-- Indexes for table `trust_auction_item_default_bid`
--
ALTER TABLE `trust_auction_item_default_bid`
  ADD PRIMARY KEY (`IDB_ID`);

--
-- Indexes for table `trust_auction_item_list`
--
ALTER TABLE `trust_auction_item_list`
  ADD PRIMARY KEY (`AIL_ID`);

--
-- Indexes for table `trust_auction_receipt`
--
ALTER TABLE `trust_auction_receipt`
  ADD PRIMARY KEY (`AR_ID`);

--
-- Indexes for table `trust_bank`
--
ALTER TABLE `trust_bank`
  ADD PRIMARY KEY (`BANK_ID`);

--
-- Indexes for table `trust_bank_ledger_allocation`
--
ALTER TABLE `trust_bank_ledger_allocation`
  ADD PRIMARY KEY (`T_BLA_ID`);

--
-- Indexes for table `trust_bid_item_list`
--
ALTER TABLE `trust_bid_item_list`
  ADD PRIMARY KEY (`BIL_ID`);

--
-- Indexes for table `trust_bid_reference_counter`
--
ALTER TABLE `trust_bid_reference_counter`
  ADD PRIMARY KEY (`BRC_ID`);

--
-- Indexes for table `trust_block_date_time`
--
ALTER TABLE `trust_block_date_time`
  ADD PRIMARY KEY (`TBDT_ID`);

--
-- Indexes for table `trust_booking_counter`
--
ALTER TABLE `trust_booking_counter`
  ADD PRIMARY KEY (`COUNTER_ID`);

--
-- Indexes for table `trust_deity_user_collection_history`
--
ALTER TABLE `trust_deity_user_collection_history`
  ADD PRIMARY KEY (`TDUCH_ID`);

--
-- Indexes for table `trust_eod_time_setting`
--
ALTER TABLE `trust_eod_time_setting`
  ADD PRIMARY KEY (`TIME_ID`);

--
-- Indexes for table `trust_event`
--
ALTER TABLE `trust_event`
  ADD PRIMARY KEY (`TET_ID`);

--
-- Indexes for table `trust_event_bank`
--
ALTER TABLE `trust_event_bank`
  ADD PRIMARY KEY (`BANK_ID`);

--
-- Indexes for table `trust_event_eod_time_setting`
--
ALTER TABLE `trust_event_eod_time_setting`
  ADD PRIMARY KEY (`TIME_ID`);

--
-- Indexes for table `trust_event_history`
--
ALTER TABLE `trust_event_history`
  ADD PRIMARY KEY (`TEH_ID`);

--
-- Indexes for table `trust_event_inkind_offered`
--
ALTER TABLE `trust_event_inkind_offered`
  ADD PRIMARY KEY (`TET_IKO_ID`);

--
-- Indexes for table `trust_event_print_history`
--
ALTER TABLE `trust_event_print_history`
  ADD PRIMARY KEY (`TEPH_ID`);

--
-- Indexes for table `trust_event_receipt`
--
ALTER TABLE `trust_event_receipt`
  ADD PRIMARY KEY (`TET_RECEIPT_ID`);

--
-- Indexes for table `trust_event_receipt_category`
--
ALTER TABLE `trust_event_receipt_category`
  ADD PRIMARY KEY (`TET_RECEIPT_CATEGORY_ID`);

--
-- Indexes for table `trust_event_receipt_counter`
--
ALTER TABLE `trust_event_receipt_counter`
  ADD PRIMARY KEY (`TET_RECEIPT_COUNTER_ID`);

--
-- Indexes for table `trust_event_seva`
--
ALTER TABLE `trust_event_seva`
  ADD PRIMARY KEY (`TET_SEVA_ID`);

--
-- Indexes for table `trust_event_seva_limit`
--
ALTER TABLE `trust_event_seva_limit`
  ADD PRIMARY KEY (`TET_SL_ID`);

--
-- Indexes for table `trust_event_seva_offered`
--
ALTER TABLE `trust_event_seva_offered`
  ADD PRIMARY KEY (`TET_SO_ID`);

--
-- Indexes for table `trust_event_seva_price`
--
ALTER TABLE `trust_event_seva_price`
  ADD PRIMARY KEY (`TET_SEVA_PRICE_ID`);

--
-- Indexes for table `trust_event_user_collection`
--
ALTER TABLE `trust_event_user_collection`
  ADD PRIMARY KEY (`TEUC_ID`);

--
-- Indexes for table `trust_event_user_collection_history`
--
ALTER TABLE `trust_event_user_collection_history`
  ADD PRIMARY KEY (`TEUCH_ID`);

--
-- Indexes for table `trust_finance_cheque_book_details`
--
ALTER TABLE `trust_finance_cheque_book_details`
  ADD PRIMARY KEY (`T_FCBD_ID`);

--
-- Indexes for table `trust_finance_cheque_detail`
--
ALTER TABLE `trust_finance_cheque_detail`
  ADD PRIMARY KEY (`T_FCD_ID`);

--
-- Indexes for table `trust_finance_committee`
--
ALTER TABLE `trust_finance_committee`
  ADD PRIMARY KEY (`T_COMP_ID`);

--
-- Indexes for table `trust_finance_prerequisites`
--
ALTER TABLE `trust_finance_prerequisites`
  ADD PRIMARY KEY (`T_FP_ID`);

--
-- Indexes for table `trust_finance_voucher_counter`
--
ALTER TABLE `trust_finance_voucher_counter`
  ADD PRIMARY KEY (`T_FVC_ID`);

--
-- Indexes for table `trust_financial_group_ledger_heads`
--
ALTER TABLE `trust_financial_group_ledger_heads`
  ADD PRIMARY KEY (`T_FGLH_ID`),
  ADD KEY `T_FGLH_ID` (`T_FGLH_ID`);

--
-- Indexes for table `trust_financial_ledger_transcations`
--
ALTER TABLE `trust_financial_ledger_transcations`
  ADD PRIMARY KEY (`T_FLT_ID`);

--
-- Indexes for table `trust_finnancial_heads_history`
--
ALTER TABLE `trust_finnancial_heads_history`
  ADD PRIMARY KEY (`T_FHH_ID`);

--
-- Indexes for table `trust_hall_booking`
--
ALTER TABLE `trust_hall_booking`
  ADD PRIMARY KEY (`HB_ID`);

--
-- Indexes for table `trust_hall_booking_list`
--
ALTER TABLE `trust_hall_booking_list`
  ADD PRIMARY KEY (`HBL_ID`);

--
-- Indexes for table `trust_inkind_items`
--
ALTER TABLE `trust_inkind_items`
  ADD PRIMARY KEY (`INKIND_ITEM_ID`);

--
-- Indexes for table `trust_inkind_offered`
--
ALTER TABLE `trust_inkind_offered`
  ADD PRIMARY KEY (`T_IKO_ID`);

--
-- Indexes for table `trust_menu`
--
ALTER TABLE `trust_menu`
  ADD PRIMARY KEY (`TM_ID`);

--
-- Indexes for table `trust_pages`
--
ALTER TABLE `trust_pages`
  ADD PRIMARY KEY (`TP_ID`);

--
-- Indexes for table `trust_receipt`
--
ALTER TABLE `trust_receipt`
  ADD PRIMARY KEY (`TR_ID`);

--
-- Indexes for table `trust_receipt_category`
--
ALTER TABLE `trust_receipt_category`
  ADD PRIMARY KEY (`T_RECEIPT_CATEGORY_ID`);

--
-- Indexes for table `trust_receipt_counter`
--
ALTER TABLE `trust_receipt_counter`
  ADD PRIMARY KEY (`T_RECEIPT_COUNTER_ID`);

--
-- Indexes for table `trust_user_collection`
--
ALTER TABLE `trust_user_collection`
  ADD PRIMARY KEY (`TUC_ID`);

--
-- Indexes for table `trust_user_collection_history`
--
ALTER TABLE `trust_user_collection_history`
  ADD PRIMARY KEY (`TUCH_ID`);

--
-- Indexes for table `users`
--
ALTER TABLE `users`
  ADD PRIMARY KEY (`USER_ID`);

--
-- Indexes for table `user_groups`
--
ALTER TABLE `user_groups`
  ADD PRIMARY KEY (`GROUP_ID`);

--
-- Indexes for table `user_logins`
--
ALTER TABLE `user_logins`
  ADD PRIMARY KEY (`LOGIN_ID`);

--
-- Indexes for table `user_menu`
--
ALTER TABLE `user_menu`
  ADD PRIMARY KEY (`M_ID`);

--
-- Indexes for table `user_rights`
--
ALTER TABLE `user_rights`
  ADD PRIMARY KEY (`R_ID`);

--
-- AUTO_INCREMENT for dumped tables
--

--
-- AUTO_INCREMENT for table `auction_item`
--
ALTER TABLE `auction_item`
  MODIFY `AI_ID` bigint(20) NOT NULL AUTO_INCREMENT;

--
-- AUTO_INCREMENT for table `auction_item_bid_range`
--
ALTER TABLE `auction_item_bid_range`
  MODIFY `IBR_ID` bigint(20) NOT NULL AUTO_INCREMENT;

--
-- AUTO_INCREMENT for table `auction_item_category`
--
ALTER TABLE `auction_item_category`
  MODIFY `AIC_ID` bigint(255) NOT NULL AUTO_INCREMENT, AUTO_INCREMENT=5;

--
-- AUTO_INCREMENT for table `auction_item_default_bid`
--
ALTER TABLE `auction_item_default_bid`
  MODIFY `IDB_ID` bigint(255) NOT NULL AUTO_INCREMENT;

--
-- AUTO_INCREMENT for table `auction_item_list`
--
ALTER TABLE `auction_item_list`
  MODIFY `AIL_ID` bigint(255) NOT NULL AUTO_INCREMENT;

--
-- AUTO_INCREMENT for table `auction_receipt`
--
ALTER TABLE `auction_receipt`
  MODIFY `AR_ID` bigint(255) NOT NULL AUTO_INCREMENT;

--
-- AUTO_INCREMENT for table `bank`
--
ALTER TABLE `bank`
  MODIFY `BANK_ID` int(11) NOT NULL AUTO_INCREMENT;

--
-- AUTO_INCREMENT for table `bank_ledger_allocation`
--
ALTER TABLE `bank_ledger_allocation`
  MODIFY `BLA_ID` int(255) NOT NULL AUTO_INCREMENT;

--
-- AUTO_INCREMENT for table `based_on_moon`
--
ALTER TABLE `based_on_moon`
  MODIFY `BOM_ID` int(11) NOT NULL AUTO_INCREMENT, AUTO_INCREMENT=3;

--
-- AUTO_INCREMENT for table `bid_item_list`
--
ALTER TABLE `bid_item_list`
  MODIFY `BIL_ID` bigint(255) NOT NULL AUTO_INCREMENT;

--
-- AUTO_INCREMENT for table `bid_reference_counter`
--
ALTER TABLE `bid_reference_counter`
  MODIFY `BRC_ID` int(11) NOT NULL AUTO_INCREMENT, AUTO_INCREMENT=2;

--
-- AUTO_INCREMENT for table `calendar`
--
ALTER TABLE `calendar`
  MODIFY `CAL_ID` int(11) NOT NULL AUTO_INCREMENT, AUTO_INCREMENT=7;

--
-- AUTO_INCREMENT for table `calendar_year_breakup`
--
ALTER TABLE `calendar_year_breakup`
  MODIFY `CAL_YEAR_ID` bigint(11) NOT NULL AUTO_INCREMENT, AUTO_INCREMENT=4652;

--
-- AUTO_INCREMENT for table `deity`
--
ALTER TABLE `deity`
  MODIFY `DEITY_ID` int(11) NOT NULL AUTO_INCREMENT;

--
-- AUTO_INCREMENT for table `deity_history`
--
ALTER TABLE `deity_history`
  MODIFY `DH_ID` bigint(11) NOT NULL AUTO_INCREMENT;

--
-- AUTO_INCREMENT for table `deity_inkind_offered`
--
ALTER TABLE `deity_inkind_offered`
  MODIFY `IKO_ID` int(11) NOT NULL AUTO_INCREMENT;

--
-- AUTO_INCREMENT for table `deity_print_history`
--
ALTER TABLE `deity_print_history`
  MODIFY `DPH_ID` bigint(20) NOT NULL AUTO_INCREMENT;

--
-- AUTO_INCREMENT for table `deity_receipt`
--
ALTER TABLE `deity_receipt`
  MODIFY `RECEIPT_ID` bigint(11) NOT NULL AUTO_INCREMENT;

--
-- AUTO_INCREMENT for table `deity_receipt_category`
--
ALTER TABLE `deity_receipt_category`
  MODIFY `RECEIPT_CATEGORY_ID` int(11) NOT NULL AUTO_INCREMENT, AUTO_INCREMENT=11;

--
-- AUTO_INCREMENT for table `deity_receipt_counter`
--
ALTER TABLE `deity_receipt_counter`
  MODIFY `RECEIPT_COUNTER_ID` int(11) NOT NULL AUTO_INCREMENT, AUTO_INCREMENT=9;

--
-- AUTO_INCREMENT for table `deity_seva`
--
ALTER TABLE `deity_seva`
  MODIFY `SEVA_ID` int(11) NOT NULL AUTO_INCREMENT;

--
-- AUTO_INCREMENT for table `deity_seva_offered`
--
ALTER TABLE `deity_seva_offered`
  MODIFY `SO_ID` bigint(20) NOT NULL AUTO_INCREMENT;

--
-- AUTO_INCREMENT for table `deity_seva_price`
--
ALTER TABLE `deity_seva_price`
  MODIFY `SEVA_PRICE_ID` int(11) NOT NULL AUTO_INCREMENT;

--
-- AUTO_INCREMENT for table `deity_shashwath_seva_generation`
--
ALTER TABLE `deity_shashwath_seva_generation`
  MODIFY `DSSG_ID` bigint(20) NOT NULL AUTO_INCREMENT;

--
-- AUTO_INCREMENT for table `deity_user_collection`
--
ALTER TABLE `deity_user_collection`
  MODIFY `DUC_ID` int(11) NOT NULL AUTO_INCREMENT;

--
-- AUTO_INCREMENT for table `deity_user_collection_history`
--
ALTER TABLE `deity_user_collection_history`
  MODIFY `DUCH_ID` bigint(11) NOT NULL AUTO_INCREMENT;

--
-- AUTO_INCREMENT for table `eod_time_setting`
--
ALTER TABLE `eod_time_setting`
  MODIFY `TIME_ID` bigint(20) NOT NULL AUTO_INCREMENT, AUTO_INCREMENT=3;

--
-- AUTO_INCREMENT for table `event`
--
ALTER TABLE `event`
  MODIFY `ET_ID` int(11) NOT NULL AUTO_INCREMENT;

--
-- AUTO_INCREMENT for table `event_bank`
--
ALTER TABLE `event_bank`
  MODIFY `BANK_ID` int(11) NOT NULL AUTO_INCREMENT;

--
-- AUTO_INCREMENT for table `event_eod_time_setting`
--
ALTER TABLE `event_eod_time_setting`
  MODIFY `TIME_ID` bigint(20) NOT NULL AUTO_INCREMENT;

--
-- AUTO_INCREMENT for table `event_history`
--
ALTER TABLE `event_history`
  MODIFY `EH_ID` bigint(255) NOT NULL AUTO_INCREMENT;

--
-- AUTO_INCREMENT for table `event_inkind_offered`
--
ALTER TABLE `event_inkind_offered`
  MODIFY `ET_IKO_ID` bigint(255) NOT NULL AUTO_INCREMENT;

--
-- AUTO_INCREMENT for table `event_print_history`
--
ALTER TABLE `event_print_history`
  MODIFY `EPH_ID` int(11) NOT NULL AUTO_INCREMENT;

--
-- AUTO_INCREMENT for table `event_receipt`
--
ALTER TABLE `event_receipt`
  MODIFY `ET_RECEIPT_ID` bigint(255) NOT NULL AUTO_INCREMENT;

--
-- AUTO_INCREMENT for table `event_receipt_category`
--
ALTER TABLE `event_receipt_category`
  MODIFY `ET_RECEIPT_CATEGORY_ID` int(11) NOT NULL AUTO_INCREMENT, AUTO_INCREMENT=5;

--
-- AUTO_INCREMENT for table `event_receipt_counter`
--
ALTER TABLE `event_receipt_counter`
  MODIFY `ET_RECEIPT_COUNTER_ID` bigint(255) NOT NULL AUTO_INCREMENT, AUTO_INCREMENT=15;

--
-- AUTO_INCREMENT for table `event_seva`
--
ALTER TABLE `event_seva`
  MODIFY `ET_SEVA_ID` bigint(255) NOT NULL AUTO_INCREMENT;

--
-- AUTO_INCREMENT for table `event_seva_change`
--
ALTER TABLE `event_seva_change`
  MODIFY `ET_SEVA_CHANGE_ID` int(11) NOT NULL AUTO_INCREMENT;

--
-- AUTO_INCREMENT for table `event_seva_limit`
--
ALTER TABLE `event_seva_limit`
  MODIFY `ET_SL_ID` bigint(255) NOT NULL AUTO_INCREMENT;

--
-- AUTO_INCREMENT for table `event_seva_offered`
--
ALTER TABLE `event_seva_offered`
  MODIFY `ET_SO_ID` bigint(255) NOT NULL AUTO_INCREMENT;

--
-- AUTO_INCREMENT for table `event_seva_price`
--
ALTER TABLE `event_seva_price`
  MODIFY `ET_SEVA_PRICE_ID` bigint(255) NOT NULL AUTO_INCREMENT;

--
-- AUTO_INCREMENT for table `event_user_collection`
--
ALTER TABLE `event_user_collection`
  MODIFY `EUC_ID` int(11) NOT NULL AUTO_INCREMENT;

--
-- AUTO_INCREMENT for table `event_user_collection_history`
--
ALTER TABLE `event_user_collection_history`
  MODIFY `EUCH_ID` bigint(11) NOT NULL AUTO_INCREMENT;

--
-- AUTO_INCREMENT for table `finacial_group_ledger_heads`
--
ALTER TABLE `finacial_group_ledger_heads`
  MODIFY `FGLH_ID` int(255) NOT NULL AUTO_INCREMENT, AUTO_INCREMENT=564;

--
-- AUTO_INCREMENT for table `finacial_group_ledger_heads_old`
--
ALTER TABLE `finacial_group_ledger_heads_old`
  MODIFY `FGLH_ID` int(255) NOT NULL AUTO_INCREMENT, AUTO_INCREMENT=37;

--
-- AUTO_INCREMENT for table `finance_cheque_book_details`
--
ALTER TABLE `finance_cheque_book_details`
  MODIFY `FCBD_ID` int(11) NOT NULL AUTO_INCREMENT;

--
-- AUTO_INCREMENT for table `finance_cheque_detail`
--
ALTER TABLE `finance_cheque_detail`
  MODIFY `FCD_ID` int(12) NOT NULL AUTO_INCREMENT;

--
-- AUTO_INCREMENT for table `finance_committee`
--
ALTER TABLE `finance_committee`
  MODIFY `COMP_ID` int(255) NOT NULL AUTO_INCREMENT;

--
-- AUTO_INCREMENT for table `finance_prerequisites`
--
ALTER TABLE `finance_prerequisites`
  MODIFY `FP_ID` int(11) NOT NULL AUTO_INCREMENT;

--
-- AUTO_INCREMENT for table `finance_voucher_counter`
--
ALTER TABLE `finance_voucher_counter`
  MODIFY `FVC_ID` int(11) NOT NULL AUTO_INCREMENT, AUTO_INCREMENT=6;

--
-- AUTO_INCREMENT for table `financial_head`
--
ALTER TABLE `financial_head`
  MODIFY `FH_ID` int(11) NOT NULL AUTO_INCREMENT;

--
-- AUTO_INCREMENT for table `financial_head_counter`
--
ALTER TABLE `financial_head_counter`
  MODIFY `HEAD_COUNTER_ID` int(11) NOT NULL AUTO_INCREMENT, AUTO_INCREMENT=2;

--
-- AUTO_INCREMENT for table `financial_ledger_transcations`
--
ALTER TABLE `financial_ledger_transcations`
  MODIFY `FLT_ID` int(255) NOT NULL AUTO_INCREMENT;

--
-- AUTO_INCREMENT for table `finnancial_heads_history`
--
ALTER TABLE `finnancial_heads_history`
  MODIFY `FHH_ID` int(255) NOT NULL AUTO_INCREMENT;

--
-- AUTO_INCREMENT for table `function`
--
ALTER TABLE `function`
  MODIFY `FN_ID` bigint(255) NOT NULL AUTO_INCREMENT, AUTO_INCREMENT=8;

--
-- AUTO_INCREMENT for table `group_menu`
--
ALTER TABLE `group_menu`
  MODIFY `GM_ID` bigint(255) NOT NULL AUTO_INCREMENT, AUTO_INCREMENT=324;

--
-- AUTO_INCREMENT for table `group_menu_history`
--
ALTER TABLE `group_menu_history`
  MODIFY `GMH_ID` int(11) NOT NULL AUTO_INCREMENT;

--
-- AUTO_INCREMENT for table `group_rights`
--
ALTER TABLE `group_rights`
  MODIFY `GR_ID` bigint(255) NOT NULL AUTO_INCREMENT, AUTO_INCREMENT=62;

--
-- AUTO_INCREMENT for table `group_trust_menu`
--
ALTER TABLE `group_trust_menu`
  MODIFY `GTM_ID` bigint(255) NOT NULL AUTO_INCREMENT, AUTO_INCREMENT=247;

--
-- AUTO_INCREMENT for table `group_trust_menu_history`
--
ALTER TABLE `group_trust_menu_history`
  MODIFY `GTMH_ID` int(11) NOT NULL AUTO_INCREMENT, AUTO_INCREMENT=885;

--
-- AUTO_INCREMENT for table `group_trust_rights`
--
ALTER TABLE `group_trust_rights`
  MODIFY `GTR_ID` bigint(225) NOT NULL AUTO_INCREMENT, AUTO_INCREMENT=25;

--
-- AUTO_INCREMENT for table `hall`
--
ALTER TABLE `hall`
  MODIFY `HALL_ID` int(11) NOT NULL AUTO_INCREMENT;

--
-- AUTO_INCREMENT for table `hall_financial_head`
--
ALTER TABLE `hall_financial_head`
  MODIFY `HFH_ID` int(11) NOT NULL AUTO_INCREMENT, AUTO_INCREMENT=4;

--
-- AUTO_INCREMENT for table `inkind_items`
--
ALTER TABLE `inkind_items`
  MODIFY `INKIND_ITEM_ID` bigint(255) NOT NULL AUTO_INCREMENT, AUTO_INCREMENT=19;

--
-- AUTO_INCREMENT for table `kanike_setting`
--
ALTER TABLE `kanike_setting`
  MODIFY `KS_ID` int(11) NOT NULL AUTO_INCREMENT, AUTO_INCREMENT=14;

--
-- AUTO_INCREMENT for table `masa`
--
ALTER TABLE `masa`
  MODIFY `MASA_ID` int(11) NOT NULL AUTO_INCREMENT, AUTO_INCREMENT=15;

--
-- AUTO_INCREMENT for table `nakshatra`
--
ALTER TABLE `nakshatra`
  MODIFY `NAKSHATRA_ID` int(11) NOT NULL AUTO_INCREMENT, AUTO_INCREMENT=28;

--
-- AUTO_INCREMENT for table `pages`
--
ALTER TABLE `pages`
  MODIFY `P_ID` int(11) NOT NULL AUTO_INCREMENT, AUTO_INCREMENT=96;

--
-- AUTO_INCREMENT for table `postage`
--
ALTER TABLE `postage`
  MODIFY `POSTAGE_ID` int(11) NOT NULL AUTO_INCREMENT;

--
-- AUTO_INCREMENT for table `postage_group`
--
ALTER TABLE `postage_group`
  MODIFY `PG_ID` int(11) NOT NULL AUTO_INCREMENT, AUTO_INCREMENT=2;

--
-- AUTO_INCREMENT for table `rashi`
--
ALTER TABLE `rashi`
  MODIFY `RASHI_ID` int(11) NOT NULL AUTO_INCREMENT, AUTO_INCREMENT=13;

--
-- AUTO_INCREMENT for table `rashi_nakshatra_group`
--
ALTER TABLE `rashi_nakshatra_group`
  MODIFY `RNG_ID` int(11) NOT NULL AUTO_INCREMENT, AUTO_INCREMENT=37;

--
-- AUTO_INCREMENT for table `samvatsara`
--
ALTER TABLE `samvatsara`
  MODIFY `SAM_ID` int(11) NOT NULL AUTO_INCREMENT, AUTO_INCREMENT=61;

--
-- AUTO_INCREMENT for table `seva_booking`
--
ALTER TABLE `seva_booking`
  MODIFY `SB_ID` int(11) NOT NULL AUTO_INCREMENT;

--
-- AUTO_INCREMENT for table `seva_limit`
--
ALTER TABLE `seva_limit`
  MODIFY `SL_ID` int(11) NOT NULL AUTO_INCREMENT;

--
-- AUTO_INCREMENT for table `shashwath_festival_setting`
--
ALTER TABLE `shashwath_festival_setting`
  MODIFY `SFS_ID` int(255) NOT NULL AUTO_INCREMENT, AUTO_INCREMENT=6;

--
-- AUTO_INCREMENT for table `shashwath_loss_paid`
--
ALTER TABLE `shashwath_loss_paid`
  MODIFY `SLP_ID` bigint(255) NOT NULL AUTO_INCREMENT;

--
-- AUTO_INCREMENT for table `shashwath_mandali_member_details`
--
ALTER TABLE `shashwath_mandali_member_details`
  MODIFY `MM_ID` int(11) NOT NULL AUTO_INCREMENT;

--
-- AUTO_INCREMENT for table `shashwath_members`
--
ALTER TABLE `shashwath_members`
  MODIFY `SM_ID` bigint(255) NOT NULL AUTO_INCREMENT;

--
-- AUTO_INCREMENT for table `shashwath_member_delete_history`
--
ALTER TABLE `shashwath_member_delete_history`
  MODIFY `SMDH_ID` int(11) NOT NULL AUTO_INCREMENT;

--
-- AUTO_INCREMENT for table `shashwath_member_import`
--
ALTER TABLE `shashwath_member_import`
  MODIFY `sm_id` bigint(20) NOT NULL AUTO_INCREMENT;

--
-- AUTO_INCREMENT for table `shashwath_member_seva_reference`
--
ALTER TABLE `shashwath_member_seva_reference`
  MODIFY `SMR_ID` bigint(32) NOT NULL AUTO_INCREMENT, AUTO_INCREMENT=2;

--
-- AUTO_INCREMENT for table `shashwath_period_setting`
--
ALTER TABLE `shashwath_period_setting`
  MODIFY `SP_ID` int(11) NOT NULL AUTO_INCREMENT, AUTO_INCREMENT=4;

--
-- AUTO_INCREMENT for table `shashwath_seva`
--
ALTER TABLE `shashwath_seva`
  MODIFY `SS_ID` bigint(255) NOT NULL AUTO_INCREMENT;

--
-- AUTO_INCREMENT for table `shashwath_seva_delete_history`
--
ALTER TABLE `shashwath_seva_delete_history`
  MODIFY `SSDH_ID` int(11) NOT NULL AUTO_INCREMENT;

--
-- AUTO_INCREMENT for table `thithi`
--
ALTER TABLE `thithi`
  MODIFY `THITHI_ID` int(11) NOT NULL AUTO_INCREMENT, AUTO_INCREMENT=31;

--
-- AUTO_INCREMENT for table `time_setting`
--
ALTER TABLE `time_setting`
  MODIFY `TIME_ID` bigint(255) NOT NULL AUTO_INCREMENT, AUTO_INCREMENT=9;

--
-- AUTO_INCREMENT for table `trust_auction_item`
--
ALTER TABLE `trust_auction_item`
  MODIFY `AI_ID` bigint(20) NOT NULL AUTO_INCREMENT;

--
-- AUTO_INCREMENT for table `trust_auction_item_bid_range`
--
ALTER TABLE `trust_auction_item_bid_range`
  MODIFY `IBR_ID` bigint(20) NOT NULL AUTO_INCREMENT;

--
-- AUTO_INCREMENT for table `trust_auction_item_category`
--
ALTER TABLE `trust_auction_item_category`
  MODIFY `AIC_ID` bigint(255) NOT NULL AUTO_INCREMENT, AUTO_INCREMENT=5;

--
-- AUTO_INCREMENT for table `trust_auction_item_default_bid`
--
ALTER TABLE `trust_auction_item_default_bid`
  MODIFY `IDB_ID` bigint(255) NOT NULL AUTO_INCREMENT;

--
-- AUTO_INCREMENT for table `trust_auction_item_list`
--
ALTER TABLE `trust_auction_item_list`
  MODIFY `AIL_ID` bigint(255) NOT NULL AUTO_INCREMENT;

--
-- AUTO_INCREMENT for table `trust_auction_receipt`
--
ALTER TABLE `trust_auction_receipt`
  MODIFY `AR_ID` bigint(255) NOT NULL AUTO_INCREMENT;

--
-- AUTO_INCREMENT for table `trust_bank`
--
ALTER TABLE `trust_bank`
  MODIFY `BANK_ID` int(11) NOT NULL AUTO_INCREMENT;

--
-- AUTO_INCREMENT for table `trust_bank_ledger_allocation`
--
ALTER TABLE `trust_bank_ledger_allocation`
  MODIFY `T_BLA_ID` int(11) NOT NULL AUTO_INCREMENT;

--
-- AUTO_INCREMENT for table `trust_bid_item_list`
--
ALTER TABLE `trust_bid_item_list`
  MODIFY `BIL_ID` bigint(255) NOT NULL AUTO_INCREMENT;

--
-- AUTO_INCREMENT for table `trust_bid_reference_counter`
--
ALTER TABLE `trust_bid_reference_counter`
  MODIFY `BRC_ID` int(11) NOT NULL AUTO_INCREMENT, AUTO_INCREMENT=2;

--
-- AUTO_INCREMENT for table `trust_block_date_time`
--
ALTER TABLE `trust_block_date_time`
  MODIFY `TBDT_ID` bigint(11) NOT NULL AUTO_INCREMENT;

--
-- AUTO_INCREMENT for table `trust_booking_counter`
--
ALTER TABLE `trust_booking_counter`
  MODIFY `COUNTER_ID` int(11) NOT NULL AUTO_INCREMENT, AUTO_INCREMENT=2;

--
-- AUTO_INCREMENT for table `trust_deity_user_collection_history`
--
ALTER TABLE `trust_deity_user_collection_history`
  MODIFY `TDUCH_ID` bigint(11) NOT NULL AUTO_INCREMENT;

--
-- AUTO_INCREMENT for table `trust_eod_time_setting`
--
ALTER TABLE `trust_eod_time_setting`
  MODIFY `TIME_ID` bigint(20) NOT NULL AUTO_INCREMENT, AUTO_INCREMENT=2;

--
-- AUTO_INCREMENT for table `trust_event`
--
ALTER TABLE `trust_event`
  MODIFY `TET_ID` int(11) NOT NULL AUTO_INCREMENT;

--
-- AUTO_INCREMENT for table `trust_event_bank`
--
ALTER TABLE `trust_event_bank`
  MODIFY `BANK_ID` int(11) NOT NULL AUTO_INCREMENT;

--
-- AUTO_INCREMENT for table `trust_event_eod_time_setting`
--
ALTER TABLE `trust_event_eod_time_setting`
  MODIFY `TIME_ID` bigint(20) NOT NULL AUTO_INCREMENT, AUTO_INCREMENT=2;

--
-- AUTO_INCREMENT for table `trust_event_history`
--
ALTER TABLE `trust_event_history`
  MODIFY `TEH_ID` bigint(255) NOT NULL AUTO_INCREMENT;

--
-- AUTO_INCREMENT for table `trust_event_inkind_offered`
--
ALTER TABLE `trust_event_inkind_offered`
  MODIFY `TET_IKO_ID` bigint(255) NOT NULL AUTO_INCREMENT;

--
-- AUTO_INCREMENT for table `trust_event_print_history`
--
ALTER TABLE `trust_event_print_history`
  MODIFY `TEPH_ID` bigint(20) NOT NULL AUTO_INCREMENT;

--
-- AUTO_INCREMENT for table `trust_event_receipt`
--
ALTER TABLE `trust_event_receipt`
  MODIFY `TET_RECEIPT_ID` bigint(255) NOT NULL AUTO_INCREMENT;

--
-- AUTO_INCREMENT for table `trust_event_receipt_category`
--
ALTER TABLE `trust_event_receipt_category`
  MODIFY `TET_RECEIPT_CATEGORY_ID` int(11) NOT NULL AUTO_INCREMENT, AUTO_INCREMENT=5;

--
-- AUTO_INCREMENT for table `trust_event_receipt_counter`
--
ALTER TABLE `trust_event_receipt_counter`
  MODIFY `TET_RECEIPT_COUNTER_ID` bigint(255) NOT NULL AUTO_INCREMENT, AUTO_INCREMENT=20;

--
-- AUTO_INCREMENT for table `trust_event_seva`
--
ALTER TABLE `trust_event_seva`
  MODIFY `TET_SEVA_ID` bigint(255) NOT NULL AUTO_INCREMENT;

--
-- AUTO_INCREMENT for table `trust_event_seva_limit`
--
ALTER TABLE `trust_event_seva_limit`
  MODIFY `TET_SL_ID` bigint(255) NOT NULL AUTO_INCREMENT;

--
-- AUTO_INCREMENT for table `trust_event_seva_offered`
--
ALTER TABLE `trust_event_seva_offered`
  MODIFY `TET_SO_ID` bigint(255) NOT NULL AUTO_INCREMENT;

--
-- AUTO_INCREMENT for table `trust_event_seva_price`
--
ALTER TABLE `trust_event_seva_price`
  MODIFY `TET_SEVA_PRICE_ID` bigint(255) NOT NULL AUTO_INCREMENT;

--
-- AUTO_INCREMENT for table `trust_event_user_collection`
--
ALTER TABLE `trust_event_user_collection`
  MODIFY `TEUC_ID` int(11) NOT NULL AUTO_INCREMENT;

--
-- AUTO_INCREMENT for table `trust_event_user_collection_history`
--
ALTER TABLE `trust_event_user_collection_history`
  MODIFY `TEUCH_ID` bigint(11) NOT NULL AUTO_INCREMENT;

--
-- AUTO_INCREMENT for table `trust_finance_cheque_book_details`
--
ALTER TABLE `trust_finance_cheque_book_details`
  MODIFY `T_FCBD_ID` int(11) NOT NULL AUTO_INCREMENT;

--
-- AUTO_INCREMENT for table `trust_finance_cheque_detail`
--
ALTER TABLE `trust_finance_cheque_detail`
  MODIFY `T_FCD_ID` int(11) NOT NULL AUTO_INCREMENT;

--
-- AUTO_INCREMENT for table `trust_finance_committee`
--
ALTER TABLE `trust_finance_committee`
  MODIFY `T_COMP_ID` int(255) NOT NULL AUTO_INCREMENT;

--
-- AUTO_INCREMENT for table `trust_finance_prerequisites`
--
ALTER TABLE `trust_finance_prerequisites`
  MODIFY `T_FP_ID` int(11) NOT NULL AUTO_INCREMENT;

--
-- AUTO_INCREMENT for table `trust_finance_voucher_counter`
--
ALTER TABLE `trust_finance_voucher_counter`
  MODIFY `T_FVC_ID` int(11) NOT NULL AUTO_INCREMENT, AUTO_INCREMENT=6;

--
-- AUTO_INCREMENT for table `trust_financial_group_ledger_heads`
--
ALTER TABLE `trust_financial_group_ledger_heads`
  MODIFY `T_FGLH_ID` int(255) NOT NULL AUTO_INCREMENT, AUTO_INCREMENT=53;

--
-- AUTO_INCREMENT for table `trust_financial_ledger_transcations`
--
ALTER TABLE `trust_financial_ledger_transcations`
  MODIFY `T_FLT_ID` int(255) NOT NULL AUTO_INCREMENT;

--
-- AUTO_INCREMENT for table `trust_finnancial_heads_history`
--
ALTER TABLE `trust_finnancial_heads_history`
  MODIFY `T_FHH_ID` int(255) NOT NULL AUTO_INCREMENT;

--
-- AUTO_INCREMENT for table `trust_hall_booking`
--
ALTER TABLE `trust_hall_booking`
  MODIFY `HB_ID` bigint(10) NOT NULL AUTO_INCREMENT;

--
-- AUTO_INCREMENT for table `trust_hall_booking_list`
--
ALTER TABLE `trust_hall_booking_list`
  MODIFY `HBL_ID` bigint(10) NOT NULL AUTO_INCREMENT;

--
-- AUTO_INCREMENT for table `trust_inkind_items`
--
ALTER TABLE `trust_inkind_items`
  MODIFY `INKIND_ITEM_ID` bigint(255) NOT NULL AUTO_INCREMENT, AUTO_INCREMENT=11;

--
-- AUTO_INCREMENT for table `trust_inkind_offered`
--
ALTER TABLE `trust_inkind_offered`
  MODIFY `T_IKO_ID` bigint(255) NOT NULL AUTO_INCREMENT;

--
-- AUTO_INCREMENT for table `trust_menu`
--
ALTER TABLE `trust_menu`
  MODIFY `TM_ID` int(11) NOT NULL AUTO_INCREMENT, AUTO_INCREMENT=13;

--
-- AUTO_INCREMENT for table `trust_pages`
--
ALTER TABLE `trust_pages`
  MODIFY `TP_ID` int(11) NOT NULL AUTO_INCREMENT, AUTO_INCREMENT=79;

--
-- AUTO_INCREMENT for table `trust_receipt`
--
ALTER TABLE `trust_receipt`
  MODIFY `TR_ID` int(11) NOT NULL AUTO_INCREMENT;

--
-- AUTO_INCREMENT for table `trust_receipt_category`
--
ALTER TABLE `trust_receipt_category`
  MODIFY `T_RECEIPT_CATEGORY_ID` int(11) NOT NULL AUTO_INCREMENT, AUTO_INCREMENT=5;

--
-- AUTO_INCREMENT for table `trust_receipt_counter`
--
ALTER TABLE `trust_receipt_counter`
  MODIFY `T_RECEIPT_COUNTER_ID` bigint(255) NOT NULL AUTO_INCREMENT, AUTO_INCREMENT=5;

--
-- AUTO_INCREMENT for table `trust_user_collection`
--
ALTER TABLE `trust_user_collection`
  MODIFY `TUC_ID` int(11) NOT NULL AUTO_INCREMENT;

--
-- AUTO_INCREMENT for table `trust_user_collection_history`
--
ALTER TABLE `trust_user_collection_history`
  MODIFY `TUCH_ID` bigint(11) NOT NULL AUTO_INCREMENT;

--
-- AUTO_INCREMENT for table `users`
--
ALTER TABLE `users`
  MODIFY `USER_ID` bigint(255) NOT NULL AUTO_INCREMENT, AUTO_INCREMENT=43;

--
-- AUTO_INCREMENT for table `user_groups`
--
ALTER TABLE `user_groups`
  MODIFY `GROUP_ID` bigint(255) NOT NULL AUTO_INCREMENT, AUTO_INCREMENT=14;

--
-- AUTO_INCREMENT for table `user_logins`
--
ALTER TABLE `user_logins`
  MODIFY `LOGIN_ID` bigint(255) NOT NULL AUTO_INCREMENT, AUTO_INCREMENT=480;

--
-- AUTO_INCREMENT for table `user_menu`
--
ALTER TABLE `user_menu`
  MODIFY `M_ID` int(11) NOT NULL AUTO_INCREMENT, AUTO_INCREMENT=18;

--
-- AUTO_INCREMENT for table `user_rights`
--
ALTER TABLE `user_rights`
  MODIFY `R_ID` int(11) NOT NULL AUTO_INCREMENT, AUTO_INCREMENT=6;
COMMIT;

/*!40101 SET CHARACTER_SET_CLIENT=@OLD_CHARACTER_SET_CLIENT */;
/*!40101 SET CHARACTER_SET_RESULTS=@OLD_CHARACTER_SET_RESULTS */;
/*!40101 SET COLLATION_CONNECTION=@OLD_COLLATION_CONNECTION */;
